CustomerID,Country,last_purchase,frequency,monetary,recency,R,F,M,RFM_Score,rfm_segment
12346,United Kingdom,2011-01-18 10:01:00,1,77183.6,346,1,1,5,7,Hibernating
12347,Iceland,2011-12-07 15:52:00,7,4310.0,23,5,5,5,15,Champions
12348,Finland,2011-09-25 13:13:00,4,1797.24,96,2,4,4,10,At Risk
12349,Italy,2011-11-21 09:51:00,1,1757.55,39,4,1,4,9,New Customers
12350,Norway,2011-02-02 16:01:00,1,334.4,331,1,1,2,4,Hibernating
12352,Norway,2011-11-03 14:37:00,8,2506.04,57,3,5,5,13,Loyal Customers
12353,Bahrain,2011-05-19 17:47:00,1,89.0,225,1,1,1,3,Hibernating
12354,Spain,2011-04-21 13:11:00,1,1079.4,253,1,1,4,6,Hibernating
12355,Bahrain,2011-05-09 13:49:00,1,459.4,235,1,1,2,4,Hibernating
12356,Portugal,2011-11-17 08:40:00,3,2811.43,43,4,3,5,12,Loyal Customers
12357,Switzerland,2011-11-06 16:07:00,1,6207.67,54,3,1,5,9,Potential Loyalists
12358,Austria,2011-12-08 10:26:00,2,1168.06,22,5,2,4,11,New Customers
12359,Cyprus,2011-10-13 12:47:00,4,6372.58,78,3,4,5,12,Loyal Customers
12360,Austria,2011-10-18 15:22:00,3,2662.06,73,3,3,5,11,Loyal Customers
12361,Belgium,2011-02-25 13:51:00,1,189.9,308,1,1,1,3,Hibernating
12362,Belgium,2011-12-06 15:40:00,10,5226.23,24,5,5,5,15,Champions
12363,Unspecified,2011-08-22 10:18:00,2,552.0,130,2,2,3,7,Hibernating
12364,Belgium,2011-12-02 10:22:00,4,1313.1,28,5,4,4,13,Champions
12365,Cyprus,2011-02-21 14:04:00,2,641.38,312,1,2,3,6,Hibernating
12367,Denmark,2011-12-05 16:48:00,1,168.9,25,5,1,1,7,New Customers
12370,Cyprus,2011-10-19 14:51:00,4,3545.69,72,3,4,5,12,Loyal Customers
12371,Switzerland,2011-10-26 10:16:00,2,1887.96,65,3,2,4,9,Potential Loyalists
12372,Denmark,2011-09-29 12:12:00,3,1298.04,92,3,3,4,10,Loyal Customers
12373,Austria,2011-02-01 13:10:00,1,364.6,332,1,1,2,4,Hibernating
12374,Austria,2011-11-14 15:37:00,1,742.93,46,4,1,3,8,New Customers
12375,Finland,2011-11-29 10:36:00,2,457.5,31,5,2,2,9,New Customers
12377,Switzerland,2011-01-28 15:45:00,2,1628.12,336,1,2,4,7,Hibernating
12378,Switzerland,2011-08-02 10:34:00,1,4008.62,150,2,1,5,8,Hibernating
12379,Belgium,2011-09-19 10:09:00,2,852.24,102,2,2,3,7,Hibernating
12380,Belgium,2011-11-18 11:27:00,4,2724.81,42,4,4,5,13,Champions
12381,Norway,2011-12-05 12:44:00,5,1845.31,25,5,4,4,13,Champions
12383,Belgium,2011-06-08 08:02:00,5,1850.56,205,1,4,4,9,At Risk
12384,Switzerland,2011-11-11 08:39:00,2,585.27,49,4,2,3,9,New Customers
12386,Australia,2011-01-06 12:37:00,2,401.9,358,1,2,2,5,Hibernating
12388,Australia,2011-11-24 12:30:00,6,2780.66,36,4,4,5,13,Champions
12390,Belgium,2011-09-21 09:33:00,1,549.84,100,2,1,3,6,Hibernating
12391,Cyprus,2011-11-18 12:07:00,1,460.89,42,4,1,2,7,New Customers
12393,Australia,2011-09-28 15:41:00,4,1582.6,93,2,4,4,10,At Risk
12394,Denmark,2011-10-07 08:08:00,2,1272.48,84,3,2,4,9,Potential Loyalists
12395,Belgium,2011-11-20 15:21:00,12,3018.63,40,4,5,5,14,Champions
12397,Belgium,2011-11-04 09:52:00,2,2409.9,56,3,2,5,10,Potential Loyalists
12398,Switzerland,2011-10-25 10:27:00,1,1635.66,66,3,1,4,8,Potential Loyalists
12399,Belgium,2011-08-12 13:15:00,4,1108.65,140,2,4,4,10,At Risk
12401,Belgium,2011-02-09 13:50:00,1,84.3,324,1,1,1,3,Hibernating
12402,Belgium,2011-01-20 13:49:00,1,225.6,344,1,1,1,3,Hibernating
12403,Denmark,2011-10-21 10:51:00,1,427.7,70,3,1,2,6,Needs Attention
12405,Finland,2011-07-14 08:52:00,1,1710.39,169,2,1,4,7,Hibernating
12406,Denmark,2011-11-17 19:22:00,2,3415.3,43,4,2,5,11,New Customers
12407,Belgium,2011-10-21 10:11:00,5,1708.12,70,3,4,4,11,Loyal Customers
12408,Belgium,2011-11-07 12:27:00,5,2888.55,53,4,4,5,13,Champions
12409,Switzerland,2011-09-22 10:38:00,3,11072.67,99,2,3,5,10,At Risk
12410,Switzerland,2011-02-04 10:39:00,2,693.33,329,1,2,3,6,Hibernating
12412,Denmark,2011-09-26 10:16:00,3,1226.88,95,2,3,4,9,At Risk
12413,France,2011-10-04 09:00:00,3,758.1,87,3,3,3,9,Loyal Customers
12414,Austria,2011-05-06 14:51:00,3,562.41,238,1,3,3,7,At Risk
12415,Australia,2011-11-15 14:22:00,21,124914.53,45,4,5,5,14,Champions
12417,Belgium,2011-12-06 14:52:00,9,3649.1,24,5,5,5,15,Champions
12418,Switzerland,2011-08-19 11:08:00,1,668.58,133,2,1,3,6,Hibernating
12420,Cyprus,2011-10-07 08:55:00,1,600.39,84,3,1,3,7,Potential Loyalists
12421,Spain,2011-11-24 09:07:00,4,807.04,36,4,4,3,11,Loyal Customers
12422,Australia,2011-09-05 09:48:00,3,803.56,116,2,3,3,8,At Risk
12423,Belgium,2011-12-09 10:10:00,8,1859.31,21,5,5,4,14,Champions
12424,Australia,2011-06-30 12:06:00,2,1760.96,183,2,2,4,8,Hibernating
12425,Portugal,2011-09-22 17:31:00,1,777.2,99,2,1,3,6,Hibernating
12426,Germany,2011-05-29 12:26:00,1,582.73,215,1,1,3,5,Hibernating
12427,Germany,2011-11-18 08:56:00,3,825.8,42,4,3,3,10,Loyal Customers
12428,Finland,2011-11-14 08:22:00,9,7956.46,46,4,5,5,14,Champions
12429,Denmark,2011-11-30 17:22:00,4,3750.4,30,5,4,5,14,Champions
12430,Norway,2011-10-27 15:09:00,1,256.4,64,3,1,2,6,Needs Attention
12431,Australia,2011-11-04 11:55:00,15,6487.45,56,3,5,5,13,Loyal Customers
12432,Norway,2011-10-28 11:43:00,5,5059.32,63,3,4,5,12,Loyal Customers
12433,Norway,2011-12-09 10:02:00,7,13375.87,21,5,5,5,15,Champions
12434,Australia,2011-09-16 12:38:00,2,806.14,105,2,2,3,7,Hibernating
12435,Denmark,2011-09-21 09:06:00,2,7829.89,100,2,2,5,9,Hibernating
12436,Norway,2011-09-01 12:09:00,1,509.01,120,2,1,3,6,Hibernating
12437,France,2011-12-08 11:35:00,18,4951.41,22,5,5,5,15,Champions
12438,Norway,2011-11-25 13:28:00,2,2906.85,35,4,2,5,11,New Customers
12441,France,2010-12-08 10:45:00,1,173.55,387,1,1,1,3,Hibernating
12442,Spain,2011-12-06 14:22:00,1,172.06,24,5,1,1,7,New Customers
12444,Norway,2011-11-18 13:23:00,5,5005.46,42,4,4,5,13,Champions
12445,Spain,2011-11-17 18:43:00,1,133.4,43,4,1,1,6,New Customers
12446,RSA,2011-10-13 12:50:00,1,1002.31,78,3,1,4,8,Potential Loyalists
12447,Belgium,2011-04-10 13:25:00,1,476.49,264,1,1,2,4,Hibernating
12448,Spain,2011-10-26 13:46:00,1,449.45,65,3,1,2,6,Needs Attention
12449,Belgium,2011-11-17 13:46:00,4,4067.29,43,4,4,5,13,Champions
12450,Spain,2011-07-06 14:41:00,2,197.88,177,2,2,1,5,Hibernating
12451,Switzerland,2011-11-29 08:40:00,5,9035.52,31,5,4,5,14,Champions
12452,Switzerland,2011-11-23 10:28:00,2,430.57,37,4,2,2,8,New Customers
12453,Austria,2011-07-28 14:08:00,1,707.09,155,2,1,3,6,Hibernating
12454,Spain,2011-10-14 17:13:00,1,3528.34,77,3,1,5,9,Potential Loyalists
12455,Spain,2011-09-27 15:31:00,6,2466.86,94,2,4,5,11,At Risk
12456,Switzerland,2011-10-26 14:41:00,3,3181.04,65,3,3,5,11,Loyal Customers
12457,Cyprus,2011-10-04 13:13:00,7,2363.23,87,3,5,5,13,Loyal Customers
12458,Switzerland,2011-09-29 15:25:00,2,947.4,92,3,2,4,9,Potential Loyalists
12461,Switzerland,2011-09-06 16:57:00,2,826.88,115,2,2,3,7,Hibernating
12462,Spain,2011-11-21 09:11:00,2,1189.59,39,4,2,4,10,New Customers
12463,Belgium,2011-10-17 13:44:00,4,1344.78,74,3,4,4,11,Loyal Customers
12464,Belgium,2011-11-29 13:33:00,8,1212.05,31,5,5,4,14,Champions
12465,Belgium,2011-11-22 16:34:00,2,742.19,38,4,2,3,9,New Customers
12468,Germany,2011-06-05 11:36:00,2,729.54,208,1,2,3,6,Hibernating
12471,Germany,2011-12-07 15:43:00,30,19824.05,23,5,5,5,15,Champions
12472,Germany,2011-11-07 14:01:00,7,6572.11,53,4,5,5,14,Champions
12473,Germany,2011-11-10 13:46:00,5,3938.55,50,4,4,5,13,Champions
12474,Germany,2011-11-22 14:39:00,18,7375.79,38,4,5,5,14,Champions
12475,Germany,2011-10-17 10:10:00,1,723.38,74,3,1,3,7,Potential Loyalists
12476,Germany,2011-11-24 12:40:00,11,6816.42,36,4,5,5,14,Champions
12477,Germany,2011-11-17 09:51:00,6,13219.74,43,4,4,5,13,Champions
12478,Greece,2011-12-06 09:56:00,1,680.99,24,5,1,3,9,New Customers
12479,Germany,2011-11-28 13:26:00,1,527.2,32,5,1,3,9,New Customers
12480,Germany,2011-11-11 14:52:00,4,3281.63,49,4,4,5,13,Champions
12481,Germany,2011-11-17 08:29:00,10,5596.32,43,4,5,5,14,Champions
12483,Sweden,2011-11-22 17:02:00,8,2484.98,38,4,5,5,14,Champions
12484,Spain,2011-11-07 11:37:00,6,4541.72,53,4,4,5,13,Champions
12488,France,2011-11-30 08:50:00,3,1298.66,30,5,3,4,12,Loyal Customers
12489,France,2011-01-07 13:13:00,1,334.93,357,1,1,2,4,Hibernating
12490,France,2011-12-04 16:07:00,10,5417.93,26,5,5,5,15,Champions
12491,France,2011-11-01 12:18:00,1,460.4,59,3,1,2,6,Needs Attention
12492,Germany,2011-10-07 15:15:00,2,263.21,84,3,2,2,7,Needs Attention
12493,France,2011-06-27 10:17:00,2,433.74,186,2,2,2,6,Hibernating
12494,France,2011-11-24 09:34:00,7,1246.1,36,4,5,4,13,Champions
12497,Germany,2011-09-19 12:29:00,1,1043.1,102,2,1,4,7,Hibernating
12498,Germany,2011-11-18 12:53:00,3,403.7,42,4,3,2,9,Loyal Customers
12500,Germany,2011-11-16 16:20:00,11,4257.82,44,4,5,5,14,Champions
12501,Germany,2011-01-07 12:28:00,1,2169.39,357,1,1,5,7,Hibernating
12502,Spain,2011-09-05 11:52:00,5,3723.87,116,2,4,5,11,At Risk
12504,Germany,2011-11-21 16:02:00,2,482.05,39,4,2,2,8,New Customers
12506,France,2011-04-21 08:54:00,1,73.5,253,1,1,1,3,Hibernating
12507,Spain,2011-07-28 17:09:00,3,1304.81,155,2,3,4,9,At Risk
12508,France,2011-11-13 15:37:00,2,398.27,47,4,2,2,8,New Customers
12509,France,2011-02-28 14:45:00,1,176.5,305,1,1,1,3,Hibernating
12510,Spain,2011-07-20 10:15:00,2,982.57,163,2,2,4,8,Hibernating
12512,Israel,2011-10-04 14:55:00,2,138.03,87,3,2,1,6,Needs Attention
12513,France,2011-08-19 10:51:00,1,612.29,133,2,1,3,6,Hibernating
12514,Italy,2011-03-17 16:38:00,1,1017.68,288,1,1,4,6,Hibernating
12515,Italy,2010-12-21 15:43:00,1,383.7,374,1,1,2,4,Hibernating
12516,Germany,2011-09-23 09:13:00,2,1312.06,98,2,2,4,8,Hibernating
12517,Germany,2011-11-11 14:04:00,5,2502.84,49,4,4,5,13,Champions
12518,Germany,2011-12-09 10:13:00,5,2056.89,21,5,4,4,13,Champions
12519,Germany,2011-10-07 09:26:00,1,340.84,84,3,1,2,6,Needs Attention
12520,Germany,2011-09-21 15:23:00,5,2634.26,100,2,4,5,11,At Risk
12521,Germany,2011-07-20 10:51:00,1,599.68,163,2,1,3,6,Hibernating
12522,Germany,2011-10-31 15:30:00,2,192.72,60,3,2,1,6,Needs Attention
12523,France,2011-11-20 12:55:00,11,1789.77,40,4,5,4,13,Champions
12524,Germany,2011-11-30 15:31:00,8,4485.72,30,5,5,5,15,Champions
12526,Germany,2011-12-09 12:09:00,3,1316.66,21,5,3,4,12,Loyal Customers
12527,Germany,2011-09-19 11:55:00,3,348.71,102,2,3,2,7,At Risk
12528,Germany,2011-11-30 14:40:00,6,1933.48,30,5,5,4,14,Champions
12530,Germany,2011-10-11 12:34:00,4,1662.28,80,3,4,4,11,Loyal Customers
12531,Germany,2011-11-25 11:12:00,1,125.22,35,4,1,1,6,New Customers
12532,France,2011-11-09 13:47:00,1,349.83,51,4,1,2,7,New Customers
12534,Germany,2011-08-01 10:26:00,1,1089.18,151,2,1,4,7,Hibernating
12535,France,2011-09-09 08:48:00,2,716.35,112,2,2,3,7,Hibernating
12536,France,2011-10-27 14:20:00,3,12601.83,64,3,3,5,11,Loyal Customers
12538,Spain,2011-11-10 17:16:00,1,363.95,50,4,1,2,7,New Customers
12539,Spain,2011-11-17 13:30:00,4,5568.35,43,4,4,5,13,Champions
12540,Spain,2011-11-20 11:31:00,17,13400.24,40,4,5,5,14,Champions
12541,Spain,2011-11-10 10:40:00,3,981.18,50,4,3,4,11,Loyal Customers
12544,Spain,2011-11-03 16:15:00,1,372.7,57,3,1,2,6,Needs Attention
12545,Spain,2011-09-25 13:39:00,2,1000.39,96,2,2,4,8,Hibernating
12546,Spain,2011-10-24 12:09:00,2,1161.5,67,3,2,4,9,Potential Loyalists
12547,Spain,2011-05-26 12:38:00,2,207.8,218,1,2,1,4,Hibernating
12548,Spain,2011-06-26 15:35:00,1,95.2,187,2,1,1,4,Hibernating
12550,Spain,2011-09-21 14:35:00,1,964.83,100,2,1,4,7,Hibernating
12551,Spain,2010-12-17 11:23:00,1,168.0,378,1,1,1,3,Hibernating
12552,Italy,2011-11-01 10:02:00,2,437.82,59,3,2,2,7,Needs Attention
12553,France,2011-12-01 16:38:00,10,3692.28,29,5,5,5,15,Champions
12556,Spain,2011-10-20 13:06:00,2,603.71,71,3,2,3,8,Potential Loyalists
12557,Spain,2011-11-23 16:59:00,5,11990.96,37,4,4,5,13,Champions
12558,USA,2011-12-02 10:41:00,1,269.96,28,5,1,2,8,New Customers
12559,Germany,2011-02-02 09:49:00,2,561.71,331,1,2,3,6,Hibernating
12560,Germany,2011-12-04 13:54:00,3,2134.01,26,5,3,5,13,Loyal Customers
12561,Germany,2011-02-10 11:39:00,1,238.85,323,1,1,1,3,Hibernating
12562,France,2011-12-01 17:20:00,7,3781.74,29,5,5,5,15,Champions
12564,France,2011-03-23 14:55:00,1,456.9,282,1,1,2,4,Hibernating
12565,Saudi Arabia,2011-02-24 10:34:00,1,145.92,309,1,1,1,3,Hibernating
12566,Germany,2011-09-14 14:30:00,1,351.65,107,2,1,2,5,Hibernating
12567,France,2011-11-17 11:02:00,10,9401.28,43,4,5,5,14,Champions
12569,Germany,2011-12-07 16:24:00,32,4124.69,23,5,5,5,15,Champions
12571,France,2011-10-31 10:19:00,2,519.61,60,3,2,3,8,Potential Loyalists
12572,Germany,2011-12-01 09:20:00,2,1020.42,29,5,2,4,11,New Customers
12573,France,2011-04-26 15:52:00,1,160.54,248,1,1,1,3,Hibernating
12574,France,2011-01-28 09:20:00,1,218.45,336,1,1,1,3,Hibernating
12576,Poland,2011-11-04 10:11:00,5,1315.83,56,3,4,4,11,Loyal Customers
12577,France,2011-11-04 13:24:00,3,657.8,56,3,3,3,9,Loyal Customers
12578,Italy,2011-11-18 13:30:00,2,2794.51,42,4,2,5,11,New Customers
12579,France,2011-09-22 17:15:00,1,440.42,99,2,1,2,5,Hibernating
12580,Germany,2011-04-07 10:24:00,1,415.7,267,1,1,2,4,Hibernating
12581,Germany,2011-10-31 08:56:00,1,197.71,60,3,1,1,5,Needs Attention
12582,Finland,2011-04-15 08:45:00,2,511.36,259,1,2,3,6,Hibernating
12583,France,2011-12-07 08:07:00,15,7281.38,23,5,5,5,15,Champions
12584,Italy,2011-12-06 09:35:00,9,2338.15,24,5,5,5,15,Champions
12585,Germany,2011-04-19 13:39:00,2,2040.1,255,1,2,4,7,Hibernating
12586,Italy,2011-11-22 16:24:00,1,196.94,38,4,1,1,6,New Customers
12587,Finland,2011-12-02 12:47:00,1,144.0,28,5,1,1,7,New Customers
12588,Finland,2011-10-31 15:01:00,1,214.9,60,3,1,1,5,Needs Attention
12589,France,2011-11-11 10:19:00,2,646.68,49,4,2,3,9,New Customers
12590,Germany,2011-05-12 14:52:00,2,9864.26,232,1,2,5,8,Hibernating
12591,Italy,2011-01-26 14:35:00,1,452.85,338,1,1,2,4,Hibernating
12592,Germany,2011-09-08 15:04:00,2,437.6,113,2,2,2,6,Hibernating
12593,France,2011-08-23 12:43:00,3,418.1,129,2,3,2,7,At Risk
12594,Italy,2011-11-02 12:20:00,10,3338.22,58,3,5,5,13,Loyal Customers
12596,Spain,2011-10-19 13:02:00,2,618.27,72,3,2,3,8,Potential Loyalists
12597,Spain,2011-11-20 13:33:00,4,3811.22,40,4,4,5,13,Champions
12598,France,2011-11-30 12:18:00,8,3023.08,30,5,5,5,15,Champions
12599,France,2011-11-10 13:34:00,7,1032.58,50,4,5,4,13,Champions
12600,Germany,2011-11-11 10:29:00,10,2599.04,49,4,5,5,14,Champions
12601,Germany,2011-06-03 10:17:00,5,577.06,210,1,4,3,8,At Risk
12602,France,2011-10-12 11:22:00,1,153.12,79,3,1,1,5,Needs Attention
12603,Germany,2011-11-18 10:42:00,1,739.2,42,4,1,3,8,New Customers
12604,France,2011-09-21 14:08:00,2,254.18,100,2,2,2,6,Hibernating
12607,USA,2011-10-10 16:06:00,1,1579.51,81,3,1,4,8,Potential Loyalists
12609,Germany,2011-09-22 16:34:00,3,1126.85,99,2,3,4,9,At Risk
12610,Italy,2011-11-17 09:34:00,5,2099.54,43,4,4,5,13,Champions
12611,Italy,2011-10-18 13:12:00,1,1193.32,73,3,1,4,8,Potential Loyalists
12612,Germany,2011-09-26 15:35:00,1,704.04,95,2,1,3,6,Hibernating
12613,Germany,2011-10-13 14:59:00,5,3344.38,78,3,4,5,12,Loyal Customers
12614,Germany,2011-03-07 10:22:00,1,315.6,298,1,1,2,4,Hibernating
12615,France,2011-12-07 15:02:00,4,2291.19,23,5,4,5,14,Champions
12616,France,2011-09-05 15:17:00,2,713.3,116,2,2,3,7,Hibernating
12617,France,2011-11-10 14:39:00,1,355.53,50,4,1,2,7,New Customers
12618,Italy,2011-11-18 11:10:00,1,177.31,42,4,1,1,6,New Customers
12619,Germany,2011-11-23 14:52:00,9,3641.24,37,4,5,5,14,Champions
12620,France,2011-11-25 10:20:00,3,1339.41,35,4,3,4,11,Loyal Customers
12621,Germany,2011-12-08 11:25:00,20,13689.67,22,5,5,5,15,Champions
12622,Germany,2011-04-21 16:39:00,1,180.1,253,1,1,1,3,Hibernating
12623,Germany,2011-03-08 13:50:00,1,305.1,297,1,1,2,4,Hibernating
12624,France,2011-08-25 15:04:00,2,641.13,127,2,2,3,7,Hibernating
12625,Germany,2011-05-12 09:54:00,2,2683.82,232,1,2,5,8,Hibernating
12626,Germany,2011-11-16 16:06:00,9,6620.48,44,4,5,5,14,Champions
12627,Germany,2011-11-29 12:07:00,7,4478.53,31,5,5,5,15,Champions
12628,Germany,2011-12-05 13:15:00,3,786.46,25,5,3,3,11,Loyal Customers
12630,Finland,2011-11-30 10:48:00,2,1270.88,30,5,2,4,11,New Customers
12631,Finland,2011-10-13 13:53:00,1,640.5,78,3,1,3,7,Potential Loyalists
12633,Germany,2011-10-12 11:40:00,4,2163.98,79,3,4,5,12,Loyal Customers
12635,Germany,2011-09-11 11:04:00,2,1689.18,110,2,2,4,8,Hibernating
12637,France,2011-10-03 13:46:00,8,6021.9,88,3,5,5,13,Loyal Customers
12638,Sweden,2011-11-06 13:11:00,1,671.69,54,3,1,3,7,Potential Loyalists
12639,Sweden,2011-04-15 12:48:00,1,486.1,259,1,1,2,4,Hibernating
12640,France,2011-11-16 11:52:00,3,1174.58,44,4,3,4,11,Loyal Customers
12641,Sweden,2011-08-16 13:26:00,1,185.9,136,2,1,1,4,Hibernating
12642,Germany,2011-11-14 15:03:00,3,1013.26,46,4,3,4,11,Loyal Customers
12643,France,2011-08-03 12:56:00,6,3344.64,149,2,5,5,12,At Risk
12644,Germany,2011-08-02 10:33:00,1,477.91,150,2,1,2,5,Hibernating
12645,Germany,2011-11-06 12:38:00,4,1775.18,54,3,4,4,11,Loyal Customers
12646,USA,2011-12-05 10:14:00,2,1346.97,25,5,2,4,11,New Customers
12647,Germany,2011-11-17 12:56:00,12,3722.82,43,4,5,5,14,Champions
12648,Germany,2011-07-08 11:55:00,1,318.05,175,2,1,2,5,Hibernating
12649,Germany,2011-08-24 14:41:00,3,623.51,128,2,3,3,8,At Risk
12650,France,2011-12-06 16:34:00,1,314.44,24,5,1,2,8,New Customers
12651,France,2011-01-09 12:46:00,1,114.0,355,1,1,1,3,Hibernating
12652,France,2011-01-12 15:00:00,1,919.98,352,1,1,3,5,Hibernating
12653,Israel,2011-07-14 10:41:00,2,2209.85,169,2,2,5,9,Hibernating
12654,Germany,2011-11-29 10:10:00,5,601.98,31,5,4,3,12,Loyal Customers
12656,France,2011-11-22 13:42:00,5,4051.17,38,4,4,5,13,Champions
12657,France,2011-11-28 15:47:00,4,1643.18,32,5,4,4,13,Champions
12658,Germany,2011-11-21 10:22:00,1,686.05,39,4,1,3,8,New Customers
12659,France,2011-11-10 11:53:00,1,91.68,50,4,1,1,6,New Customers
12660,France,2011-11-28 13:26:00,1,245.1,32,5,1,1,7,New Customers
12662,Germany,2011-12-09 11:59:00,11,3849.78,21,5,5,5,15,Champions
12664,Finland,2011-12-01 17:07:00,9,4881.88,29,5,5,5,15,Champions
12665,Germany,2011-01-19 08:34:00,1,63.0,345,1,1,1,3,Hibernating
12667,Finland,2011-10-12 17:00:00,1,620.13,79,3,1,3,7,Potential Loyalists
12668,Germany,2011-11-28 10:56:00,4,3807.15,32,5,4,5,14,Champions
12669,France,2011-07-12 09:54:00,3,2744.03,171,2,3,5,10,At Risk
12670,France,2011-11-29 15:23:00,5,2996.05,31,5,4,5,14,Champions
12672,France,2011-01-14 09:20:00,1,225.9,350,1,1,1,3,Hibernating
12673,Germany,2011-12-04 13:55:00,2,610.52,26,5,2,3,10,New Customers
12674,France,2011-11-01 12:12:00,4,1970.6,59,3,4,4,11,Loyal Customers
12676,Sweden,2011-11-15 12:25:00,6,1331.39,45,4,5,4,13,Champions
12678,France,2011-10-28 13:04:00,12,17628.46,63,3,5,5,13,Loyal Customers
12679,France,2011-10-12 12:30:00,4,1113.02,79,3,4,4,11,Loyal Customers
12680,France,2011-12-09 12:50:00,4,862.81,21,5,4,3,12,Loyal Customers
12681,France,2011-11-25 11:33:00,22,13787.54,35,4,5,5,14,Champions
12682,France,2011-12-06 10:00:00,31,12288.22,24,5,5,5,15,Champions
12683,France,2011-12-05 16:31:00,15,8476.57,25,5,5,5,15,Champions
12684,France,2011-12-02 09:53:00,7,2283.63,28,5,5,5,15,Champions
12685,France,2011-11-11 13:46:00,6,2863.08,49,4,5,5,14,Champions
12686,France,2010-12-03 09:51:00,1,89.14,392,1,1,1,3,Hibernating
12688,Israel,2011-08-18 08:49:00,1,4873.81,134,2,1,5,8,Hibernating
12689,France,2011-11-14 08:31:00,2,1247.61,46,4,2,4,10,New Customers
12690,France,2011-05-18 09:09:00,1,389.01,226,1,1,2,4,Hibernating
12691,France,2011-11-11 16:49:00,6,1035.8,49,4,5,4,13,Champions
12693,Germany,2011-08-04 17:51:00,4,855.91,148,2,4,3,9,At Risk
12694,France,2011-09-30 13:06:00,2,869.67,91,3,2,3,8,Potential Loyalists
12695,France,2011-12-02 13:22:00,4,582.1,28,5,4,3,12,Loyal Customers
12697,Sweden,2011-11-11 08:47:00,3,957.59,49,4,3,4,11,Loyal Customers
12700,France,2011-12-02 10:47:00,4,4939.99,28,5,4,5,14,Champions
12701,Germany,2011-09-21 10:47:00,2,797.71,100,2,2,3,7,Hibernating
12702,Germany,2011-11-20 10:36:00,1,219.0,40,4,1,1,6,New Customers
12703,Germany,2011-09-29 17:52:00,1,283.55,92,3,1,2,6,Needs Attention
12704,Finland,2011-12-02 13:15:00,8,2340.84,28,5,5,5,15,Champions
12705,Germany,2011-11-24 13:17:00,9,6868.29,36,4,5,5,14,Champions
12707,France,2011-02-21 08:38:00,1,603.42,312,1,1,3,5,Hibernating
12708,Germany,2011-11-10 09:52:00,10,2712.91,50,4,5,5,14,Champions
12709,Germany,2011-11-24 15:38:00,15,9736.52,36,4,5,5,14,Champions
12710,Germany,2011-09-04 12:00:00,3,1149.02,117,2,3,4,9,At Risk
12712,Germany,2011-11-11 08:19:00,13,4396.13,49,4,5,5,14,Champions
12713,Germany,2011-12-09 12:16:00,1,848.55,21,5,1,3,9,New Customers
12714,France,2011-11-30 15:43:00,5,4708.86,30,5,4,5,14,Champions
12715,Sweden,2011-08-25 15:22:00,1,353.86,127,2,1,2,5,Hibernating
12716,France,2011-12-06 08:55:00,2,1053.49,24,5,2,4,11,New Customers
12717,Greece,2011-07-11 14:47:00,2,1030.98,172,2,2,4,8,Hibernating
12718,France,2011-09-29 16:38:00,1,238.25,92,3,1,1,5,Needs Attention
12719,France,2011-12-04 13:45:00,2,644.95,26,5,2,3,10,New Customers
12720,Germany,2011-12-07 08:03:00,25,5781.73,23,5,5,5,15,Champions
12721,France,2011-11-08 12:13:00,6,2656.13,52,4,5,5,14,Champions
12722,France,2011-09-15 14:50:00,4,997.63,106,2,4,4,10,At Risk
12723,France,2011-12-06 10:19:00,5,725.07,24,5,4,3,12,Loyal Customers
12724,France,2011-12-04 16:02:00,4,1031.41,26,5,4,4,13,Champions
12725,Italy,2010-12-03 15:45:00,1,427.8,392,1,1,2,4,Hibernating
12726,France,2011-11-11 13:35:00,7,2609.1,49,4,5,5,14,Champions
12727,France,2011-11-29 11:46:00,7,3980.7,31,5,5,5,15,Champions
12728,France,2011-09-29 15:31:00,4,836.33,92,3,4,3,10,Loyal Customers
12729,France,2011-08-18 11:40:00,1,453.01,134,2,1,2,5,Hibernating
12731,France,2011-11-16 11:59:00,12,18895.91,44,4,5,5,14,Champions
12732,France,2011-06-13 11:33:00,1,236.26,200,2,1,1,4,Hibernating
12733,USA,2011-04-19 16:19:00,1,383.95,255,1,1,2,4,Hibernating
12734,France,2010-12-22 12:47:00,1,110.4,373,1,1,1,3,Hibernating
12735,France,2011-01-28 13:37:00,2,779.57,336,1,2,3,6,Hibernating
12736,France,2011-01-11 07:57:00,1,234.0,353,1,1,1,3,Hibernating
12738,Germany,2010-12-02 18:27:00,1,155.35,393,1,1,1,3,Hibernating
12739,United Arab Emirates,2011-09-22 13:00:00,2,1013.04,99,2,2,4,8,Hibernating
12740,France,2011-10-07 10:44:00,1,427.6,84,3,1,2,6,Needs Attention
12743,Unspecified,2011-07-28 16:21:00,2,546.43,155,2,2,3,7,Hibernating
12744,Singapore,2011-10-19 11:18:00,7,21279.29,72,3,5,5,13,Loyal Customers
12747,United Kingdom,2011-12-07 14:34:00,11,4196.01,23,5,5,5,15,Champions
12748,United Kingdom,2011-12-09 12:20:00,209,33719.73,21,5,5,5,15,Champions
12749,United Kingdom,2011-12-06 09:56:00,5,4090.88,24,5,4,5,14,Champions
12750,Poland,2011-08-03 09:13:00,1,275.88,149,2,1,2,5,Hibernating
12752,Norway,2011-09-19 13:32:00,1,4366.78,102,2,1,5,8,Hibernating
12753,Japan,2011-11-17 10:52:00,6,21429.39,43,4,5,5,14,Champions
12754,Japan,2011-04-18 09:00:00,3,3010.74,256,1,3,5,9,At Risk
12755,Japan,2011-03-04 12:42:00,2,3811.95,301,1,2,5,8,Hibernating
12756,Japan,2011-09-14 09:31:00,1,112.08,107,2,1,1,4,Hibernating
12757,Portugal,2011-11-24 12:30:00,13,7857.1,36,4,5,5,14,Champions
12758,Portugal,2011-08-15 10:22:00,2,2791.59,137,2,2,5,9,Hibernating
12759,Netherlands,2011-10-18 14:49:00,3,1531.44,73,3,3,4,10,Loyal Customers
12762,Portugal,2011-12-02 10:23:00,2,1898.52,28,5,2,4,11,New Customers
12763,Japan,2011-07-24 14:12:00,2,494.08,159,2,2,3,7,Hibernating
12764,Lebanon,2011-01-27 10:19:00,1,1693.88,337,1,1,4,6,Hibernating
12766,Portugal,2011-12-06 08:46:00,7,6989.63,24,5,5,5,15,Champions
12769,Brazil,2011-04-15 10:25:00,1,1143.6,259,1,1,4,6,Hibernating
12770,Japan,2011-05-13 09:33:00,1,1351.45,231,1,1,4,6,Hibernating
12772,Portugal,2011-10-11 09:19:00,1,892.47,80,3,1,3,7,Potential Loyalists
12775,Netherlands,2011-11-22 16:33:00,5,1386.04,38,4,4,4,12,Champions
12778,Netherlands,2011-11-20 11:30:00,6,822.23,40,4,5,3,12,Loyal Customers
12779,Poland,2011-11-02 11:43:00,8,3981.36,58,3,5,5,13,Loyal Customers
12781,Czech Republic,2011-10-07 10:37:00,2,826.74,84,3,2,3,8,Potential Loyalists
12782,Portugal,2011-12-05 09:16:00,5,2330.92,25,5,4,5,14,Champions
12783,Portugal,2011-12-07 15:56:00,6,2225.91,23,5,5,5,15,Champions
12784,Portugal,2011-11-30 15:38:00,2,574.42,30,5,2,3,10,New Customers
12785,Portugal,2010-12-10 13:48:00,1,311.95,385,1,1,2,4,Hibernating
12787,Netherlands,2011-11-30 08:44:00,3,463.66,30,5,3,2,10,Loyal Customers
12789,Netherlands,2011-10-05 13:34:00,1,91.85,86,3,1,1,5,Needs Attention
12790,Netherlands,2011-05-31 14:14:00,1,324.92,213,1,1,2,4,Hibernating
12791,Netherlands,2010-12-01 11:27:00,1,192.6,394,1,1,1,3,Hibernating
12792,Portugal,2011-03-28 11:36:00,1,400.54,277,1,1,2,4,Hibernating
12793,Portugal,2011-01-09 12:12:00,2,545.48,355,1,2,3,6,Hibernating
12794,Portugal,2011-10-17 14:54:00,2,860.41,74,3,2,3,8,Potential Loyalists
12795,Portugal,2011-11-21 10:27:00,1,430.48,39,4,1,2,7,New Customers
12797,Portugal,2010-12-09 10:55:00,1,254.03,386,1,1,2,4,Hibernating
12798,Japan,2011-11-29 15:52:00,3,6977.04,31,5,3,5,13,Loyal Customers
12802,Netherlands,2011-06-06 09:36:00,1,427.58,207,1,1,2,4,Hibernating
12808,Portugal,2011-11-03 10:05:00,3,483.65,57,3,3,2,8,Loyal Customers
12809,Portugal,2011-06-15 10:51:00,1,489.31,198,2,1,2,5,Hibernating
12811,Portugal,2011-03-24 09:42:00,3,514.85,281,1,3,3,7,At Risk
12812,Japan,2011-10-26 09:54:00,1,229.64,65,3,1,1,5,Needs Attention
12814,Poland,2011-08-30 12:11:00,1,125.92,122,2,1,1,4,Hibernating
12815,Poland,2011-07-15 10:21:00,2,1063.46,168,2,2,4,8,Hibernating
12816,Poland,2011-09-05 12:41:00,2,572.2,116,2,2,3,7,Hibernating
12817,Austria,2011-03-03 16:28:00,1,166.04,302,1,1,1,3,Hibernating
12818,Austria,2011-03-23 12:06:00,1,1542.08,282,1,1,4,6,Hibernating
12820,United Kingdom,2011-12-06 15:12:00,4,942.34,24,5,4,4,13,Champions
12821,United Kingdom,2011-05-09 15:51:00,1,92.72,235,1,1,1,3,Hibernating
12822,United Kingdom,2011-09-30 10:04:00,2,948.88,91,3,2,4,9,Potential Loyalists
12823,United Kingdom,2011-09-26 07:35:00,5,1759.5,95,2,4,4,10,At Risk
12824,United Kingdom,2011-10-11 12:49:00,1,397.12,80,3,1,2,6,Needs Attention
12826,United Kingdom,2011-12-07 10:25:00,7,1474.72,23,5,5,4,14,Champions
12827,United Kingdom,2011-12-04 12:17:00,3,430.15,26,5,3,2,10,Loyal Customers
12828,United Kingdom,2011-12-07 08:45:00,6,1018.71,23,5,5,4,14,Champions
12829,United Kingdom,2011-01-07 11:13:00,2,293.0,357,1,2,2,5,Hibernating
12830,United Kingdom,2011-11-02 11:54:00,6,6814.64,58,3,5,5,13,Loyal Customers
12831,United Kingdom,2011-03-22 13:02:00,1,215.05,283,1,1,1,3,Hibernating
12832,United Kingdom,2011-11-07 13:30:00,2,383.03,53,4,2,2,8,New Customers
12833,United Kingdom,2011-07-17 13:46:00,1,417.38,166,2,1,2,5,Hibernating
12834,United Kingdom,2011-03-02 09:49:00,1,312.38,303,1,1,2,4,Hibernating
12836,United Kingdom,2011-10-11 15:10:00,4,2612.86,80,3,4,5,12,Loyal Customers
12837,United Kingdom,2011-06-19 16:07:00,1,134.1,194,2,1,1,4,Hibernating
12838,United Kingdom,2011-11-06 12:20:00,2,683.13,54,3,2,3,8,Potential Loyalists
12839,United Kingdom,2011-12-07 12:33:00,14,5591.42,23,5,5,5,15,Champions
12840,United Kingdom,2011-07-19 09:29:00,4,2726.77,164,2,4,5,11,At Risk
12841,United Kingdom,2011-12-05 11:13:00,25,4022.35,25,5,5,5,15,Champions
12842,United Kingdom,2011-09-30 15:33:00,2,1118.99,91,3,2,4,9,Potential Loyalists
12843,United Kingdom,2011-10-05 12:09:00,8,1702.26,86,3,5,4,12,Loyal Customers
12844,United Kingdom,2011-11-10 13:31:00,2,325.96,50,4,2,2,8,New Customers
12845,United Kingdom,2011-03-17 13:34:00,4,354.09,288,1,4,2,7,At Risk
12847,United Kingdom,2011-11-17 13:16:00,1,871.54,43,4,1,3,8,New Customers
12849,United Kingdom,2011-11-08 13:41:00,2,1050.89,52,4,2,4,10,New Customers
12851,United Kingdom,2011-09-04 12:41:00,1,135.18,117,2,1,1,4,Hibernating
12852,United Kingdom,2011-02-18 08:47:00,1,311.55,315,1,1,2,4,Hibernating
12853,United Kingdom,2011-07-28 11:29:00,6,1957.1,155,2,5,4,11,At Risk
12854,United Kingdom,2011-09-22 12:15:00,3,1324.5,99,2,3,4,9,At Risk
12855,United Kingdom,2010-12-02 09:37:00,1,38.1,393,1,1,1,3,Hibernating
12856,United Kingdom,2011-12-02 10:52:00,6,2179.93,28,5,5,5,15,Champions
12857,United Kingdom,2011-05-13 10:20:00,2,1106.4,231,1,2,4,7,Hibernating
12863,United Kingdom,2011-10-18 14:15:00,1,521.2,73,3,1,3,7,Potential Loyalists
12864,United Kingdom,2011-07-24 13:03:00,1,147.12,159,2,1,1,4,Hibernating
12865,Austria,2011-11-13 14:31:00,2,1568.23,47,4,2,4,10,New Customers
12866,Belgium,2011-03-01 14:11:00,1,559.12,304,1,1,3,5,Hibernating
12867,United Kingdom,2011-11-13 15:30:00,7,4036.82,47,4,5,5,14,Champions
12868,United Kingdom,2011-06-07 10:42:00,6,1607.06,206,1,5,4,10,At Risk
12871,United Kingdom,2011-09-16 15:07:00,2,380.64,105,2,2,2,6,Hibernating
12872,United Kingdom,2011-01-17 10:52:00,2,599.97,347,1,2,3,6,Hibernating
12873,United Kingdom,2011-03-02 14:58:00,1,374.0,303,1,1,2,4,Hibernating
12875,United Kingdom,2011-07-19 15:30:00,2,343.23,164,2,2,2,6,Hibernating
12876,Belgium,2011-10-13 12:26:00,2,2218.02,78,3,2,5,10,Potential Loyalists
12877,United Kingdom,2011-12-06 10:30:00,12,1535.77,24,5,5,4,14,Champions
12878,United Kingdom,2011-04-17 13:07:00,2,854.99,257,1,2,3,6,Hibernating
12879,United Kingdom,2011-10-26 12:24:00,3,573.22,65,3,3,3,9,Loyal Customers
12881,United Kingdom,2011-03-09 11:44:00,1,298.0,296,1,1,2,4,Hibernating
12882,United Kingdom,2011-11-30 16:18:00,2,1463.04,30,5,2,4,11,New Customers
12883,United Kingdom,2011-11-15 09:32:00,4,703.47,45,4,4,3,11,Loyal Customers
12884,United Kingdom,2011-09-12 13:10:00,1,309.05,109,2,1,2,5,Hibernating
12885,United Kingdom,2011-10-07 13:40:00,3,1175.22,84,3,3,4,10,Loyal Customers
12886,United Kingdom,2011-10-03 10:09:00,2,1378.4,88,3,2,4,9,Potential Loyalists
12888,United Kingdom,2011-05-09 16:02:00,2,354.12,235,1,2,2,5,Hibernating
12890,United Kingdom,2011-11-15 17:26:00,1,380.47,45,4,1,2,7,New Customers
12891,United Kingdom,2011-06-07 12:31:00,3,331.0,206,1,3,2,6,At Risk
12893,United Kingdom,2011-11-09 12:34:00,1,188.14,51,4,1,1,6,New Customers
12895,United Kingdom,2011-10-28 13:51:00,2,372.8,63,3,2,2,7,Needs Attention
12897,United Kingdom,2011-05-19 12:13:00,2,216.5,225,1,2,1,4,Hibernating
12901,United Kingdom,2011-12-01 10:07:00,28,17654.54,29,5,5,5,15,Champions
12902,United Kingdom,2011-03-20 12:06:00,1,138.68,285,1,1,1,3,Hibernating
12904,United Kingdom,2011-11-21 14:34:00,2,509.58,39,4,2,3,9,New Customers
12906,United Kingdom,2011-11-28 09:55:00,5,2919.81,32,5,4,5,14,Champions
12908,United Kingdom,2011-06-16 15:39:00,2,750.0,197,2,2,3,7,Hibernating
12909,United Kingdom,2011-10-31 12:43:00,5,2178.67,60,3,4,5,12,Loyal Customers
12910,United Kingdom,2011-11-16 14:28:00,8,3075.04,44,4,5,5,14,Champions
12912,United Kingdom,2011-12-07 08:55:00,5,1662.3,23,5,4,4,13,Champions
12913,United Kingdom,2011-12-05 12:11:00,5,2483.63,25,5,4,5,14,Champions
12915,United Kingdom,2011-07-14 11:34:00,2,363.65,169,2,2,2,6,Hibernating
12916,United Kingdom,2011-07-24 10:35:00,4,3006.15,159,2,4,5,11,At Risk
12917,United Kingdom,2011-08-03 16:42:00,1,594.0,149,2,1,3,6,Hibernating
12919,United Kingdom,2011-12-01 13:47:00,6,1335.19,29,5,5,4,14,Champions
12920,United Kingdom,2011-11-22 15:05:00,1,164.23,38,4,1,1,6,New Customers
12921,United Kingdom,2011-11-30 16:22:00,37,16587.09,30,5,5,5,15,Champions
12922,United Kingdom,2011-07-01 15:35:00,1,405.38,182,2,1,2,5,Hibernating
12923,United Kingdom,2011-10-06 16:20:00,1,176.97,85,3,1,1,5,Needs Attention
12924,United Kingdom,2011-09-12 13:55:00,4,933.7,109,2,4,3,9,At Risk
12925,United Kingdom,2011-12-05 11:11:00,2,694.05,25,5,2,3,10,New Customers
12928,United Kingdom,2011-11-04 14:24:00,5,2062.7,56,3,4,5,12,Loyal Customers
12929,United Kingdom,2011-02-01 12:08:00,1,117.85,332,1,1,1,3,Hibernating
12930,United Kingdom,2011-09-22 15:18:00,2,415.8,99,2,2,2,6,Hibernating
12931,United Kingdom,2011-11-18 12:39:00,15,42055.96,42,4,5,5,14,Champions
12933,United Kingdom,2011-11-15 16:38:00,3,607.53,45,4,3,3,10,Loyal Customers
12935,United Kingdom,2011-12-07 17:25:00,7,2160.7,23,5,5,5,15,Champions
12936,United Kingdom,2011-11-22 17:32:00,4,1063.9,38,4,4,4,12,Champions
12937,United Kingdom,2011-11-24 15:05:00,4,1504.27,36,4,4,4,12,Champions
12938,United Kingdom,2011-11-14 11:21:00,1,114.14,46,4,1,1,6,New Customers
12939,United Kingdom,2011-10-06 14:33:00,8,11581.8,85,3,5,5,13,Loyal Customers
12940,United Kingdom,2011-10-16 12:09:00,2,913.54,75,3,2,3,8,Potential Loyalists
12942,United Kingdom,2011-07-31 14:39:00,3,683.9,152,2,3,3,8,At Risk
12944,United Kingdom,2011-11-04 11:04:00,2,604.51,56,3,2,3,8,Potential Loyalists
12945,United Kingdom,2011-02-24 14:15:00,1,462.95,309,1,1,2,4,Hibernating
12947,United Kingdom,2011-07-19 10:06:00,6,1603.99,164,2,5,4,11,At Risk
12948,United Kingdom,2011-11-23 17:10:00,7,2064.95,37,4,5,5,14,Champions
12949,United Kingdom,2011-11-09 11:25:00,8,4167.22,51,4,5,5,14,Champions
12950,United Kingdom,2011-12-07 13:17:00,3,1843.0,23,5,3,4,12,Loyal Customers
12951,United Kingdom,2011-12-01 12:14:00,6,1064.07,29,5,5,4,14,Champions
12952,United Kingdom,2011-12-04 10:35:00,4,1387.79,26,5,4,4,13,Champions
12953,United Kingdom,2011-11-30 09:24:00,1,329.85,30,5,1,2,8,New Customers
12955,United Kingdom,2011-12-08 16:29:00,11,4757.16,22,5,5,5,15,Champions
12956,United Kingdom,2011-02-06 16:08:00,1,108.07,327,1,1,1,3,Hibernating
12957,United Kingdom,2011-11-30 09:53:00,8,4017.54,30,5,5,5,15,Champions
12962,United Kingdom,2011-12-02 15:55:00,2,266.39,28,5,2,2,9,New Customers
12963,United Kingdom,2011-12-01 12:55:00,8,1856.63,29,5,5,4,14,Champions
12965,United Kingdom,2011-09-11 15:31:00,1,771.91,110,2,1,3,6,Hibernating
12966,United Kingdom,2011-11-30 12:38:00,1,160.18,30,5,1,1,7,New Customers
12967,United Kingdom,2010-12-16 19:10:00,2,1660.9,379,1,2,4,7,Hibernating
12968,United Kingdom,2011-08-19 15:44:00,1,135.95,133,2,1,1,4,Hibernating
12970,United Kingdom,2011-12-02 14:30:00,4,452.24,28,5,4,2,11,Loyal Customers
12971,United Kingdom,2011-12-06 12:20:00,86,11189.91,24,5,5,5,15,Champions
12974,United Kingdom,2011-05-26 09:33:00,1,144.8,218,1,1,1,3,Hibernating
12976,United Kingdom,2011-05-12 09:55:00,1,738.6,232,1,1,3,5,Hibernating
12977,United Kingdom,2011-07-06 16:40:00,1,39.24,177,2,1,1,4,Hibernating
12980,United Kingdom,2011-07-05 09:34:00,9,7374.9,178,2,5,5,12,At Risk
12981,United Kingdom,2011-11-10 12:00:00,2,372.22,50,4,2,2,8,New Customers
12982,United Kingdom,2011-04-11 11:51:00,1,390.54,263,1,1,2,4,Hibernating
12984,United Kingdom,2011-11-21 12:37:00,1,97.5,39,4,1,1,6,New Customers
12985,United Kingdom,2011-12-09 10:46:00,2,1239.38,21,5,2,4,11,New Customers
12987,United Kingdom,2011-09-27 12:03:00,2,558.7,94,2,2,3,7,Hibernating
12988,United Kingdom,2011-02-20 14:31:00,1,535.32,313,1,1,3,5,Hibernating
12989,United Kingdom,2011-12-06 15:28:00,15,6924.11,24,5,5,5,15,Champions
12990,United Kingdom,2011-11-08 13:01:00,3,409.5,52,4,3,2,9,Loyal Customers
12991,United Kingdom,2011-11-16 15:34:00,2,503.76,44,4,2,3,9,New Customers
12993,United Kingdom,2011-11-16 15:49:00,4,414.76,44,4,4,2,10,Loyal Customers
12994,United Kingdom,2011-12-05 15:43:00,3,974.42,25,5,3,4,12,Loyal Customers
12995,United Kingdom,2011-09-15 15:44:00,1,211.32,106,2,1,1,4,Hibernating
12997,United Kingdom,2011-11-17 15:47:00,4,1226.89,43,4,4,4,12,Champions
12999,United Kingdom,2011-05-27 13:24:00,3,455.88,217,1,3,2,6,At Risk
13000,United Kingdom,2011-08-25 10:43:00,3,534.85,127,2,3,3,8,At Risk
13001,United Kingdom,2011-12-05 14:51:00,13,9818.82,25,5,5,5,15,Champions
13002,United Kingdom,2011-01-25 15:18:00,1,120.95,339,1,1,1,3,Hibernating
13003,United Kingdom,2011-08-26 10:50:00,3,149.05,126,2,3,1,6,At Risk
13004,United Kingdom,2011-11-28 11:27:00,18,5655.91,32,5,5,5,15,Champions
13005,United Kingdom,2011-06-19 10:53:00,2,513.7,194,2,2,3,7,Hibernating
13006,United Kingdom,2011-10-14 13:49:00,1,81.57,77,3,1,1,5,Needs Attention
13008,United Kingdom,2011-01-20 14:24:00,1,229.47,344,1,1,1,3,Hibernating
13011,United Kingdom,2010-12-02 17:22:00,1,50.55,393,1,1,1,3,Hibernating
13012,United Kingdom,2011-11-30 13:05:00,8,1661.84,30,5,5,4,14,Champions
13013,United Kingdom,2011-12-08 15:01:00,13,4810.94,22,5,5,5,15,Champions
13014,United Kingdom,2011-11-29 12:27:00,10,3466.28,31,5,5,5,15,Champions
13015,United Kingdom,2011-10-17 13:19:00,5,3346.28,74,3,4,5,12,Loyal Customers
13016,United Kingdom,2011-09-27 14:08:00,3,789.89,94,2,3,3,8,At Risk
13017,United Kingdom,2011-12-02 15:53:00,1,204.0,28,5,1,1,7,New Customers
13018,United Kingdom,2011-11-23 13:28:00,28,7277.7,37,4,5,5,14,Champions
13021,United Kingdom,2011-12-05 16:37:00,9,2616.38,25,5,5,5,15,Champions
13023,United Kingdom,2011-10-06 16:27:00,2,689.9,85,3,2,3,8,Potential Loyalists
13026,United Kingdom,2011-12-08 16:58:00,5,975.36,22,5,4,4,13,Champions
13027,United Kingdom,2011-08-18 09:39:00,6,6912.0,134,2,5,5,12,At Risk
13028,United Kingdom,2011-11-17 11:10:00,2,661.32,43,4,2,3,9,New Customers
13029,United Kingdom,2011-11-09 09:13:00,3,1247.5,51,4,3,4,11,Loyal Customers
13030,United Kingdom,2011-11-28 14:30:00,2,799.48,32,5,2,3,10,New Customers
13032,United Kingdom,2011-10-18 15:54:00,2,1010.18,73,3,2,4,9,Potential Loyalists
13033,United Kingdom,2010-12-17 14:23:00,1,190.55,378,1,1,1,3,Hibernating
13034,United Kingdom,2011-10-16 12:21:00,2,642.77,75,3,2,3,8,Potential Loyalists
13035,United Kingdom,2011-09-27 08:57:00,2,921.88,94,2,2,3,7,Hibernating
13037,United Kingdom,2011-07-24 15:46:00,3,881.07,159,2,3,3,8,At Risk
13038,United Kingdom,2011-09-20 14:37:00,3,908.46,101,2,3,3,8,At Risk
13040,United Kingdom,2011-12-01 10:38:00,2,676.99,29,5,2,3,10,New Customers
13043,United Kingdom,2011-03-11 14:52:00,1,516.42,294,1,1,3,5,Hibernating
13044,United Kingdom,2011-02-21 15:20:00,1,560.47,312,1,1,3,5,Hibernating
13045,United Kingdom,2011-09-01 15:04:00,1,305.28,120,2,1,2,5,Hibernating
13046,United Kingdom,2011-11-09 08:36:00,2,629.31,51,4,2,3,9,New Customers
13047,United Kingdom,2011-11-08 12:06:00,10,3237.54,52,4,5,5,14,Champions
13048,United Kingdom,2011-11-25 13:23:00,4,1835.91,35,4,4,4,12,Champions
13049,United Kingdom,2011-10-06 15:31:00,2,656.68,85,3,2,3,8,Potential Loyalists
13050,United Kingdom,2011-11-25 09:18:00,17,5836.86,35,4,5,5,14,Champions
13052,United Kingdom,2011-05-11 14:12:00,1,348.15,233,1,1,2,4,Hibernating
13055,United Kingdom,2011-09-22 14:26:00,3,1214.41,99,2,3,4,9,At Risk
13058,United Kingdom,2011-11-15 12:43:00,3,271.4,45,4,3,2,9,Loyal Customers
13059,United Kingdom,2011-04-04 10:40:00,1,183.4,270,1,1,1,3,Hibernating
13060,United Kingdom,2011-03-31 11:37:00,1,307.53,274,1,1,2,4,Hibernating
13061,United Kingdom,2011-09-28 16:04:00,1,248.61,93,2,1,1,4,Hibernating
13062,United Kingdom,2011-06-01 15:12:00,1,346.98,212,1,1,2,4,Hibernating
13064,United Kingdom,2011-11-27 12:31:00,4,1119.49,33,5,4,4,13,Champions
13065,United Kingdom,2010-12-01 16:52:00,1,205.86,394,1,1,1,3,Hibernating
13066,United Kingdom,2011-11-15 12:57:00,2,470.8,45,4,2,2,8,New Customers
13067,United Kingdom,2011-09-18 13:38:00,1,115.46,103,2,1,1,4,Hibernating
13068,United Kingdom,2011-11-29 15:00:00,2,344.0,31,5,2,2,9,New Customers
13069,United Kingdom,2011-12-09 08:39:00,24,4436.12,21,5,5,5,15,Champions
13070,United Kingdom,2011-05-31 13:45:00,1,228.8,213,1,1,1,3,Hibernating
13072,United Kingdom,2011-03-18 08:12:00,1,177.15,287,1,1,1,3,Hibernating
13075,United Kingdom,2011-08-02 10:19:00,1,919.61,150,2,1,3,6,Hibernating
13077,United Kingdom,2011-12-08 19:24:00,4,729.27,22,5,4,3,12,Loyal Customers
13078,United Kingdom,2011-12-06 15:36:00,26,12627.94,24,5,5,5,15,Champions
13079,United Kingdom,2011-12-05 16:53:00,5,220.1,25,5,4,1,10,Loyal Customers
13080,United Kingdom,2011-06-13 14:59:00,1,58.08,200,2,1,1,4,Hibernating
13081,United Kingdom,2011-11-28 10:54:00,11,28337.38,32,5,5,5,15,Champions
13082,United Kingdom,2011-08-05 16:16:00,9,3613.63,147,2,5,5,12,At Risk
13083,United Kingdom,2011-12-05 15:01:00,2,303.75,25,5,2,2,9,New Customers
13085,United Kingdom,2011-07-05 12:11:00,2,416.08,178,2,2,2,6,Hibernating
13089,United Kingdom,2011-12-07 09:02:00,97,58825.83,23,5,5,5,15,Champions
13090,United Kingdom,2011-12-01 12:39:00,14,8910.82,29,5,5,5,15,Champions
13091,United Kingdom,2011-11-11 15:54:00,1,345.82,49,4,1,2,7,New Customers
13092,United Kingdom,2011-09-30 11:18:00,5,477.83,91,3,4,2,9,Loyal Customers
13093,United Kingdom,2011-03-09 12:14:00,8,7832.47,296,1,5,5,11,At Risk
13094,United Kingdom,2011-11-18 14:07:00,12,1927.32,42,4,5,4,13,Champions
13095,United Kingdom,2011-09-30 12:03:00,1,74.4,91,3,1,1,5,Needs Attention
13097,United Kingdom,2011-11-07 10:43:00,10,6010.42,53,4,5,5,14,Champions
13098,United Kingdom,2011-12-08 14:14:00,28,28882.44,22,5,5,5,15,Champions
13099,United Kingdom,2011-09-01 17:40:00,1,207.36,120,2,1,1,4,Hibernating
13101,United Kingdom,2011-04-19 14:37:00,1,101.19,255,1,1,1,3,Hibernating
13102,United Kingdom,2011-12-08 12:52:00,24,6424.09,22,5,5,5,15,Champions
13103,United Kingdom,2011-10-31 09:38:00,1,243.94,60,3,1,1,5,Needs Attention
13104,United Kingdom,2011-12-06 13:10:00,6,1098.48,24,5,5,4,14,Champions
13106,United Kingdom,2011-07-29 15:12:00,1,76.5,154,2,1,1,4,Hibernating
13107,United Kingdom,2011-10-26 14:52:00,4,1531.62,65,3,4,4,11,Loyal Customers
13108,United Kingdom,2010-12-02 10:35:00,1,350.06,393,1,1,2,4,Hibernating
13109,United Kingdom,2011-10-11 10:16:00,2,786.54,80,3,2,3,8,Potential Loyalists
13110,United Kingdom,2011-11-08 14:30:00,7,1488.67,52,4,5,4,13,Champions
13113,United Kingdom,2011-12-09 12:49:00,24,12245.96,21,5,5,5,15,Champions
13115,United Kingdom,2011-11-28 12:38:00,4,2294.78,32,5,4,5,14,Champions
13116,United Kingdom,2011-07-24 14:33:00,1,501.14,159,2,1,3,6,Hibernating
13117,United Kingdom,2011-11-18 12:02:00,8,984.91,42,4,5,4,13,Champions
13118,United Kingdom,2011-11-20 12:46:00,5,1197.81,40,4,4,4,12,Champions
13120,United Kingdom,2011-04-15 10:19:00,1,30.6,259,1,1,1,3,Hibernating
13121,United Kingdom,2011-03-15 16:47:00,1,283.73,290,1,1,2,4,Hibernating
13122,United Kingdom,2011-09-06 15:53:00,2,922.39,115,2,2,3,7,Hibernating
13124,United Kingdom,2011-09-11 12:45:00,3,3866.33,110,2,3,5,10,At Risk
13126,United Kingdom,2011-12-05 10:00:00,8,2099.64,25,5,5,5,15,Champions
13127,United Kingdom,2011-09-23 10:26:00,1,259.17,98,2,1,2,5,Hibernating
13130,United Kingdom,2011-09-06 15:30:00,1,64.0,115,2,1,1,4,Hibernating
13131,United Kingdom,2011-11-16 13:21:00,3,1073.3,44,4,3,4,11,Loyal Customers
13132,United Kingdom,2011-03-23 12:44:00,1,77.3,282,1,1,1,3,Hibernating
13133,United Kingdom,2011-03-11 10:31:00,2,109.8,294,1,2,1,4,Hibernating
13134,United Kingdom,2011-09-15 10:35:00,4,1793.58,106,2,4,4,10,At Risk
13135,United Kingdom,2011-05-27 10:52:00,1,3096.0,217,1,1,5,7,Hibernating
13136,United Kingdom,2011-10-14 13:41:00,5,2607.61,77,3,4,5,12,Loyal Customers
13137,United Kingdom,2011-11-29 12:09:00,8,3650.41,31,5,5,5,15,Champions
13138,United Kingdom,2011-11-17 16:51:00,6,962.39,43,4,5,4,13,Champions
13139,United Kingdom,2011-11-23 13:54:00,7,5064.94,37,4,5,5,14,Champions
13140,United Kingdom,2011-08-23 15:33:00,3,423.72,129,2,3,2,7,At Risk
13141,United Kingdom,2011-09-16 09:54:00,5,2388.75,105,2,4,5,11,At Risk
13142,United Kingdom,2011-11-20 16:07:00,1,307.09,40,4,1,2,7,New Customers
13144,United Kingdom,2011-01-11 11:15:00,1,110.95,353,1,1,1,3,Hibernating
13145,United Kingdom,2011-10-31 12:45:00,4,618.52,60,3,4,3,10,Loyal Customers
13146,United Kingdom,2011-11-13 15:29:00,1,228.91,47,4,1,1,6,New Customers
13147,United Kingdom,2011-11-29 13:59:00,4,712.8,31,5,4,3,12,Loyal Customers
13148,United Kingdom,2011-11-10 15:23:00,12,3707.12,50,4,5,5,14,Champions
13149,United Kingdom,2011-11-25 13:09:00,4,1676.06,35,4,4,4,12,Champions
13151,United Kingdom,2011-02-17 12:29:00,1,1257.87,316,1,1,4,6,Hibernating
13153,United Kingdom,2011-12-04 12:14:00,1,486.22,26,5,1,2,8,New Customers
13155,United Kingdom,2011-11-06 15:41:00,4,971.76,54,3,4,4,11,Loyal Customers
13157,United Kingdom,2011-10-21 13:50:00,4,1741.22,70,3,4,4,11,Loyal Customers
13158,United Kingdom,2011-09-06 11:58:00,4,1201.06,115,2,4,4,10,At Risk
13159,United Kingdom,2011-12-01 11:20:00,4,1437.85,29,5,4,4,13,Champions
13160,United Kingdom,2011-11-17 13:07:00,1,91.8,43,4,1,1,6,New Customers
13161,United Kingdom,2011-01-30 14:03:00,1,112.75,334,1,1,1,3,Hibernating
13162,United Kingdom,2011-08-09 15:59:00,4,1688.29,143,2,4,4,10,At Risk
13165,United Kingdom,2011-10-24 15:05:00,2,1021.48,67,3,2,4,9,Potential Loyalists
13166,United Kingdom,2011-03-01 15:16:00,1,417.2,304,1,1,2,4,Hibernating
13167,United Kingdom,2011-11-21 12:24:00,4,791.33,39,4,4,3,11,Loyal Customers
13168,United Kingdom,2011-11-03 12:56:00,4,1319.19,57,3,4,4,11,Loyal Customers
13169,United Kingdom,2011-10-07 12:11:00,2,712.88,84,3,2,3,8,Potential Loyalists
13170,United Kingdom,2011-11-13 12:19:00,1,116.01,47,4,1,1,6,New Customers
13171,United Kingdom,2011-11-18 10:27:00,3,468.41,42,4,3,2,9,Loyal Customers
13173,United Kingdom,2011-12-05 15:51:00,2,353.65,25,5,2,2,9,New Customers
13174,United Kingdom,2011-11-23 14:35:00,3,2817.03,37,4,3,5,12,Loyal Customers
13176,United Kingdom,2011-10-24 15:43:00,1,492.84,67,3,1,3,7,Potential Loyalists
13177,United Kingdom,2011-10-06 09:56:00,1,282.45,85,3,1,2,6,Needs Attention
13178,United Kingdom,2011-11-13 16:14:00,11,5725.47,47,4,5,5,14,Champions
13182,United Kingdom,2011-10-25 13:46:00,1,121.18,66,3,1,1,5,Needs Attention
13183,United Kingdom,2011-12-02 10:30:00,9,3957.78,28,5,5,5,15,Champions
13184,United Kingdom,2011-11-25 12:02:00,10,1701.29,35,4,5,4,13,Champions
13185,United Kingdom,2011-03-17 11:56:00,1,71.4,288,1,1,1,3,Hibernating
13186,United Kingdom,2011-10-31 11:40:00,3,1575.89,60,3,3,4,10,Loyal Customers
13187,United Kingdom,2011-01-06 18:57:00,1,236.02,358,1,1,1,3,Hibernating
13188,United Kingdom,2011-11-28 15:28:00,1,114.6,32,5,1,1,7,New Customers
13189,United Kingdom,2011-11-21 10:39:00,2,260.68,39,4,2,2,8,New Customers
13192,United Kingdom,2011-09-05 14:13:00,2,911.94,116,2,2,3,7,Hibernating
13193,United Kingdom,2011-10-09 14:30:00,1,117.88,82,3,1,1,5,Needs Attention
13194,United Kingdom,2011-07-27 09:01:00,1,60.7,156,2,1,1,4,Hibernating
13196,United Kingdom,2011-11-28 13:54:00,4,1797.78,32,5,4,4,13,Champions
13198,United Kingdom,2011-11-29 15:17:00,6,3401.24,31,5,5,5,15,Champions
13199,United Kingdom,2011-12-06 12:30:00,38,9817.12,24,5,5,5,15,Champions
13200,United Kingdom,2011-11-20 15:35:00,4,870.09,40,4,4,3,11,Loyal Customers
13203,United Kingdom,2011-11-30 10:45:00,4,869.46,30,5,4,3,12,Loyal Customers
13207,United Kingdom,2011-11-24 14:52:00,2,250.26,36,4,2,2,8,New Customers
13208,United Kingdom,2011-10-12 09:54:00,6,1223.9,79,3,5,4,12,Loyal Customers
13209,United Kingdom,2011-11-09 13:54:00,8,5891.61,51,4,5,5,14,Champions
13210,United Kingdom,2011-09-07 08:18:00,1,353.48,114,2,1,2,5,Hibernating
13211,United Kingdom,2011-11-29 14:43:00,3,1197.42,31,5,3,4,12,Loyal Customers
13212,United Kingdom,2011-11-20 12:40:00,3,788.08,40,4,3,3,10,Loyal Customers
13213,United Kingdom,2011-10-14 11:42:00,5,1520.58,77,3,4,4,11,Loyal Customers
13216,United Kingdom,2011-03-17 12:18:00,1,333.74,288,1,1,2,4,Hibernating
13217,United Kingdom,2011-08-09 15:32:00,3,533.98,143,2,3,3,8,At Risk
13218,United Kingdom,2011-08-04 16:59:00,1,62.64,148,2,1,1,4,Hibernating
13220,United Kingdom,2011-09-22 13:38:00,4,819.29,99,2,4,3,9,At Risk
13221,United Kingdom,2011-04-13 16:58:00,2,847.41,261,1,2,3,6,Hibernating
13223,United Kingdom,2011-05-23 13:03:00,2,163.2,221,1,2,1,4,Hibernating
13224,United Kingdom,2011-10-10 14:55:00,2,2155.95,81,3,2,5,10,Potential Loyalists
13225,United Kingdom,2011-12-06 13:29:00,7,6463.84,24,5,5,5,15,Champions
13226,United Kingdom,2011-03-11 14:35:00,1,108.21,294,1,1,1,3,Hibernating
13227,United Kingdom,2011-05-22 11:47:00,1,257.7,222,1,1,2,4,Hibernating
13228,United Kingdom,2011-09-19 14:28:00,1,358.0,102,2,1,2,5,Hibernating
13229,United Kingdom,2011-04-28 12:07:00,1,160.95,246,1,1,1,3,Hibernating
13230,United Kingdom,2011-12-05 16:03:00,14,2806.97,25,5,5,5,15,Champions
13232,United Kingdom,2011-11-27 10:39:00,7,1357.6,33,5,5,4,14,Champions
13233,United Kingdom,2011-09-26 13:25:00,2,605.12,95,2,2,3,7,Hibernating
13235,United Kingdom,2011-05-11 17:13:00,1,1031.07,233,1,1,4,6,Hibernating
13236,United Kingdom,2011-11-15 12:50:00,2,744.85,45,4,2,3,9,New Customers
13238,United Kingdom,2011-11-22 15:37:00,4,700.73,38,4,4,3,11,Loyal Customers
13239,United Kingdom,2011-03-23 10:25:00,1,329.56,282,1,1,2,4,Hibernating
13240,United Kingdom,2011-09-04 14:08:00,4,663.65,117,2,4,3,9,At Risk
13242,United Kingdom,2011-08-19 12:53:00,3,270.4,133,2,3,2,7,At Risk
13243,United Kingdom,2011-05-20 13:14:00,1,600.07,224,1,1,3,5,Hibernating
13244,United Kingdom,2011-09-08 11:46:00,1,121.74,113,2,1,1,4,Hibernating
13245,United Kingdom,2011-10-20 11:40:00,1,430.5,71,3,1,2,6,Needs Attention
13246,United Kingdom,2011-11-21 16:50:00,6,1987.3,39,4,5,4,13,Champions
13247,United Kingdom,2011-11-22 10:59:00,4,501.12,38,4,4,3,11,Loyal Customers
13248,United Kingdom,2011-08-07 12:40:00,2,465.68,145,2,2,2,6,Hibernating
13249,United Kingdom,2011-09-08 13:26:00,3,711.41,113,2,3,3,8,At Risk
13253,United Kingdom,2011-07-06 10:09:00,2,1030.4,177,2,2,4,8,Hibernating
13255,United Kingdom,2011-11-30 13:14:00,2,399.51,30,5,2,2,9,New Customers
13258,United Kingdom,2011-11-28 09:31:00,3,698.58,32,5,3,3,11,Loyal Customers
13259,United Kingdom,2011-10-09 10:48:00,1,292.32,82,3,1,2,6,Needs Attention
13260,United Kingdom,2011-10-09 13:21:00,1,557.62,82,3,1,3,7,Potential Loyalists
13261,United Kingdom,2011-03-16 12:22:00,2,944.1,289,1,2,4,7,Hibernating
13262,United Kingdom,2011-03-21 15:06:00,1,200.29,284,1,1,1,3,Hibernating
13263,United Kingdom,2011-12-08 13:59:00,35,7454.07,22,5,5,5,15,Champions
13265,United Kingdom,2011-10-17 15:02:00,5,2107.66,74,3,4,5,12,Loyal Customers
13266,United Kingdom,2011-11-28 14:39:00,12,3834.26,32,5,5,5,15,Champions
13267,United Kingdom,2011-12-07 11:12:00,19,4521.49,23,5,5,5,15,Champions
13268,United Kingdom,2011-11-22 11:51:00,11,3214.69,38,4,5,5,14,Champions
13269,United Kingdom,2011-12-08 14:53:00,15,5346.23,22,5,5,5,15,Champions
13270,United Kingdom,2010-12-08 14:53:00,1,590.0,387,1,1,3,5,Hibernating
13271,United Kingdom,2011-11-02 14:31:00,1,217.38,58,3,1,1,5,Needs Attention
13272,United Kingdom,2011-11-08 14:00:00,2,276.56,52,4,2,2,8,New Customers
13273,United Kingdom,2011-08-18 14:02:00,1,138.98,134,2,1,1,4,Hibernating
13276,United Kingdom,2011-10-07 12:44:00,2,590.93,84,3,2,3,8,Potential Loyalists
13277,United Kingdom,2011-11-24 09:21:00,4,258.4,36,4,4,2,10,Loyal Customers
13278,United Kingdom,2011-10-30 11:49:00,1,542.73,61,3,1,3,7,Potential Loyalists
13279,United Kingdom,2011-09-22 17:24:00,1,137.75,99,2,1,1,4,Hibernating
13280,United Kingdom,2011-08-09 13:14:00,3,814.86,143,2,3,3,8,At Risk
13282,United Kingdom,2011-11-21 15:33:00,3,1132.14,39,4,3,4,11,Loyal Customers
13283,United Kingdom,2011-10-11 09:50:00,2,93.66,80,3,2,1,6,Needs Attention
13284,United Kingdom,2011-01-13 09:23:00,1,201.19,351,1,1,1,3,Hibernating
13285,United Kingdom,2011-11-16 13:19:00,4,2709.12,44,4,4,5,13,Champions
13291,United Kingdom,2011-07-07 10:36:00,1,361.11,176,2,1,2,5,Hibernating
13292,United Kingdom,2011-11-01 10:04:00,2,578.94,59,3,2,3,8,Potential Loyalists
13294,United Kingdom,2011-06-03 08:54:00,2,873.74,210,1,2,3,6,Hibernating
13295,United Kingdom,2010-12-15 11:21:00,1,201.2,380,1,1,1,3,Hibernating
13296,United Kingdom,2011-07-25 13:46:00,1,87.4,158,2,1,1,4,Hibernating
13297,United Kingdom,2011-12-02 09:32:00,4,2089.85,28,5,4,5,14,Champions
13298,United Kingdom,2011-12-08 13:11:00,1,360.0,22,5,1,2,8,New Customers
13299,United Kingdom,2011-03-16 12:55:00,1,142.5,289,1,1,1,3,Hibernating
13300,United Kingdom,2011-06-23 13:09:00,1,371.89,190,2,1,2,5,Hibernating
13301,United Kingdom,2011-08-28 11:25:00,4,618.09,124,2,4,3,9,At Risk
13302,United Kingdom,2011-07-07 17:56:00,1,63.75,176,2,1,1,4,Hibernating
13304,United Kingdom,2010-12-23 14:35:00,1,300.42,372,1,1,2,4,Hibernating
13305,United Kingdom,2011-12-05 15:15:00,10,2000.86,25,5,5,4,14,Champions
13307,United Kingdom,2011-08-11 17:14:00,1,15.0,141,2,1,1,4,Hibernating
13308,United Kingdom,2011-11-17 09:31:00,3,1385.51,43,4,3,4,11,Loyal Customers
13309,United Kingdom,2011-12-02 16:34:00,5,1456.79,28,5,4,4,13,Champions
13310,United Kingdom,2011-11-11 17:23:00,3,1132.03,49,4,3,4,11,Loyal Customers
13311,United Kingdom,2011-12-05 12:55:00,2,598.57,25,5,2,3,10,New Customers
13313,United Kingdom,2011-11-17 16:48:00,5,1555.32,43,4,4,4,12,Champions
13314,United Kingdom,2011-12-08 12:29:00,3,775.94,22,5,3,3,11,Loyal Customers
13316,United Kingdom,2011-11-02 13:40:00,4,5977.73,58,3,4,5,12,Loyal Customers
13317,United Kingdom,2011-10-04 13:35:00,6,2273.68,87,3,5,5,13,Loyal Customers
13318,United Kingdom,2011-12-08 18:51:00,3,640.76,22,5,3,3,11,Loyal Customers
13319,United Kingdom,2011-12-04 13:34:00,26,10845.55,26,5,5,5,15,Champions
13320,United Kingdom,2011-09-22 18:07:00,4,1548.7,99,2,4,4,10,At Risk
13321,United Kingdom,2011-09-28 15:24:00,2,567.36,93,2,2,3,7,Hibernating
13322,United Kingdom,2011-11-22 14:21:00,1,199.48,38,4,1,1,6,New Customers
13323,United Kingdom,2011-12-06 17:12:00,5,787.85,24,5,4,3,12,Loyal Customers
13324,United Kingdom,2011-11-03 16:28:00,10,7121.95,57,3,5,5,13,Loyal Customers
13325,United Kingdom,2011-09-19 10:36:00,1,675.3,102,2,1,3,6,Hibernating
13327,United Kingdom,2011-11-01 10:21:00,8,3627.77,59,3,5,5,13,Loyal Customers
13328,United Kingdom,2011-01-27 15:22:00,1,1308.48,337,1,1,4,6,Hibernating
13329,United Kingdom,2011-11-08 10:29:00,2,789.0,52,4,2,3,9,New Customers
13330,United Kingdom,2011-09-08 12:27:00,3,1140.93,113,2,3,4,9,At Risk
13332,United Kingdom,2011-11-25 13:30:00,1,350.9,35,4,1,2,7,New Customers
13334,United Kingdom,2011-09-18 15:21:00,3,3536.82,103,2,3,5,10,At Risk
13336,United Kingdom,2011-09-23 14:05:00,1,795.12,98,2,1,3,6,Hibernating
13338,United Kingdom,2011-07-05 09:06:00,1,487.02,178,2,1,2,5,Hibernating
13339,United Kingdom,2011-05-23 08:31:00,1,860.12,221,1,1,3,5,Hibernating
13340,United Kingdom,2011-10-25 13:15:00,7,10736.48,66,3,5,5,13,Loyal Customers
13341,United Kingdom,2011-03-24 09:50:00,1,775.85,281,1,1,3,5,Hibernating
13343,United Kingdom,2011-06-15 12:24:00,1,353.43,198,2,1,2,5,Hibernating
13344,United Kingdom,2011-10-03 09:45:00,3,2543.72,88,3,3,5,11,Loyal Customers
13345,United Kingdom,2011-02-25 09:01:00,1,389.5,308,1,1,2,4,Hibernating
13347,United Kingdom,2011-09-30 13:28:00,1,341.36,91,3,1,2,6,Needs Attention
13348,United Kingdom,2011-10-06 17:28:00,1,233.76,85,3,1,1,5,Needs Attention
13349,United Kingdom,2011-11-29 08:07:00,1,247.32,31,5,1,1,7,New Customers
13350,United Kingdom,2011-11-23 16:33:00,2,979.12,37,4,2,4,10,New Customers
13351,United Kingdom,2011-10-04 12:55:00,1,373.94,87,3,1,2,6,Needs Attention
13352,United Kingdom,2011-10-10 13:55:00,1,397.98,81,3,1,2,6,Needs Attention
13354,United Kingdom,2011-09-29 13:17:00,1,743.53,92,3,1,3,7,Potential Loyalists
13355,United Kingdom,2011-08-09 14:48:00,1,674.7,143,2,1,3,6,Hibernating
13356,United Kingdom,2011-09-20 14:33:00,1,768.24,101,2,1,3,6,Hibernating
13357,United Kingdom,2011-03-27 13:56:00,1,609.95,278,1,1,3,5,Hibernating
13358,United Kingdom,2011-03-16 11:52:00,1,439.03,289,1,1,2,4,Hibernating
13359,United Kingdom,2011-10-07 09:30:00,1,439.56,84,3,1,2,6,Needs Attention
13362,United Kingdom,2011-11-30 14:41:00,4,3090.74,30,5,4,5,14,Champions
13363,United Kingdom,2011-11-22 12:40:00,2,992.5,38,4,2,4,10,New Customers
13364,United Kingdom,2011-09-29 18:13:00,1,134.96,92,3,1,1,5,Needs Attention
13365,United Kingdom,2011-11-06 12:36:00,2,2225.37,54,3,2,5,10,Potential Loyalists
13366,United Kingdom,2011-10-20 13:37:00,1,56.16,71,3,1,1,5,Needs Attention
13368,United Kingdom,2011-03-28 09:59:00,2,623.4,277,1,2,3,6,Hibernating
13369,United Kingdom,2010-12-09 11:30:00,1,308.28,386,1,1,2,4,Hibernating
13370,United Kingdom,2010-12-03 10:26:00,1,754.87,392,1,1,3,5,Hibernating
13372,United Kingdom,2011-09-11 12:46:00,1,378.64,110,2,1,2,5,Hibernating
13373,United Kingdom,2011-10-10 10:51:00,3,3312.25,81,3,3,5,11,Loyal Customers
13375,United Kingdom,2011-09-12 10:19:00,1,778.65,109,2,1,3,6,Hibernating
13376,United Kingdom,2011-09-01 16:16:00,3,1019.76,120,2,3,4,9,At Risk
13379,United Kingdom,2011-11-13 13:45:00,3,572.56,47,4,3,3,10,Loyal Customers
13381,United Kingdom,2011-11-08 11:58:00,6,3639.31,52,4,5,5,14,Champions
13382,United Kingdom,2011-03-04 10:03:00,1,222.99,301,1,1,1,3,Hibernating
13384,United Kingdom,2011-11-09 11:04:00,7,4151.93,51,4,5,5,14,Champions
13385,United Kingdom,2011-01-14 09:52:00,1,534.57,350,1,1,3,5,Hibernating
13388,United Kingdom,2011-07-31 12:52:00,2,677.1,152,2,2,3,7,Hibernating
13389,United Kingdom,2011-11-28 14:01:00,3,797.96,32,5,3,3,11,Loyal Customers
13390,United Kingdom,2011-09-26 08:38:00,1,544.08,95,2,1,3,6,Hibernating
13391,United Kingdom,2011-05-20 10:50:00,1,59.8,224,1,1,1,3,Hibernating
13394,United Kingdom,2011-12-08 11:36:00,8,2520.02,22,5,5,5,15,Champions
13395,United Kingdom,2011-06-07 15:04:00,1,307.72,206,1,1,2,4,Hibernating
13396,United Kingdom,2011-11-10 16:59:00,2,1360.99,50,4,2,4,10,New Customers
13397,United Kingdom,2011-09-28 10:56:00,5,1544.13,93,2,4,4,10,At Risk
13398,United Kingdom,2011-05-31 13:17:00,1,457.34,213,1,1,2,4,Hibernating
13402,United Kingdom,2011-08-04 15:51:00,2,621.23,148,2,2,3,7,Hibernating
13403,United Kingdom,2011-11-22 08:28:00,1,75.0,38,4,1,1,6,New Customers
13404,United Kingdom,2011-12-08 15:37:00,2,252.49,22,5,2,2,9,New Customers
13405,United Kingdom,2011-09-26 17:01:00,3,572.45,95,2,3,3,8,At Risk
13408,United Kingdom,2011-12-08 09:05:00,62,28117.04,22,5,5,5,15,Champions
13410,United Kingdom,2011-11-15 15:33:00,5,1003.06,45,4,4,4,12,Champions
13411,United Kingdom,2011-08-24 13:57:00,1,213.55,128,2,1,1,4,Hibernating
13414,United Kingdom,2011-07-29 11:45:00,3,1390.5,154,2,3,4,9,At Risk
13416,United Kingdom,2011-10-27 08:56:00,2,712.5,64,3,2,3,8,Potential Loyalists
13417,United Kingdom,2011-12-05 08:49:00,2,640.83,25,5,2,3,10,New Customers
13418,United Kingdom,2011-11-28 10:23:00,18,6127.43,32,5,5,5,15,Champions
13419,United Kingdom,2011-10-07 12:49:00,1,221.06,84,3,1,1,5,Needs Attention
13420,United Kingdom,2011-07-13 08:48:00,2,159.85,170,2,2,1,5,Hibernating
13421,United Kingdom,2011-10-30 14:21:00,2,1851.08,61,3,2,4,9,Potential Loyalists
13422,United Kingdom,2011-10-06 13:42:00,1,2626.3,85,3,1,5,9,Potential Loyalists
13425,United Kingdom,2011-08-23 17:13:00,3,1624.21,129,2,3,4,9,At Risk
13426,United Kingdom,2011-12-09 08:59:00,10,3641.32,21,5,5,5,15,Champions
13427,United Kingdom,2011-11-20 13:02:00,3,582.6,40,4,3,3,10,Loyal Customers
13428,United Kingdom,2011-11-29 14:20:00,1,218.47,31,5,1,1,7,New Customers
13429,United Kingdom,2011-11-29 09:10:00,4,1006.8,31,5,4,4,13,Champions
13430,United Kingdom,2011-11-21 08:19:00,2,679.45,39,4,2,3,9,New Customers
13431,United Kingdom,2011-10-03 13:49:00,2,1269.1,88,3,2,4,9,Potential Loyalists
13434,United Kingdom,2011-09-26 14:30:00,2,534.24,95,2,2,3,7,Hibernating
13435,United Kingdom,2011-12-04 14:45:00,7,3809.89,26,5,5,5,15,Champions
13436,United Kingdom,2011-12-08 10:33:00,1,196.89,22,5,1,1,7,New Customers
13437,United Kingdom,2011-11-25 14:00:00,7,3408.06,35,4,5,5,14,Champions
13439,United Kingdom,2011-03-29 14:20:00,1,283.71,276,1,1,2,4,Hibernating
13441,United Kingdom,2011-09-09 09:38:00,1,296.64,112,2,1,2,5,Hibernating
13447,United Kingdom,2011-11-16 13:38:00,3,1129.14,44,4,3,4,11,Loyal Customers
13448,United Kingdom,2011-11-23 12:33:00,6,3539.37,37,4,5,5,14,Champions
13449,United Kingdom,2011-11-16 08:28:00,1,291.88,44,4,1,2,7,New Customers
13450,United Kingdom,2011-11-13 11:54:00,6,2043.72,47,4,5,4,13,Champions
13451,United Kingdom,2011-11-13 15:58:00,5,2976.15,47,4,4,5,13,Champions
13452,United Kingdom,2011-03-25 14:19:00,2,590.0,280,1,2,3,6,Hibernating
13453,United Kingdom,2011-06-27 09:34:00,2,356.98,186,2,2,2,6,Hibernating
13455,United Kingdom,2011-11-15 11:21:00,2,1058.34,45,4,2,4,10,New Customers
13456,United Kingdom,2011-11-22 09:18:00,6,1766.72,38,4,5,4,13,Champions
13458,United Kingdom,2011-12-02 15:29:00,14,9646.57,28,5,5,5,15,Champions
13460,United Kingdom,2011-11-10 17:17:00,2,183.44,50,4,2,1,7,New Customers
13461,United Kingdom,2011-11-01 09:01:00,3,1445.0,59,3,3,4,10,Loyal Customers
13462,United Kingdom,2011-04-01 11:20:00,1,151.5,273,1,1,1,3,Hibernating
13464,United Kingdom,2011-10-12 15:01:00,1,674.68,79,3,1,3,7,Potential Loyalists
13466,United Kingdom,2011-06-08 16:39:00,1,307.9,205,1,1,2,4,Hibernating
13467,United Kingdom,2011-11-29 10:01:00,2,1083.71,31,5,2,4,11,New Customers
13468,United Kingdom,2011-12-08 10:39:00,37,5704.97,22,5,5,5,15,Champions
13470,United Kingdom,2011-09-01 14:57:00,2,165.0,120,2,2,1,5,Hibernating
13471,United Kingdom,2011-12-08 15:44:00,4,2531.58,22,5,4,5,14,Champions
13473,United Kingdom,2011-10-10 11:20:00,2,422.64,81,3,2,2,7,Needs Attention
13474,United Kingdom,2011-04-17 13:53:00,1,229.59,257,1,1,1,3,Hibernating
13475,United Kingdom,2011-06-01 13:52:00,4,1431.78,212,1,4,4,9,At Risk
13476,United Kingdom,2011-06-14 12:00:00,2,1238.47,199,2,2,4,8,Hibernating
13477,United Kingdom,2011-11-02 12:04:00,6,1454.58,58,3,5,4,12,Loyal Customers
13479,United Kingdom,2011-05-23 10:45:00,2,300.95,221,1,2,2,5,Hibernating
13481,United Kingdom,2011-10-25 09:07:00,5,1804.56,66,3,4,4,11,Loyal Customers
13482,United Kingdom,2011-04-21 17:03:00,1,184.64,253,1,1,1,3,Hibernating
13483,United Kingdom,2011-10-05 11:53:00,1,140.34,86,3,1,1,5,Needs Attention
13484,United Kingdom,2011-04-12 16:30:00,1,313.8,262,1,1,2,4,Hibernating
13485,United Kingdom,2011-04-20 13:58:00,1,454.24,254,1,1,2,4,Hibernating
13486,United Kingdom,2011-09-22 13:13:00,3,1122.41,99,2,3,4,9,At Risk
13487,United Kingdom,2011-10-13 12:07:00,3,575.4,78,3,3,3,9,Loyal Customers
13488,United Kingdom,2011-11-22 14:41:00,13,8968.31,38,4,5,5,14,Champions
13489,United Kingdom,2011-08-26 13:16:00,4,449.52,126,2,4,2,8,At Risk
13491,United Kingdom,2011-10-19 08:32:00,10,1215.82,72,3,5,4,12,Loyal Customers
13492,Switzerland,2011-07-26 14:25:00,3,1269.84,157,2,3,4,9,At Risk
13493,Switzerland,2011-03-09 15:35:00,2,618.63,296,1,2,3,6,Hibernating
13494,United Kingdom,2011-02-01 11:58:00,1,316.26,332,1,1,2,4,Hibernating
13495,United Kingdom,2011-12-02 11:21:00,5,2044.87,28,5,4,4,13,Champions
13496,United Kingdom,2011-11-29 10:58:00,2,653.33,31,5,2,3,10,New Customers
13497,United Kingdom,2011-03-02 09:04:00,2,348.05,303,1,2,2,5,Hibernating
13499,United Kingdom,2011-11-22 11:21:00,5,1159.11,38,4,4,4,12,Champions
13500,United Kingdom,2011-11-16 15:35:00,3,1166.77,44,4,3,4,11,Loyal Customers
13501,Switzerland,2011-02-24 18:59:00,1,1340.32,309,1,1,4,6,Hibernating
13502,United Kingdom,2011-11-23 10:39:00,3,292.0,37,4,3,2,9,Loyal Customers
13503,United Kingdom,2011-09-29 13:23:00,1,216.85,92,3,1,1,5,Needs Attention
13504,United Kingdom,2011-10-06 13:20:00,1,295.93,85,3,1,2,6,Needs Attention
13505,Switzerland,2011-09-28 11:56:00,4,4393.63,93,2,4,5,11,At Risk
13506,United Kingdom,2011-01-27 13:53:00,2,458.52,337,1,2,2,5,Hibernating
13507,United Kingdom,2011-12-06 13:13:00,4,2479.16,24,5,4,5,14,Champions
13508,United Kingdom,2011-04-10 11:58:00,1,110.97,264,1,1,1,3,Hibernating
13509,United Kingdom,2011-12-01 10:10:00,7,979.72,29,5,5,4,14,Champions
13510,United Kingdom,2011-12-08 13:46:00,4,1791.56,22,5,4,4,13,Champions
13512,United Kingdom,2011-03-24 10:03:00,1,251.21,281,1,1,2,4,Hibernating
13513,United Kingdom,2011-08-05 11:50:00,1,205.1,147,2,1,1,4,Hibernating
13514,United Kingdom,2011-09-27 09:39:00,1,152.2,94,2,1,1,4,Hibernating
13515,United Kingdom,2011-09-28 11:26:00,4,891.12,93,2,4,3,9,At Risk
13516,United Kingdom,2011-11-18 13:15:00,3,1389.41,42,4,3,4,11,Loyal Customers
13517,United Kingdom,2011-10-11 11:43:00,3,2128.42,80,3,3,5,11,Loyal Customers
13518,United Kingdom,2011-09-15 10:29:00,1,659.44,106,2,1,3,6,Hibernating
13519,United Kingdom,2011-09-22 18:24:00,1,122.75,99,2,1,1,4,Hibernating
13520,Switzerland,2011-10-12 10:20:00,6,3624.35,79,3,5,5,13,Loyal Customers
13521,United Kingdom,2011-12-08 13:50:00,3,1093.65,22,5,3,4,12,Loyal Customers
13522,United Kingdom,2011-11-09 15:11:00,1,125.8,51,4,1,1,6,New Customers
13523,United Kingdom,2011-11-06 15:11:00,5,3964.88,54,3,4,5,12,Loyal Customers
13524,United Kingdom,2011-10-30 12:34:00,5,680.18,61,3,4,3,10,Loyal Customers
13525,United Kingdom,2011-11-25 12:01:00,2,628.78,35,4,2,3,9,New Customers
13527,United Kingdom,2011-11-06 12:04:00,7,2287.51,54,3,5,5,13,Loyal Customers
13529,United Kingdom,2011-09-22 09:15:00,2,307.76,99,2,2,2,6,Hibernating
13531,United Kingdom,2011-05-18 16:56:00,2,483.8,226,1,2,2,5,Hibernating
13532,United Kingdom,2011-11-06 12:25:00,1,210.31,54,3,1,1,5,Needs Attention
13533,United Kingdom,2011-06-10 11:54:00,3,270.79,203,1,3,2,6,At Risk
13534,United Kingdom,2011-12-07 14:52:00,25,5870.08,23,5,5,5,15,Champions
13536,United Kingdom,2011-12-08 16:38:00,7,3448.29,22,5,5,5,15,Champions
13538,United Kingdom,2011-10-27 16:34:00,7,1280.85,64,3,5,4,12,Loyal Customers
13539,United Kingdom,2011-09-15 10:18:00,3,631.34,106,2,3,3,8,At Risk
13544,United Kingdom,2011-10-31 11:57:00,2,291.41,60,3,2,2,7,Needs Attention
13546,United Kingdom,2011-11-27 14:50:00,3,626.99,33,5,3,3,11,Loyal Customers
13548,United Kingdom,2011-09-04 14:50:00,2,682.41,117,2,2,3,7,Hibernating
13549,United Kingdom,2011-11-14 09:20:00,7,918.2,46,4,5,3,12,Loyal Customers
13551,United Kingdom,2011-01-24 14:46:00,1,91.8,340,1,1,1,3,Hibernating
13552,United Kingdom,2011-10-04 15:19:00,12,3740.07,87,3,5,5,13,Loyal Customers
13555,United Kingdom,2011-09-27 12:36:00,4,4149.28,94,2,4,5,11,At Risk
13557,United Kingdom,2011-11-11 15:24:00,2,584.06,49,4,2,3,9,New Customers
13558,United Kingdom,2011-12-04 11:24:00,4,605.06,26,5,4,3,12,Loyal Customers
13560,United Kingdom,2011-12-02 13:11:00,1,174.37,28,5,1,1,7,New Customers
13561,United Kingdom,2011-05-08 12:39:00,1,141.86,236,1,1,1,3,Hibernating
13562,United Kingdom,2011-09-19 10:51:00,3,1799.33,102,2,3,4,9,At Risk
13563,United Kingdom,2011-09-16 14:45:00,2,777.53,105,2,2,3,7,Hibernating
13564,United Kingdom,2011-07-18 14:33:00,3,1749.02,165,2,3,4,9,At Risk
13565,United Kingdom,2011-11-20 14:33:00,2,240.22,40,4,2,1,7,New Customers
13566,United Kingdom,2011-10-30 11:59:00,2,874.71,61,3,2,3,8,Potential Loyalists
13568,United Kingdom,2011-06-19 14:42:00,1,192.85,194,2,1,1,4,Hibernating
13569,United Kingdom,2011-11-22 13:07:00,2,373.75,38,4,2,2,8,New Customers
13570,United Kingdom,2011-04-10 13:36:00,1,239.49,264,1,1,1,3,Hibernating
13571,United Kingdom,2011-11-27 10:47:00,12,2092.32,33,5,5,5,15,Champions
13572,United Kingdom,2011-05-18 11:59:00,1,1384.25,226,1,1,4,6,Hibernating
13573,United Kingdom,2011-10-20 14:33:00,2,294.4,71,3,2,2,7,Needs Attention
13575,United Kingdom,2011-11-16 13:14:00,5,732.07,44,4,4,3,11,Loyal Customers
13576,United Kingdom,2011-11-29 15:34:00,18,6717.34,31,5,5,5,15,Champions
13577,United Kingdom,2011-11-14 15:19:00,4,1687.6,46,4,4,4,12,Champions
13579,United Kingdom,2011-11-25 08:41:00,2,467.04,35,4,2,2,8,New Customers
13581,United Kingdom,2011-02-03 14:41:00,1,118.0,330,1,1,1,3,Hibernating
13583,United Kingdom,2011-07-07 10:40:00,1,781.03,176,2,1,3,6,Hibernating
13584,United Kingdom,2011-02-06 12:49:00,1,142.4,327,1,1,1,3,Hibernating
13587,United Kingdom,2011-10-07 12:31:00,1,712.4,84,3,1,3,7,Potential Loyalists
13588,United Kingdom,2011-11-24 10:42:00,9,2478.95,36,4,5,5,14,Champions
13589,United Kingdom,2011-11-25 12:10:00,2,379.65,35,4,2,2,8,New Customers
13590,United Kingdom,2011-11-28 12:54:00,6,1981.92,32,5,5,4,14,Champions
13591,United Kingdom,2011-10-06 12:26:00,3,1117.13,85,3,3,4,10,Loyal Customers
13592,United Kingdom,2011-11-04 09:49:00,4,247.96,56,3,4,1,8,Loyal Customers
13593,United Kingdom,2011-08-23 13:35:00,5,2037.08,129,2,4,4,10,At Risk
13594,United Kingdom,2011-10-18 10:19:00,1,396.97,73,3,1,2,6,Needs Attention
13596,United Kingdom,2011-12-04 12:01:00,2,697.04,26,5,2,3,10,New Customers
13598,United Kingdom,2011-10-23 14:28:00,1,180.17,68,3,1,1,5,Needs Attention
13599,United Kingdom,2011-12-08 16:10:00,21,5153.67,22,5,5,5,15,Champions
13600,United Kingdom,2011-01-31 15:27:00,1,219.52,333,1,1,1,3,Hibernating
13601,United Kingdom,2011-10-25 17:31:00,2,693.32,66,3,2,3,8,Potential Loyalists
13602,United Kingdom,2011-10-06 11:47:00,1,428.89,85,3,1,2,6,Needs Attention
13603,United Kingdom,2011-11-13 15:57:00,1,164.34,47,4,1,1,6,New Customers
13606,United Kingdom,2011-11-10 17:46:00,3,280.54,50,4,3,2,9,Loyal Customers
13607,United Kingdom,2011-10-30 16:17:00,1,678.01,61,3,1,3,7,Potential Loyalists
13610,United Kingdom,2011-11-27 15:38:00,7,1131.88,33,5,5,4,14,Champions
13611,United Kingdom,2011-09-11 14:51:00,3,1171.8,110,2,3,4,9,At Risk
13614,United Kingdom,2011-11-15 14:47:00,4,1610.46,45,4,4,4,12,Champions
13615,United Kingdom,2011-01-25 08:21:00,1,417.69,339,1,1,2,4,Hibernating
13617,United Kingdom,2011-10-30 13:50:00,3,544.18,61,3,3,3,9,Loyal Customers
13618,United Kingdom,2011-06-19 11:09:00,1,177.34,194,2,1,1,4,Hibernating
13621,United Kingdom,2011-08-15 08:26:00,1,213.85,137,2,1,1,4,Hibernating
13623,United Kingdom,2011-11-09 12:00:00,5,747.78,51,4,4,3,11,Loyal Customers
13626,United Kingdom,2011-04-01 10:05:00,1,257.23,273,1,1,2,4,Hibernating
13627,United Kingdom,2011-10-11 14:20:00,5,1638.47,80,3,4,4,11,Loyal Customers
13629,United Kingdom,2011-11-16 13:21:00,11,7792.36,44,4,5,5,14,Champions
13630,United Kingdom,2011-12-04 15:16:00,7,2031.78,26,5,5,4,14,Champions
13631,United Kingdom,2011-09-01 09:57:00,11,3070.42,120,2,5,5,12,At Risk
13632,United Kingdom,2011-11-15 10:51:00,5,2121.27,45,4,4,5,13,Champions
13634,United Kingdom,2011-11-06 13:40:00,5,1575.16,54,3,4,4,11,Loyal Customers
13635,United Kingdom,2011-10-03 10:55:00,1,1071.03,88,3,1,4,8,Potential Loyalists
13636,United Kingdom,2011-11-03 10:30:00,5,949.12,57,3,4,4,11,Loyal Customers
13637,United Kingdom,2011-10-18 13:32:00,3,810.5,73,3,3,3,9,Loyal Customers
13638,United Kingdom,2011-11-24 10:38:00,1,122.64,36,4,1,1,6,New Customers
13639,United Kingdom,2011-09-26 13:36:00,1,1033.34,95,2,1,4,7,Hibernating
13642,United Kingdom,2011-05-08 12:34:00,1,354.8,236,1,1,2,4,Hibernating
13643,United Kingdom,2011-11-08 15:37:00,3,519.44,52,4,3,3,10,Loyal Customers
13644,United Kingdom,2011-11-23 14:07:00,4,2624.26,37,4,4,5,13,Champions
13645,United Kingdom,2011-08-11 16:11:00,1,252.1,141,2,1,2,5,Hibernating
13647,United Kingdom,2011-11-30 12:00:00,4,1678.12,30,5,4,4,13,Champions
13649,United Kingdom,2011-03-28 11:51:00,2,346.6,277,1,2,2,5,Hibernating
13650,United Kingdom,2011-11-23 12:22:00,6,1836.34,37,4,5,4,13,Champions
13651,United Kingdom,2011-11-04 14:59:00,2,94.2,56,3,2,1,6,Needs Attention
13652,United Kingdom,2011-10-25 08:51:00,3,1095.08,66,3,3,4,10,Loyal Customers
13654,United Kingdom,2011-10-27 16:24:00,6,2707.33,64,3,5,5,13,Loyal Customers
13655,United Kingdom,2011-08-17 14:25:00,2,932.97,135,2,2,3,7,Hibernating
13656,United Kingdom,2011-06-28 10:31:00,2,379.65,185,2,2,2,6,Hibernating
13657,United Kingdom,2011-11-29 12:32:00,2,382.14,31,5,2,2,9,New Customers
13658,United Kingdom,2011-11-30 10:13:00,5,2639.17,30,5,4,5,14,Champions
13659,United Kingdom,2011-05-18 12:37:00,2,1573.2,226,1,2,4,7,Hibernating
13662,United Kingdom,2011-09-15 12:04:00,3,897.76,106,2,3,3,8,At Risk
13663,United Kingdom,2011-06-13 15:44:00,1,189.47,200,2,1,1,4,Hibernating
13666,United Kingdom,2011-10-10 15:39:00,3,84.65,81,3,3,1,7,Loyal Customers
13667,United Kingdom,2011-07-13 15:42:00,1,305.02,170,2,1,2,5,Hibernating
13668,United Kingdom,2011-12-07 12:11:00,21,6363.59,23,5,5,5,15,Champions
13669,United Kingdom,2011-10-20 09:32:00,2,218.55,71,3,2,1,6,Needs Attention
13670,United Kingdom,2011-09-25 15:25:00,1,349.7,96,2,1,2,5,Hibernating
13672,United Kingdom,2011-02-11 13:53:00,2,186.39,322,1,2,1,4,Hibernating
13673,United Kingdom,2011-11-21 12:11:00,2,396.92,39,4,2,2,8,New Customers
13675,United Kingdom,2011-07-11 12:57:00,2,486.82,172,2,2,2,6,Hibernating
13678,United Kingdom,2011-07-11 10:14:00,1,232.6,172,2,1,1,4,Hibernating
13680,United Kingdom,2011-12-08 13:47:00,4,3722.42,22,5,4,5,14,Champions
13681,United Kingdom,2011-11-22 11:13:00,4,827.83,38,4,4,3,11,Loyal Customers
13682,United Kingdom,2011-06-05 14:06:00,1,59.5,208,1,1,1,3,Hibernating
13684,United Kingdom,2011-02-27 10:13:00,1,67.23,306,1,1,1,3,Hibernating
13685,United Kingdom,2011-12-07 11:41:00,7,3119.44,23,5,5,5,15,Champions
13686,United Kingdom,2011-06-10 09:10:00,1,72.0,203,1,1,1,3,Hibernating
13689,United Kingdom,2011-10-07 13:21:00,1,910.0,84,3,1,3,7,Potential Loyalists
13690,United Kingdom,2011-10-11 15:03:00,1,172.25,80,3,1,1,5,Needs Attention
13692,United Kingdom,2011-11-15 11:17:00,3,1488.32,45,4,3,4,11,Loyal Customers
13694,United Kingdom,2011-12-06 09:32:00,50,65039.62,24,5,5,5,15,Champions
13695,United Kingdom,2011-11-08 14:26:00,15,2504.13,52,4,5,5,14,Champions
13697,United Kingdom,2011-11-01 09:14:00,1,151.3,59,3,1,1,5,Needs Attention
13699,United Kingdom,2011-07-07 16:51:00,1,308.58,176,2,1,2,5,Hibernating
13700,United Kingdom,2011-11-13 13:00:00,10,2265.12,47,4,5,5,14,Champions
13703,United Kingdom,2011-01-25 13:10:00,1,99.5,339,1,1,1,3,Hibernating
13704,United Kingdom,2011-12-04 15:13:00,9,2308.06,26,5,5,5,15,Champions
13705,United Kingdom,2011-12-02 12:32:00,3,711.86,28,5,3,3,11,Loyal Customers
13706,United Kingdom,2011-02-10 09:21:00,1,330.79,323,1,1,2,4,Hibernating
13707,United Kingdom,2011-03-17 18:03:00,2,806.41,288,1,2,3,6,Hibernating
13708,United Kingdom,2011-03-13 13:46:00,1,296.88,292,1,1,2,4,Hibernating
13709,United Kingdom,2011-12-06 10:28:00,13,6328.05,24,5,5,5,15,Champions
13710,United Kingdom,2011-11-08 08:16:00,1,180.48,52,4,1,1,6,New Customers
13711,United Kingdom,2011-05-05 10:31:00,2,252.06,239,1,2,2,5,Hibernating
13712,United Kingdom,2011-04-07 12:33:00,1,228.84,267,1,1,1,3,Hibernating
13715,United Kingdom,2011-03-03 19:21:00,5,1079.34,302,1,4,4,9,At Risk
13716,United Kingdom,2011-03-15 13:49:00,1,138.28,290,1,1,1,3,Hibernating
13717,United Kingdom,2011-11-07 14:13:00,6,1445.01,53,4,5,4,13,Champions
13718,United Kingdom,2011-04-07 13:24:00,2,306.55,267,1,2,2,5,Hibernating
13719,United Kingdom,2011-11-24 15:26:00,5,1041.68,36,4,4,4,12,Champions
13720,United Kingdom,2011-08-15 12:46:00,4,799.9,137,2,4,3,9,At Risk
13721,United Kingdom,2011-11-03 14:05:00,1,524.14,57,3,1,3,7,Potential Loyalists
13722,United Kingdom,2011-07-31 12:44:00,3,2375.41,152,2,3,5,10,At Risk
13723,United Kingdom,2011-05-06 17:04:00,1,199.85,238,1,1,1,3,Hibernating
13725,United Kingdom,2011-10-21 10:03:00,8,1980.56,70,3,5,4,12,Loyal Customers
13726,United Kingdom,2011-11-01 10:49:00,2,1079.66,59,3,2,4,9,Potential Loyalists
13727,United Kingdom,2011-11-11 09:46:00,2,333.48,49,4,2,2,8,New Customers
13728,United Kingdom,2011-11-03 10:49:00,6,1016.14,57,3,5,4,12,Loyal Customers
13730,United Kingdom,2011-07-27 08:35:00,2,752.6,156,2,2,3,7,Hibernating
13731,United Kingdom,2011-05-04 14:33:00,2,610.59,240,1,2,3,6,Hibernating
13732,United Kingdom,2011-11-11 15:49:00,1,491.86,49,4,1,3,8,New Customers
13735,United Kingdom,2011-11-15 11:14:00,4,2885.24,45,4,4,5,13,Champions
13736,United Kingdom,2011-12-04 15:19:00,2,731.9,26,5,2,3,10,New Customers
13737,United Kingdom,2011-05-23 16:32:00,1,339.6,221,1,1,2,4,Hibernating
13739,United Kingdom,2011-11-21 13:35:00,1,216.9,39,4,1,1,6,New Customers
13740,United Kingdom,2011-04-13 10:32:00,1,350.75,261,1,1,2,4,Hibernating
13741,United Kingdom,2011-09-29 09:19:00,3,668.43,92,3,3,3,9,Loyal Customers
13742,United Kingdom,2011-11-23 11:07:00,12,3131.02,37,4,5,5,14,Champions
13743,United Kingdom,2011-12-07 10:09:00,7,1341.6,23,5,5,4,14,Champions
13744,United Kingdom,2011-09-05 15:19:00,2,1156.36,116,2,2,4,8,Hibernating
13745,United Kingdom,2011-06-30 16:43:00,1,300.04,183,2,1,2,5,Hibernating
13747,United Kingdom,2010-12-01 10:37:00,1,79.6,394,1,1,1,3,Hibernating
13748,United Kingdom,2011-09-05 09:45:00,5,948.25,116,2,4,4,10,At Risk
13750,United Kingdom,2011-10-17 12:16:00,5,1647.26,74,3,4,4,11,Loyal Customers
13751,United Kingdom,2011-02-24 15:56:00,1,296.25,309,1,1,2,4,Hibernating
13752,United Kingdom,2011-08-07 14:16:00,6,1186.28,145,2,5,4,11,At Risk
13753,United Kingdom,2011-02-25 12:48:00,1,741.26,308,1,1,3,5,Hibernating
13754,United Kingdom,2011-07-11 11:51:00,2,282.6,172,2,2,2,6,Hibernating
13755,United Kingdom,2011-12-06 12:26:00,9,2161.35,24,5,5,5,15,Champions
13756,United Kingdom,2011-12-07 16:44:00,14,5189.52,23,5,5,5,15,Champions
13758,United Kingdom,2011-11-28 11:11:00,7,3190.55,32,5,5,5,15,Champions
13759,United Kingdom,2011-11-06 14:47:00,2,659.41,54,3,2,3,8,Potential Loyalists
13760,United Kingdom,2011-10-16 16:13:00,2,286.79,75,3,2,2,7,Needs Attention
13761,United Kingdom,2011-10-20 14:01:00,2,1070.65,71,3,2,4,9,Potential Loyalists
13762,United Kingdom,2011-05-05 09:15:00,1,306.72,239,1,1,2,4,Hibernating
13763,United Kingdom,2011-10-07 15:13:00,1,1714.96,84,3,1,4,8,Potential Loyalists
13764,United Kingdom,2011-09-30 12:03:00,3,1521.76,91,3,3,4,10,Loyal Customers
13767,United Kingdom,2011-12-07 15:00:00,37,17220.36,23,5,5,5,15,Champions
13769,United Kingdom,2011-12-07 15:08:00,10,2796.51,23,5,5,5,15,Champions
13771,United Kingdom,2011-10-06 14:18:00,4,2634.45,85,3,4,5,12,Loyal Customers
13772,United Kingdom,2011-11-06 11:43:00,3,1132.13,54,3,3,4,10,Loyal Customers
13774,United Kingdom,2011-09-19 12:06:00,1,345.0,102,2,1,2,5,Hibernating
13777,United Kingdom,2011-12-09 12:25:00,33,25977.16,21,5,5,5,15,Champions
13778,United Kingdom,2011-08-28 15:25:00,1,178.7,124,2,1,1,4,Hibernating
13780,United Kingdom,2011-12-02 13:49:00,2,360.01,28,5,2,2,9,New Customers
13781,United Kingdom,2011-04-03 12:08:00,1,127.84,271,1,1,1,3,Hibernating
13782,United Kingdom,2011-11-27 11:54:00,6,912.0,33,5,5,3,13,Loyal Customers
13784,United Kingdom,2011-11-30 09:33:00,11,2462.79,30,5,5,5,15,Champions
13786,United Kingdom,2010-12-07 13:53:00,1,230.4,388,1,1,1,3,Hibernating
13787,United Kingdom,2011-09-25 12:06:00,2,309.04,96,2,2,2,6,Hibernating
13790,United Kingdom,2011-12-05 15:48:00,1,348.8,25,5,1,2,8,New Customers
13791,United Kingdom,2011-08-04 11:44:00,2,1516.0,148,2,2,4,8,Hibernating
13792,United Kingdom,2011-10-04 14:31:00,2,195.55,87,3,2,1,6,Needs Attention
13798,United Kingdom,2011-12-08 15:51:00,57,37153.85,22,5,5,5,15,Champions
13799,United Kingdom,2011-08-15 12:07:00,2,688.86,137,2,2,3,7,Hibernating
13800,United Kingdom,2011-02-03 12:27:00,1,558.32,330,1,1,3,5,Hibernating
13801,United Kingdom,2011-10-04 10:15:00,1,324.8,87,3,1,2,6,Needs Attention
13802,United Kingdom,2011-07-24 10:54:00,3,4599.42,159,2,3,5,10,At Risk
13803,United Kingdom,2011-03-29 12:57:00,1,277.07,276,1,1,2,4,Hibernating
13804,United Kingdom,2011-11-09 12:32:00,7,2635.79,51,4,5,5,14,Champions
13805,United Kingdom,2011-10-18 14:50:00,2,924.6,73,3,2,3,8,Potential Loyalists
13806,United Kingdom,2011-10-07 11:43:00,1,256.38,84,3,1,2,6,Needs Attention
13807,United Kingdom,2010-12-07 15:48:00,1,112.6,388,1,1,1,3,Hibernating
13808,United Kingdom,2011-12-04 12:18:00,5,1747.66,26,5,4,4,13,Champions
13809,Cyprus,2011-02-07 13:15:00,1,155.05,326,1,1,1,3,Hibernating
13810,Germany,2011-11-11 08:33:00,3,1499.01,49,4,3,4,11,Loyal Customers
13811,Germany,2011-06-09 09:54:00,3,814.5,204,1,3,3,7,At Risk
13812,Germany,2011-10-28 14:27:00,3,539.0,63,3,3,3,9,Loyal Customers
13813,Germany,2011-10-31 10:38:00,4,1366.86,60,3,4,4,11,Loyal Customers
13814,Germany,2011-09-08 13:48:00,2,1579.12,113,2,2,4,8,Hibernating
13815,Germany,2011-11-17 14:19:00,4,4027.36,43,4,4,5,13,Champions
13816,Germany,2011-11-16 08:38:00,2,571.67,44,4,2,3,9,New Customers
13817,Germany,2011-11-10 17:49:00,2,382.98,50,4,2,2,8,New Customers
13819,United Kingdom,2011-02-11 10:38:00,3,1140.35,322,1,3,4,8,At Risk
13821,United Kingdom,2011-07-18 09:49:00,2,385.64,165,2,2,2,6,Hibernating
13822,United Kingdom,2011-12-04 12:13:00,2,632.0,26,5,2,3,10,New Customers
13823,United Kingdom,2011-11-21 10:22:00,2,957.66,39,4,2,4,10,New Customers
13824,United Kingdom,2011-11-07 12:41:00,5,1698.94,53,4,4,4,12,Champions
13826,United Kingdom,2011-06-16 13:48:00,1,189.5,197,2,1,1,4,Hibernating
13827,United Kingdom,2011-10-13 12:38:00,3,412.05,78,3,3,2,8,Loyal Customers
13828,United Kingdom,2011-11-17 16:02:00,1,209.49,43,4,1,1,6,New Customers
13831,United Kingdom,2011-11-23 15:41:00,6,2202.99,37,4,5,5,14,Champions
13832,United Kingdom,2011-11-20 15:36:00,1,52.2,40,4,1,1,6,New Customers
13833,United Kingdom,2011-07-03 13:27:00,1,384.8,180,2,1,2,5,Hibernating
13835,United Kingdom,2011-11-14 15:37:00,4,834.57,46,4,4,3,11,Loyal Customers
13837,United Kingdom,2011-05-12 12:10:00,2,271.24,232,1,2,2,5,Hibernating
13838,United Kingdom,2011-12-04 11:00:00,4,691.73,26,5,4,3,12,Loyal Customers
13841,United Kingdom,2011-04-01 12:10:00,1,85.0,273,1,1,1,3,Hibernating
13842,United Kingdom,2011-10-12 10:51:00,9,3385.62,79,3,5,5,13,Loyal Customers
13844,United Kingdom,2011-11-28 13:21:00,1,361.62,32,5,1,2,8,New Customers
13845,United Kingdom,2011-10-06 08:25:00,1,312.98,85,3,1,2,6,Needs Attention
13846,United Kingdom,2011-11-15 12:07:00,3,865.06,45,4,3,3,10,Loyal Customers
13848,United Kingdom,2011-09-08 12:58:00,3,1255.0,113,2,3,4,9,At Risk
13849,United Kingdom,2011-10-19 10:59:00,2,1537.95,72,3,2,4,9,Potential Loyalists
13850,United Kingdom,2011-08-02 14:04:00,1,1595.48,150,2,1,4,7,Hibernating
13851,United Kingdom,2011-09-05 12:36:00,3,2651.46,116,2,3,5,10,At Risk
13853,United Kingdom,2011-10-13 14:18:00,1,1090.14,78,3,1,4,8,Potential Loyalists
13854,United Kingdom,2011-12-01 09:06:00,25,8109.52,29,5,5,5,15,Champions
13856,United Kingdom,2011-06-24 10:03:00,3,388.5,189,2,3,2,7,At Risk
13858,United Kingdom,2011-10-13 16:17:00,1,216.17,78,3,1,1,5,Needs Attention
13859,United Kingdom,2011-01-17 16:14:00,1,201.16,347,1,1,1,3,Hibernating
13860,United Kingdom,2011-12-08 12:57:00,5,1245.9,22,5,4,4,13,Champions
13862,United Kingdom,2011-11-21 16:24:00,8,2209.36,39,4,5,5,14,Champions
13863,United Kingdom,2011-04-06 10:20:00,1,305.78,268,1,1,2,4,Hibernating
13865,United Kingdom,2011-10-12 13:31:00,4,501.56,79,3,4,3,10,Loyal Customers
13866,United Kingdom,2011-09-26 14:54:00,1,145.67,95,2,1,1,4,Hibernating
13867,United Kingdom,2011-11-08 15:48:00,3,1015.29,52,4,3,4,11,Loyal Customers
13868,United Kingdom,2011-12-02 16:32:00,2,3192.54,28,5,2,5,12,New Customers
13869,United Kingdom,2011-08-08 13:53:00,4,3104.95,144,2,4,5,11,At Risk
13870,United Kingdom,2011-12-07 13:23:00,8,2770.94,23,5,5,5,15,Champions
13871,United Kingdom,2011-11-17 10:49:00,13,6403.25,43,4,5,5,14,Champions
13873,United Kingdom,2011-08-12 10:08:00,3,389.6,140,2,3,2,7,At Risk
13874,United Kingdom,2010-12-16 18:20:00,1,540.45,379,1,1,3,5,Hibernating
13875,United Kingdom,2011-10-17 09:36:00,5,1786.79,74,3,4,4,11,Loyal Customers
13876,United Kingdom,2011-10-07 10:22:00,1,122.7,84,3,1,1,5,Needs Attention
13877,United Kingdom,2011-09-14 15:49:00,1,117.24,107,2,1,1,4,Hibernating
13878,United Kingdom,2011-10-16 12:19:00,1,1281.53,75,3,1,4,8,Potential Loyalists
13880,United Kingdom,2011-11-18 13:44:00,13,3219.77,42,4,5,5,14,Champions
13881,United Kingdom,2011-12-06 12:50:00,20,17159.52,24,5,5,5,15,Champions
13882,United Kingdom,2011-12-07 11:16:00,5,1191.13,23,5,4,4,13,Champions
13883,United Kingdom,2011-11-29 10:45:00,5,2674.48,31,5,4,5,14,Champions
13884,United Kingdom,2011-12-02 16:30:00,5,787.6,28,5,4,3,12,Loyal Customers
13885,United Kingdom,2011-06-03 15:07:00,2,506.8,210,1,2,3,6,Hibernating
13886,United Kingdom,2011-09-29 13:17:00,1,243.56,92,3,1,1,5,Needs Attention
13887,United Kingdom,2011-05-19 17:22:00,1,349.55,225,1,1,2,4,Hibernating
13888,United Kingdom,2011-08-12 10:13:00,2,605.63,140,2,2,3,7,Hibernating
13889,United Kingdom,2011-09-08 09:13:00,1,416.9,113,2,1,2,5,Hibernating
13890,United Kingdom,2011-12-08 15:36:00,10,1883.81,22,5,5,4,14,Champions
13892,United Kingdom,2011-11-13 11:50:00,4,632.97,47,4,4,3,11,Loyal Customers
13893,United Kingdom,2011-02-15 11:30:00,1,821.1,318,1,1,3,5,Hibernating
13894,United Kingdom,2011-11-16 09:44:00,3,564.62,44,4,3,3,10,Loyal Customers
13895,United Kingdom,2011-11-11 16:57:00,4,2593.07,49,4,4,5,13,Champions
13897,United Kingdom,2011-10-20 14:30:00,1,311.16,71,3,1,2,6,Needs Attention
13898,United Kingdom,2011-01-18 10:28:00,1,155.93,346,1,1,1,3,Hibernating
13899,United Kingdom,2011-11-23 13:40:00,2,388.52,37,4,2,2,8,New Customers
13900,United Kingdom,2011-06-09 19:26:00,3,740.95,204,1,3,3,7,At Risk
13901,United Kingdom,2011-09-28 14:48:00,5,2867.2,93,2,4,5,11,At Risk
13904,United Kingdom,2011-11-02 13:41:00,2,332.64,58,3,2,2,7,Needs Attention
13908,United Kingdom,2011-09-21 11:49:00,4,2369.55,100,2,4,5,11,At Risk
13911,United Kingdom,2011-10-13 15:43:00,9,2580.91,78,3,5,5,13,Loyal Customers
13914,United Kingdom,2011-11-28 10:35:00,2,626.45,32,5,2,3,10,New Customers
13917,United Kingdom,2011-10-21 09:56:00,2,272.04,70,3,2,2,7,Needs Attention
13918,United Kingdom,2011-10-21 12:25:00,2,1212.84,70,3,2,4,9,Potential Loyalists
13919,Denmark,2011-10-11 14:24:00,2,384.81,80,3,2,2,7,Needs Attention
13922,United Kingdom,2010-12-23 10:38:00,1,172.25,372,1,1,1,3,Hibernating
13923,United Kingdom,2011-10-17 12:33:00,1,351.13,74,3,1,2,6,Needs Attention
13924,United Kingdom,2011-12-08 09:39:00,6,1838.85,22,5,5,4,14,Champions
13925,United Kingdom,2011-09-08 12:47:00,4,678.25,113,2,4,3,9,At Risk
13926,United Kingdom,2011-11-16 13:16:00,1,223.85,44,4,1,1,6,New Customers
13927,United Kingdom,2011-09-26 12:00:00,1,348.99,95,2,1,2,5,Hibernating
13928,United Kingdom,2011-11-29 10:33:00,4,464.57,31,5,4,2,11,Loyal Customers
13929,United Kingdom,2011-06-23 15:26:00,2,842.65,190,2,2,3,7,Hibernating
13930,United Kingdom,2011-10-13 09:45:00,2,337.34,78,3,2,2,7,Needs Attention
13931,United Kingdom,2011-09-05 10:12:00,2,1237.53,116,2,2,4,8,Hibernating
13932,United Kingdom,2011-02-18 12:02:00,1,307.4,315,1,1,2,4,Hibernating
13933,United Kingdom,2011-08-22 14:03:00,2,608.79,130,2,2,3,7,Hibernating
13934,United Kingdom,2011-03-21 08:39:00,1,922.1,284,1,1,3,5,Hibernating
13936,United Kingdom,2011-06-13 08:47:00,1,376.58,200,2,1,2,5,Hibernating
13937,United Kingdom,2011-06-23 16:35:00,1,158.85,190,2,1,1,4,Hibernating
13938,United Kingdom,2011-11-04 14:37:00,1,71.66,56,3,1,1,5,Needs Attention
13939,United Kingdom,2011-11-16 13:33:00,3,568.55,44,4,3,3,10,Loyal Customers
13940,United Kingdom,2011-11-22 15:15:00,4,839.14,38,4,4,3,11,Loyal Customers
13941,United Kingdom,2011-11-18 09:43:00,5,5112.96,42,4,4,5,13,Champions
13946,United Kingdom,2011-09-21 13:33:00,3,561.57,100,2,3,3,8,At Risk
13947,United Kingdom,2011-10-05 14:42:00,1,90.6,86,3,1,1,5,Needs Attention
13948,United Kingdom,2010-12-14 10:18:00,1,102.0,381,1,1,1,3,Hibernating
13949,United Kingdom,2011-12-07 09:35:00,6,2427.32,23,5,5,5,15,Champions
13950,United Kingdom,2011-11-28 14:44:00,4,745.06,32,5,4,3,12,Loyal Customers
13951,United Kingdom,2011-06-16 16:43:00,3,674.45,197,2,3,3,8,At Risk
13952,United Kingdom,2011-05-06 09:00:00,2,3251.07,238,1,2,5,8,Hibernating
13953,United Kingdom,2011-12-02 16:04:00,7,3515.68,28,5,5,5,15,Champions
13954,United Kingdom,2011-12-08 12:50:00,2,439.92,22,5,3,2,10,Loyal Customers
13955,United Kingdom,2011-07-08 17:19:00,2,322.96,175,2,3,2,7,At Risk
13956,United Kingdom,2011-12-04 13:20:00,5,1026.42,26,5,4,4,13,Champions
13959,United Kingdom,2011-09-21 15:06:00,3,598.2,100,2,3,3,8,At Risk
13960,United Kingdom,2011-11-18 15:27:00,2,230.22,42,4,3,1,8,Loyal Customers
13962,United Kingdom,2011-11-18 08:47:00,2,169.55,42,4,3,1,8,Loyal Customers
13963,United Kingdom,2011-02-04 14:43:00,4,664.54,329,1,4,3,8,At Risk
13967,United Kingdom,2011-07-17 12:02:00,1,80.7,166,2,1,1,4,Hibernating
13969,United Kingdom,2011-12-02 15:11:00,18,9053.94,28,5,5,5,15,Champions
13971,United Kingdom,2011-11-21 12:06:00,8,2758.26,39,4,5,5,14,Champions
13972,United Kingdom,2011-09-30 11:54:00,2,190.25,91,3,3,1,7,Loyal Customers
13973,United Kingdom,2011-02-25 15:21:00,1,264.7,308,1,1,2,4,Hibernating
13974,United Kingdom,2011-10-21 14:41:00,1,413.59,70,3,1,2,6,Needs Attention
13975,United Kingdom,2011-11-08 13:19:00,6,2526.28,52,4,5,5,14,Champions
13976,United Kingdom,2011-05-17 09:13:00,1,357.98,227,1,1,2,4,Hibernating
13978,United Kingdom,2011-11-25 11:36:00,2,196.79,35,4,3,1,8,Loyal Customers
13979,United Kingdom,2011-09-27 13:32:00,1,869.87,94,2,1,3,6,Hibernating
13980,United Kingdom,2011-10-10 13:34:00,1,200.14,81,3,1,1,5,Needs Attention
13982,United Kingdom,2011-10-31 16:24:00,4,1871.81,60,3,4,4,11,Loyal Customers
13983,United Kingdom,2011-11-10 11:06:00,12,2603.43,50,4,5,5,14,Champions
13984,United Kingdom,2011-11-13 12:38:00,5,920.51,47,4,4,3,11,Loyal Customers
13985,United Kingdom,2011-12-05 17:06:00,15,7060.13,25,5,5,5,15,Champions
13986,United Kingdom,2011-11-22 15:00:00,1,320.46,38,4,1,2,7,New Customers
13988,United Kingdom,2011-11-20 10:15:00,6,4147.96,40,4,5,5,14,Champions
13989,United Kingdom,2011-10-05 09:47:00,2,1266.08,86,3,3,4,10,Loyal Customers
13990,United Kingdom,2011-05-10 15:19:00,1,311.3,234,1,1,2,4,Hibernating
13991,United Kingdom,2011-11-27 16:18:00,6,855.97,33,5,5,3,13,Loyal Customers
13992,United Kingdom,2011-11-09 15:23:00,1,76.8,51,4,1,1,6,New Customers
13993,United Kingdom,2011-10-28 09:06:00,9,3466.36,63,3,5,5,13,Loyal Customers
13994,United Kingdom,2011-12-06 11:05:00,6,2313.14,24,5,5,5,15,Champions
13995,United Kingdom,2011-11-24 14:22:00,5,1393.69,36,4,4,4,12,Champions
13999,United Kingdom,2011-11-29 13:40:00,12,3901.81,31,5,5,5,15,Champions
14000,United Kingdom,2011-05-12 16:50:00,1,635.66,232,1,1,3,5,Hibernating
14001,United Kingdom,2011-10-25 10:31:00,3,2043.08,66,3,3,4,10,Loyal Customers
14002,United Kingdom,2011-07-28 15:55:00,2,529.73,155,2,3,3,8,At Risk
14004,United Kingdom,2011-10-27 14:40:00,7,4582.64,64,3,5,5,13,Loyal Customers
14005,United Kingdom,2011-11-30 12:41:00,5,2874.72,30,5,4,5,14,Champions
14006,United Kingdom,2011-08-16 09:39:00,3,962.19,136,2,3,4,9,At Risk
14009,United Kingdom,2011-05-25 15:47:00,2,695.61,219,1,3,3,7,At Risk
14012,United Kingdom,2011-03-07 12:26:00,1,328.8,298,1,1,2,4,Hibernating
14013,United Kingdom,2011-08-21 15:01:00,3,473.02,131,2,3,2,7,At Risk
14014,United Kingdom,2011-09-23 13:18:00,1,505.18,98,2,1,3,6,Hibernating
14015,United Kingdom,2011-10-18 10:02:00,1,917.34,73,3,1,3,7,Potential Loyalists
14016,EIRE,2011-07-01 11:29:00,4,4341.21,182,2,4,5,11,At Risk
14019,United Kingdom,2011-10-24 10:13:00,3,1421.61,67,3,3,4,10,Loyal Customers
14020,United Kingdom,2011-11-23 09:22:00,2,642.8,37,4,3,3,10,Loyal Customers
14021,United Kingdom,2011-07-07 15:46:00,3,631.9,176,2,3,3,8,At Risk
14022,United Kingdom,2011-04-28 14:39:00,1,440.0,246,1,1,2,4,Hibernating
14023,United Kingdom,2011-12-02 13:58:00,2,584.07,28,5,3,3,11,Loyal Customers
14024,United Kingdom,2011-08-10 11:30:00,2,327.7,142,2,3,2,7,At Risk
14027,United Kingdom,2011-10-10 09:01:00,1,104.82,81,3,1,1,5,Needs Attention
14029,United Kingdom,2011-10-07 14:46:00,2,467.66,84,3,3,2,8,Loyal Customers
14030,United Kingdom,2011-11-21 16:48:00,8,2360.09,39,4,5,5,14,Champions
14031,United Kingdom,2011-12-02 17:13:00,19,17286.86,28,5,5,5,15,Champions
14032,United Kingdom,2011-12-07 15:23:00,11,2975.59,23,5,5,5,15,Champions
14034,United Kingdom,2011-11-17 14:02:00,3,651.82,43,4,3,3,10,Loyal Customers
14035,United Kingdom,2011-11-11 10:03:00,5,1428.02,49,4,4,4,12,Champions
14036,United Kingdom,2011-02-28 09:26:00,1,626.65,305,1,1,3,5,Hibernating
14037,United Kingdom,2011-06-16 13:57:00,2,147.2,197,2,3,1,6,At Risk
14038,United Kingdom,2011-09-22 13:37:00,3,1560.38,99,2,3,4,9,At Risk
14039,United Kingdom,2011-11-06 13:48:00,1,152.2,54,3,1,1,5,Needs Attention
14040,United Kingdom,2011-10-30 12:42:00,12,3614.92,61,3,5,5,13,Loyal Customers
14041,United Kingdom,2011-03-18 13:25:00,1,141.41,287,1,1,1,3,Hibernating
14044,United Kingdom,2011-11-13 12:05:00,4,652.82,47,4,4,3,11,Loyal Customers
14045,United Kingdom,2011-08-22 15:27:00,4,1659.75,130,2,4,4,10,At Risk
14046,United Kingdom,2011-02-28 14:48:00,1,154.99,305,1,1,1,3,Hibernating
14047,United Kingdom,2011-12-01 11:43:00,5,1308.61,29,5,4,4,13,Champions
14048,United Kingdom,2011-02-07 14:53:00,1,409.93,326,1,1,2,4,Hibernating
14049,United Kingdom,2011-11-23 12:20:00,4,5681.72,37,4,4,5,13,Champions
14050,United Kingdom,2011-11-08 10:00:00,2,746.36,52,4,3,3,10,Loyal Customers
14051,United Kingdom,2011-12-09 10:20:00,23,15610.39,21,5,5,5,15,Champions
14052,United Kingdom,2011-11-20 12:30:00,1,225.36,40,4,1,1,6,New Customers
14053,United Kingdom,2011-08-07 14:27:00,2,260.25,145,2,3,2,7,At Risk
14054,United Kingdom,2011-10-05 15:49:00,1,92.46,86,3,1,1,5,Needs Attention
14055,United Kingdom,2011-08-25 15:04:00,1,725.64,127,2,1,3,6,Hibernating
14056,United Kingdom,2011-12-08 13:36:00,23,8214.65,22,5,5,5,15,Champions
14057,United Kingdom,2011-11-16 10:32:00,17,6217.96,44,4,5,5,14,Champions
14059,United Kingdom,2011-03-18 10:06:00,1,183.6,287,1,1,1,3,Hibernating
14060,United Kingdom,2011-12-05 12:29:00,19,6140.42,25,5,5,5,15,Champions
14062,United Kingdom,2011-11-30 10:04:00,12,10464.85,30,5,5,5,15,Champions
14064,United Kingdom,2011-11-10 13:14:00,5,1353.74,50,4,4,4,12,Champions
14066,United Kingdom,2011-03-18 12:21:00,1,152.55,287,1,1,1,3,Hibernating
14067,United Kingdom,2011-10-07 10:21:00,2,374.7,84,3,3,2,8,Loyal Customers
14068,United Kingdom,2011-01-23 16:02:00,1,265.85,341,1,1,2,4,Hibernating
14071,United Kingdom,2011-12-06 12:27:00,8,1438.82,24,5,5,4,14,Champions
14073,United Kingdom,2011-11-07 15:49:00,1,151.04,53,4,1,1,6,New Customers
14075,United Kingdom,2011-12-05 08:38:00,3,942.26,25,5,3,3,11,Loyal Customers
14076,United Kingdom,2011-08-02 15:19:00,1,122.47,150,2,1,1,4,Hibernating
14077,United Kingdom,2011-10-30 12:35:00,5,499.42,61,3,4,3,10,Loyal Customers
14078,United Kingdom,2011-08-30 12:16:00,6,1049.37,122,2,5,4,11,At Risk
14079,United Kingdom,2011-08-07 12:10:00,1,375.1,145,2,1,2,5,Hibernating
14080,United Kingdom,2011-11-07 11:09:00,1,45.6,53,4,1,1,6,New Customers
14081,United Kingdom,2011-02-10 16:17:00,2,934.52,323,1,3,3,7,At Risk
14082,United Kingdom,2010-12-10 11:02:00,1,182.25,385,1,1,1,3,Hibernating
14083,United Kingdom,2011-12-05 13:14:00,9,1018.43,25,5,5,4,14,Champions
14085,United Kingdom,2011-12-07 13:46:00,18,4448.54,23,5,5,5,15,Champions
14087,United Kingdom,2011-12-07 12:41:00,1,194.42,23,5,1,1,7,New Customers
14088,United Kingdom,2011-11-29 16:16:00,13,50491.81,31,5,5,5,15,Champions
14089,United Kingdom,2011-10-14 10:38:00,1,161.0,77,3,1,1,5,Needs Attention
14090,United Kingdom,2011-01-19 10:51:00,1,76.32,345,1,1,1,3,Hibernating
14092,United Kingdom,2011-12-02 12:13:00,14,4076.91,28,5,5,5,15,Champions
14093,United Kingdom,2011-11-27 16:27:00,1,442.85,33,5,1,2,8,New Customers
14096,United Kingdom,2011-12-05 17:17:00,17,65164.79,25,5,5,5,15,Champions
14098,United Kingdom,2011-11-03 10:13:00,1,147.35,57,3,1,1,5,Needs Attention
14099,United Kingdom,2011-11-23 13:53:00,11,3104.17,37,4,5,5,14,Champions
14100,United Kingdom,2011-07-25 11:01:00,1,194.9,158,2,1,1,4,Hibernating
14101,United Kingdom,2011-09-27 12:28:00,6,5976.79,94,2,5,5,12,At Risk
14102,United Kingdom,2011-12-04 15:38:00,5,1360.28,26,5,4,4,13,Champions
14104,United Kingdom,2011-07-08 12:50:00,2,216.21,175,2,3,1,6,At Risk
14105,United Kingdom,2011-04-14 17:58:00,1,1266.23,260,1,1,4,6,Hibernating
14107,United Kingdom,2011-10-19 12:12:00,7,2703.23,72,3,5,5,13,Loyal Customers
14108,United Kingdom,2011-11-09 10:41:00,2,597.91,51,4,3,3,10,Loyal Customers
14109,United Kingdom,2011-09-28 10:18:00,1,144.2,93,2,1,1,4,Hibernating
14110,United Kingdom,2011-12-06 12:26:00,12,5683.15,24,5,5,5,15,Champions
14111,United Kingdom,2011-11-25 13:44:00,4,692.85,35,4,4,3,11,Loyal Customers
14112,United Kingdom,2011-11-17 12:30:00,7,2915.15,43,4,5,5,14,Champions
14113,United Kingdom,2011-12-06 12:18:00,4,1840.42,24,5,4,4,13,Champions
14114,United Kingdom,2011-03-11 09:42:00,2,386.53,294,1,3,2,6,At Risk
14116,United Kingdom,2011-11-20 10:29:00,5,1382.74,40,4,4,4,12,Champions
14117,United Kingdom,2011-07-19 09:49:00,1,90.0,164,2,1,1,4,Hibernating
14121,United Kingdom,2011-12-06 12:19:00,4,2780.15,24,5,4,5,14,Champions
14124,United Kingdom,2011-09-16 13:32:00,1,419.58,105,2,1,2,5,Hibernating
14125,United Kingdom,2011-11-29 12:47:00,3,2740.43,31,5,3,5,13,Loyal Customers
14126,United Kingdom,2011-12-02 11:45:00,3,706.13,28,5,3,3,11,Loyal Customers
14127,United Kingdom,2011-08-09 10:49:00,3,709.71,143,2,3,3,8,At Risk
14128,United Kingdom,2011-10-10 12:00:00,2,637.5,81,3,3,3,9,Loyal Customers
14129,United Kingdom,2011-12-08 11:02:00,5,1123.86,22,5,4,4,13,Champions
14130,United Kingdom,2011-01-24 16:05:00,1,483.86,340,1,1,2,4,Hibernating
14132,United Kingdom,2011-12-07 13:35:00,11,3586.03,23,5,5,5,15,Champions
14133,United Kingdom,2011-08-02 11:34:00,3,605.64,150,2,3,3,8,At Risk
14135,United Kingdom,2011-12-08 11:38:00,15,4690.31,22,5,5,5,15,Champions
14138,United Kingdom,2011-12-08 12:44:00,2,982.38,22,5,3,4,12,Loyal Customers
14139,United Kingdom,2011-10-24 13:34:00,1,415.82,67,3,1,2,6,Needs Attention
14140,United Kingdom,2011-12-06 09:05:00,2,935.05,24,5,3,3,11,Loyal Customers
14141,United Kingdom,2011-12-07 09:53:00,4,915.13,23,5,4,3,12,Loyal Customers
14142,United Kingdom,2010-12-01 16:33:00,1,311.81,394,1,1,2,4,Hibernating
14143,United Kingdom,2011-07-29 09:48:00,1,115.8,154,2,1,1,4,Hibernating
14145,United Kingdom,2011-10-24 12:10:00,4,3742.2,67,3,4,5,12,Loyal Customers
14146,United Kingdom,2011-12-01 10:18:00,5,4191.0,29,5,4,5,14,Champions
14147,United Kingdom,2011-09-22 18:10:00,2,483.4,99,2,3,2,7,At Risk
14148,United Kingdom,2011-04-20 12:02:00,1,157.2,254,1,1,1,3,Hibernating
14149,United Kingdom,2011-05-03 09:44:00,1,446.62,241,1,1,2,4,Hibernating
14150,United Kingdom,2011-11-04 10:05:00,2,658.64,56,3,3,3,9,Loyal Customers
14152,United Kingdom,2011-09-25 12:54:00,2,621.29,96,2,3,3,8,At Risk
14154,United Kingdom,2011-04-14 16:26:00,2,1345.62,260,1,3,4,8,At Risk
14155,United Kingdom,2011-03-18 14:13:00,1,118.75,287,1,1,1,3,Hibernating
14156,EIRE,2011-11-30 10:54:00,55,117379.63,30,5,5,5,15,Champions
14157,United Kingdom,2011-11-20 11:32:00,2,432.88,40,4,3,2,9,Loyal Customers
14158,United Kingdom,2011-10-30 15:08:00,1,507.66,61,3,1,3,7,Potential Loyalists
14159,United Kingdom,2011-11-20 12:36:00,11,4693.01,40,4,5,5,14,Champions
14161,United Kingdom,2011-05-08 11:41:00,3,1110.52,236,1,3,4,8,At Risk
14162,United Kingdom,2011-06-19 11:36:00,2,289.36,194,2,3,2,7,At Risk
14163,United Kingdom,2011-09-13 15:18:00,4,2445.91,108,2,4,5,11,At Risk
14164,United Kingdom,2011-09-30 12:24:00,2,1631.77,91,3,3,4,10,Loyal Customers
14165,United Kingdom,2011-03-09 12:39:00,1,122.54,296,1,1,1,3,Hibernating
14167,United Kingdom,2011-10-31 14:29:00,4,574.84,60,3,4,3,10,Loyal Customers
14171,United Kingdom,2011-09-02 16:43:00,1,363.79,119,2,1,2,5,Hibernating
14173,United Kingdom,2011-11-29 11:54:00,4,450.84,31,5,4,2,11,Loyal Customers
14174,United Kingdom,2011-11-06 13:17:00,1,134.46,54,3,1,1,5,Needs Attention
14175,United Kingdom,2011-10-11 11:55:00,3,3222.3,80,3,3,5,11,Loyal Customers
14176,United Kingdom,2011-02-15 13:12:00,4,576.9,318,1,4,3,8,At Risk
14177,United Kingdom,2011-09-14 15:11:00,4,559.41,107,2,4,3,9,At Risk
14178,United Kingdom,2011-12-01 12:01:00,7,1620.93,29,5,5,4,14,Champions
14179,United Kingdom,2011-10-30 12:07:00,2,719.78,61,3,3,3,9,Loyal Customers
14180,United Kingdom,2011-11-29 10:56:00,25,4748.52,31,5,5,5,15,Champions
14184,United Kingdom,2011-10-04 12:43:00,1,452.89,87,3,1,2,6,Needs Attention
14185,United Kingdom,2011-01-12 13:52:00,1,197.65,352,1,1,1,3,Hibernating
14188,United Kingdom,2011-11-09 12:45:00,6,2054.36,51,4,5,4,13,Champions
14189,United Kingdom,2011-12-07 15:55:00,15,4654.08,23,5,5,5,15,Champions
14191,United Kingdom,2011-12-08 09:23:00,13,4684.76,22,5,5,5,15,Champions
14193,United Kingdom,2011-10-03 09:34:00,2,853.39,88,3,3,3,9,Loyal Customers
14194,United Kingdom,2011-12-05 10:38:00,21,11349.52,25,5,5,5,15,Champions
14195,United Kingdom,2011-05-22 10:29:00,2,1012.0,222,1,3,4,8,At Risk
14196,United Kingdom,2011-08-25 10:25:00,1,335.52,127,2,1,2,5,Hibernating
14198,United Kingdom,2011-11-21 16:35:00,4,701.4,39,4,4,3,11,Loyal Customers
14199,United Kingdom,2011-05-05 13:44:00,1,185.4,239,1,1,1,3,Hibernating
14201,United Kingdom,2011-10-10 13:27:00,7,747.44,81,3,5,3,11,Loyal Customers
14204,United Kingdom,2011-12-07 13:38:00,1,161.03,23,5,1,1,7,New Customers
14205,United Kingdom,2011-11-23 10:55:00,2,466.7,37,4,3,2,9,Loyal Customers
14206,United Kingdom,2011-04-14 16:38:00,1,328.16,260,1,1,2,4,Hibernating
14208,United Kingdom,2011-09-06 12:48:00,1,151.74,115,2,1,1,4,Hibernating
14209,United Kingdom,2011-11-29 10:18:00,6,2073.43,31,5,5,5,15,Champions
14210,United Kingdom,2011-08-26 12:36:00,6,1905.84,126,2,5,4,11,At Risk
14211,United Kingdom,2011-10-17 13:23:00,9,2241.1,74,3,5,5,13,Loyal Customers
14212,United Kingdom,2011-09-11 12:45:00,1,1070.48,110,2,1,4,7,Hibernating
14214,United Kingdom,2011-11-09 10:31:00,5,1004.38,51,4,4,4,12,Champions
14215,United Kingdom,2011-11-28 12:19:00,6,1789.72,32,5,5,4,14,Champions
14216,United Kingdom,2011-12-06 14:56:00,4,1839.3,24,5,4,4,13,Champions
14217,United Kingdom,2011-12-08 11:53:00,17,2004.98,22,5,5,4,14,Champions
14218,United Kingdom,2011-10-28 10:00:00,1,169.48,63,3,1,1,5,Needs Attention
14219,United Kingdom,2011-12-05 16:23:00,1,89.94,25,5,1,1,7,New Customers
14220,United Kingdom,2011-04-06 13:23:00,2,632.4,268,1,3,3,7,At Risk
14221,United Kingdom,2011-10-28 13:42:00,9,3432.8,63,3,5,5,13,Loyal Customers
14222,United Kingdom,2011-06-15 16:42:00,1,683.17,198,2,1,3,6,Hibernating
14223,United Kingdom,2011-09-08 13:38:00,3,991.13,113,2,3,4,9,At Risk
14224,United Kingdom,2011-08-21 13:24:00,4,1050.12,131,2,4,4,10,At Risk
14226,United Kingdom,2011-11-11 11:34:00,5,2232.19,49,4,4,5,13,Champions
14227,United Kingdom,2011-11-13 15:48:00,10,3350.96,47,4,5,5,14,Champions
14229,United Kingdom,2011-10-19 10:04:00,3,1547.2,72,3,3,4,10,Loyal Customers
14231,United Kingdom,2011-06-09 11:05:00,3,925.71,204,1,3,3,7,At Risk
14232,United Kingdom,2011-10-28 11:09:00,5,2048.07,63,3,4,4,11,Loyal Customers
14233,United Kingdom,2011-10-21 15:54:00,4,1462.72,70,3,4,4,11,Loyal Customers
14234,United Kingdom,2011-11-17 17:53:00,4,775.46,43,4,4,3,11,Loyal Customers
14235,United Kingdom,2011-09-25 14:37:00,5,3144.86,96,2,4,5,11,At Risk
14236,United Kingdom,2011-09-20 09:13:00,2,490.86,101,2,3,3,8,At Risk
14237,United Kingdom,2010-12-01 13:20:00,1,161.0,394,1,1,1,3,Hibernating
14238,United Kingdom,2011-01-17 14:40:00,1,146.85,347,1,1,1,3,Hibernating
14239,United Kingdom,2011-10-27 14:40:00,11,2380.85,64,3,5,5,13,Loyal Customers
14240,United Kingdom,2011-11-09 13:45:00,2,890.34,51,4,3,3,10,Loyal Customers
14241,United Kingdom,2011-06-09 11:46:00,1,213.7,204,1,1,1,3,Hibernating
14242,United Kingdom,2011-04-19 11:46:00,2,280.55,255,1,3,2,6,At Risk
14243,United Kingdom,2011-12-01 11:12:00,10,2588.77,29,5,5,5,15,Champions
14245,United Kingdom,2011-05-04 08:40:00,2,1693.45,240,1,3,4,8,At Risk
14246,United Kingdom,2011-08-21 11:50:00,3,1474.06,131,2,3,4,9,At Risk
14247,United Kingdom,2011-03-06 15:21:00,1,136.77,299,1,1,1,3,Hibernating
14248,United Kingdom,2011-01-25 14:45:00,1,302.58,339,1,1,2,4,Hibernating
14250,United Kingdom,2011-12-02 14:30:00,3,1904.05,28,5,3,4,12,Loyal Customers
14251,United Kingdom,2011-12-08 08:32:00,5,2879.7,22,5,4,5,14,Champions
14256,United Kingdom,2011-03-24 13:17:00,2,969.06,281,1,3,4,8,At Risk
14257,United Kingdom,2011-10-06 16:54:00,5,3099.72,85,3,4,5,12,Loyal Customers
14258,United Kingdom,2011-11-30 15:27:00,9,12669.98,30,5,5,5,15,Champions
14259,United Kingdom,2011-07-21 10:44:00,1,120.0,162,2,1,1,4,Hibernating
14261,United Kingdom,2011-10-20 10:04:00,2,1163.45,71,3,3,4,10,Loyal Customers
14262,United Kingdom,2011-12-01 14:17:00,8,2618.23,29,5,5,5,15,Champions
14264,United Kingdom,2011-07-08 10:20:00,2,333.97,175,2,3,2,7,At Risk
14265,Unspecified,2011-08-22 13:32:00,2,530.18,130,2,3,3,8,At Risk
14267,United Kingdom,2011-06-30 10:09:00,3,1516.24,183,2,3,4,9,At Risk
14270,United Kingdom,2011-01-12 09:33:00,1,492.65,352,1,1,3,5,Hibernating
14271,United Kingdom,2011-04-28 12:47:00,1,112.32,246,1,1,1,3,Hibernating
14272,United Kingdom,2011-09-27 10:08:00,2,437.96,94,2,3,2,7,At Risk
14273,United Kingdom,2011-10-19 13:20:00,4,559.97,72,3,4,3,10,Loyal Customers
14276,United Kingdom,2011-09-02 09:45:00,3,1119.74,119,2,3,4,9,At Risk
14277,France,2011-11-24 15:01:00,3,4216.2,36,4,3,5,12,Loyal Customers
14280,United Kingdom,2011-05-27 10:37:00,1,134.04,217,1,1,1,3,Hibernating
14282,United Kingdom,2011-12-06 17:04:00,15,3729.34,24,5,5,5,15,Champions
14284,United Kingdom,2011-11-09 08:11:00,2,595.25,51,4,3,3,10,Loyal Customers
14285,United Kingdom,2011-11-18 14:50:00,4,1910.01,42,4,4,4,12,Champions
14286,United Kingdom,2011-11-16 10:34:00,3,4628.75,44,4,3,5,12,Loyal Customers
14287,United Kingdom,2011-12-01 13:25:00,3,176.63,29,5,3,1,9,Loyal Customers
14288,United Kingdom,2011-05-10 13:22:00,1,426.6,234,1,1,2,4,Hibernating
14289,United Kingdom,2011-12-01 11:44:00,6,911.26,29,5,5,3,13,Loyal Customers
14290,United Kingdom,2011-11-28 14:02:00,5,2314.65,32,5,4,5,14,Champions
14291,United Kingdom,2011-12-08 10:26:00,11,3883.25,22,5,5,5,15,Champions
14292,United Kingdom,2011-12-02 11:50:00,9,4871.93,28,5,5,5,15,Champions
14293,United Kingdom,2011-12-06 15:17:00,4,1046.56,24,5,4,4,13,Champions
14295,United Kingdom,2011-10-30 15:50:00,1,166.2,61,3,1,1,5,Needs Attention
14297,United Kingdom,2011-11-22 09:06:00,4,1305.33,38,4,4,4,12,Champions
14298,United Kingdom,2011-12-01 13:12:00,44,51527.3,29,5,5,5,15,Champions
14299,United Kingdom,2011-12-01 16:05:00,9,3965.62,29,5,5,5,15,Champions
14300,United Kingdom,2011-11-21 08:57:00,1,43.2,39,4,1,1,6,New Customers
14301,United Kingdom,2011-08-14 15:33:00,1,640.14,138,2,1,3,6,Hibernating
14304,United Kingdom,2011-05-01 11:50:00,1,383.45,243,1,1,2,4,Hibernating
14305,United Kingdom,2011-09-29 15:29:00,3,1858.96,92,3,3,4,10,Loyal Customers
14306,United Kingdom,2011-10-19 13:23:00,2,2093.32,72,3,3,5,11,Loyal Customers
14307,United Kingdom,2011-09-12 09:38:00,6,2995.72,109,2,5,5,12,At Risk
14309,United Kingdom,2011-12-01 13:33:00,9,2352.53,29,5,5,5,15,Champions
14311,United Kingdom,2011-04-11 10:14:00,1,310.26,263,1,1,2,4,Hibernating
14312,United Kingdom,2011-10-24 09:46:00,6,1611.59,67,3,5,4,12,Loyal Customers
14314,United Kingdom,2011-08-25 10:39:00,1,120.0,127,2,1,1,4,Hibernating
14315,United Kingdom,2011-10-26 12:06:00,6,2481.13,65,3,5,5,13,Loyal Customers
14317,United Kingdom,2011-10-06 10:44:00,1,508.58,85,3,1,3,7,Potential Loyalists
14320,United Kingdom,2011-05-17 09:24:00,2,477.79,227,1,3,2,6,At Risk
14321,United Kingdom,2011-11-29 09:47:00,5,1530.75,31,5,4,4,13,Champions
14323,United Kingdom,2011-08-17 11:37:00,2,605.06,135,2,3,3,8,At Risk
14326,United Kingdom,2011-04-11 15:04:00,1,183.85,263,1,1,1,3,Hibernating
14327,United Kingdom,2011-06-29 13:58:00,1,311.65,184,2,1,2,5,Hibernating
14329,United Kingdom,2011-11-22 15:50:00,7,5014.84,38,4,5,5,14,Champions
14331,United Kingdom,2011-08-07 13:17:00,2,462.66,145,2,3,2,7,At Risk
14332,United Kingdom,2011-11-17 11:54:00,3,866.31,43,4,3,3,10,Loyal Customers
14333,United Kingdom,2011-10-03 10:38:00,1,415.2,88,3,1,2,6,Needs Attention
14334,United Kingdom,2011-11-23 10:01:00,8,2552.21,37,4,5,5,14,Champions
14335,Germany,2011-11-23 13:41:00,2,468.26,37,4,3,2,9,Loyal Customers
14336,United Kingdom,2011-11-23 11:40:00,4,1614.91,37,4,4,4,12,Champions
14338,United Kingdom,2011-07-01 14:08:00,2,588.22,182,2,3,3,8,At Risk
14339,United Kingdom,2011-04-11 11:06:00,1,309.52,263,1,1,2,4,Hibernating
14340,United Kingdom,2011-05-05 09:44:00,1,134.7,239,1,1,1,3,Hibernating
14341,United Kingdom,2011-10-25 15:48:00,8,2182.28,66,3,5,5,13,Loyal Customers
14342,United Kingdom,2011-11-18 13:21:00,4,668.56,42,4,4,3,11,Loyal Customers
14344,United Kingdom,2011-08-04 13:51:00,8,889.93,148,2,5,3,10,At Risk
14345,United Kingdom,2011-11-01 09:51:00,1,108.98,59,3,1,1,5,Needs Attention
14346,United Kingdom,2011-08-11 09:47:00,2,1021.58,141,2,3,4,9,At Risk
14348,United Kingdom,2011-03-24 16:23:00,1,409.57,281,1,1,2,4,Hibernating
14349,United Kingdom,2011-11-29 15:39:00,1,133.5,31,5,1,1,7,New Customers
14350,United Kingdom,2011-03-10 14:14:00,1,282.93,295,1,1,2,4,Hibernating
14351,United Kingdom,2011-06-28 11:56:00,1,51.0,185,2,1,1,4,Hibernating
14352,United Kingdom,2011-07-05 15:41:00,4,1078.96,178,2,4,4,10,At Risk
14353,United Kingdom,2011-05-08 16:06:00,1,90.6,236,1,1,1,3,Hibernating
14354,United Kingdom,2011-12-04 11:32:00,2,163.62,26,5,3,1,9,Loyal Customers
14355,United Kingdom,2010-12-09 12:16:00,1,174.4,386,1,1,1,3,Hibernating
14356,United Kingdom,2011-09-21 09:18:00,2,701.23,100,2,3,3,8,At Risk
14357,United Kingdom,2011-10-27 16:23:00,1,225.77,64,3,1,1,5,Needs Attention
14359,United Kingdom,2011-11-20 13:17:00,3,912.18,40,4,3,3,10,Loyal Customers
14360,United Kingdom,2011-11-08 09:12:00,4,2128.23,52,4,4,5,13,Champions
14362,United Kingdom,2011-11-17 15:08:00,1,161.2,43,4,1,1,6,New Customers
14364,United Kingdom,2011-08-23 11:01:00,8,3717.35,129,2,5,5,12,At Risk
14367,United Kingdom,2011-12-01 13:19:00,16,9261.52,29,5,5,5,15,Champions
14368,United Kingdom,2011-01-24 09:52:00,1,155.0,340,1,1,1,3,Hibernating
14371,United Kingdom,2011-02-17 16:35:00,1,100.5,316,1,1,1,3,Hibernating
14373,United Kingdom,2010-12-16 15:40:00,1,76.55,379,1,1,1,3,Hibernating
14375,United Kingdom,2011-06-07 13:44:00,1,257.68,206,1,1,2,4,Hibernating
14377,United Kingdom,2011-06-01 13:32:00,2,617.05,212,1,3,3,7,At Risk
14379,United Kingdom,2011-10-26 16:43:00,2,348.1,65,3,3,2,8,Loyal Customers
14381,United Kingdom,2011-10-18 17:10:00,1,202.68,73,3,1,1,5,Needs Attention
14382,United Kingdom,2011-11-13 16:18:00,1,626.07,47,4,1,3,8,New Customers
14383,United Kingdom,2011-11-01 15:53:00,3,1247.69,59,3,3,4,10,Loyal Customers
14385,United Kingdom,2011-11-30 15:36:00,3,202.11,30,5,3,1,9,Loyal Customers
14386,United Kingdom,2011-02-16 09:45:00,1,142.4,317,1,1,1,3,Hibernating
14387,United Kingdom,2011-11-07 12:29:00,3,1770.56,53,4,3,4,11,Loyal Customers
14388,United Kingdom,2011-11-29 13:32:00,8,3212.84,31,5,5,5,15,Champions
14389,United Kingdom,2011-10-05 15:17:00,2,1043.46,86,3,3,4,10,Loyal Customers
14390,United Kingdom,2011-11-29 13:49:00,9,4652.82,31,5,5,5,15,Champions
14393,United Kingdom,2011-05-05 18:16:00,1,67.95,239,1,1,1,3,Hibernating
14395,United Kingdom,2011-12-07 14:34:00,9,3507.71,23,5,5,5,15,Champions
14396,United Kingdom,2011-10-05 16:09:00,2,487.99,86,3,3,2,8,Loyal Customers
14397,United Kingdom,2011-12-07 09:22:00,19,2612.96,23,5,5,5,15,Champions
14400,United Kingdom,2011-07-13 15:50:00,1,574.7,170,2,1,3,6,Hibernating
14401,United Kingdom,2011-12-05 13:30:00,13,4051.48,25,5,5,5,15,Champions
14403,United Kingdom,2011-08-01 12:57:00,4,1475.81,151,2,4,4,10,At Risk
14404,United Kingdom,2011-11-06 12:30:00,6,1474.32,54,3,5,4,12,Loyal Customers
14406,United Kingdom,2011-08-12 16:54:00,1,156.75,140,2,1,1,4,Hibernating
14407,United Kingdom,2011-08-24 14:02:00,6,2157.73,128,2,5,5,12,At Risk
14408,United Kingdom,2011-11-29 11:41:00,7,2606.53,31,5,5,5,15,Champions
14409,United Kingdom,2011-09-29 18:18:00,6,2059.45,92,3,5,5,13,Loyal Customers
14410,United Kingdom,2011-09-08 15:08:00,9,1105.07,113,2,5,4,11,At Risk
14411,United Kingdom,2011-02-02 10:56:00,1,1063.0,331,1,1,4,6,Hibernating
14412,United Kingdom,2011-10-28 10:45:00,2,770.03,63,3,3,3,9,Loyal Customers
14413,United Kingdom,2010-12-12 13:37:00,1,122.7,383,1,1,1,3,Hibernating
14414,United Kingdom,2011-09-09 12:09:00,7,1496.98,112,2,5,4,11,At Risk
14415,United Kingdom,2011-12-08 14:38:00,13,5900.28,22,5,5,5,15,Champions
14416,United Kingdom,2011-11-17 15:22:00,2,490.22,43,4,3,3,10,Loyal Customers
14418,United Kingdom,2011-12-06 11:39:00,3,1937.25,24,5,3,4,12,Loyal Customers
14419,United Kingdom,2011-11-29 11:22:00,6,1058.06,31,5,5,4,14,Champions
14420,United Kingdom,2011-09-01 18:07:00,1,387.52,120,2,1,2,5,Hibernating
14421,United Kingdom,2011-10-13 13:24:00,2,813.11,78,3,3,3,9,Loyal Customers
14422,United Kingdom,2011-12-09 11:26:00,6,4263.64,21,5,5,5,15,Champions
14423,United Kingdom,2011-05-05 15:12:00,1,265.2,239,1,1,2,4,Hibernating
14424,United Kingdom,2011-11-22 11:48:00,1,322.08,38,4,1,2,7,New Customers
14426,United Kingdom,2011-11-16 12:25:00,10,4481.67,44,4,5,5,14,Champions
14427,United Kingdom,2011-10-20 14:23:00,2,363.34,71,3,3,2,8,Loyal Customers
14428,United Kingdom,2011-12-02 13:17:00,5,1244.83,28,5,4,4,13,Champions
14431,United Kingdom,2011-02-10 10:40:00,1,470.36,323,1,1,2,4,Hibernating
14432,United Kingdom,2011-11-30 08:04:00,6,2255.51,30,5,5,5,15,Champions
14434,United Kingdom,2011-11-18 08:56:00,6,1372.8,42,4,5,4,13,Champions
14436,United Kingdom,2011-09-02 10:13:00,1,89.06,119,2,1,1,4,Hibernating
14437,United Kingdom,2010-12-09 09:27:00,1,63.0,386,1,1,1,3,Hibernating
14438,United Kingdom,2011-02-06 14:56:00,1,131.9,327,1,1,1,3,Hibernating
14439,Greece,2011-01-24 11:39:00,1,2661.24,340,1,1,5,7,Hibernating
14440,United Kingdom,2011-12-01 15:42:00,5,2357.68,29,5,4,5,14,Champions
14441,United Kingdom,2011-12-09 09:07:00,4,1712.89,21,5,4,4,13,Champions
14442,Channel Islands,2011-05-19 11:36:00,2,1589.82,225,1,3,4,8,At Risk
14443,United Kingdom,2011-10-17 10:10:00,4,1420.2,74,3,4,4,11,Loyal Customers
14446,United Kingdom,2011-12-09 11:34:00,4,1039.58,21,5,4,4,13,Champions
14447,United Kingdom,2011-11-21 08:28:00,5,1163.23,39,4,4,4,12,Champions
14448,United Kingdom,2011-11-30 13:50:00,2,375.35,30,5,3,2,10,Loyal Customers
14449,United Kingdom,2011-11-21 12:06:00,4,907.1,39,4,4,3,11,Loyal Customers
14450,United Kingdom,2011-06-12 10:46:00,3,483.25,201,1,3,2,6,At Risk
14451,United Kingdom,2011-10-10 13:38:00,2,662.59,81,3,3,3,9,Loyal Customers
14452,United Kingdom,2011-11-29 12:06:00,2,264.44,31,5,3,2,10,Loyal Customers
14453,United Kingdom,2011-06-02 14:15:00,1,119.93,211,1,1,1,3,Hibernating
14456,United Kingdom,2011-12-04 13:59:00,9,3062.4,26,5,5,5,15,Champions
14457,United Kingdom,2011-02-02 09:39:00,1,113.64,331,1,1,1,3,Hibernating
14459,United Kingdom,2011-07-07 13:35:00,1,1837.92,176,2,1,4,7,Hibernating
14460,United Kingdom,2011-08-21 14:19:00,3,434.34,131,2,3,2,7,At Risk
14461,United Kingdom,2011-07-14 17:11:00,3,2103.06,169,2,3,5,10,At Risk
14462,United Kingdom,2011-10-04 15:55:00,11,2004.02,87,3,5,4,12,Loyal Customers
14463,United Kingdom,2011-09-02 15:20:00,3,529.62,119,2,3,3,8,At Risk
14465,United Kingdom,2011-04-07 12:38:00,3,1058.62,267,1,3,4,8,At Risk
14466,United Kingdom,2011-11-10 14:07:00,7,2272.4,50,4,5,5,14,Champions
14467,United Kingdom,2011-11-22 12:48:00,4,598.76,38,4,4,3,11,Loyal Customers
14470,United Kingdom,2011-11-28 10:31:00,2,461.19,32,5,3,2,10,Loyal Customers
14472,United Kingdom,2011-08-28 11:01:00,8,1936.84,124,2,5,4,11,At Risk
14473,United Kingdom,2011-09-26 15:10:00,2,234.34,95,2,3,1,6,At Risk
14474,United Kingdom,2011-10-24 13:26:00,1,547.66,67,3,1,3,7,Potential Loyalists
14475,United Kingdom,2011-09-29 10:46:00,3,925.85,92,3,3,3,9,Loyal Customers
14476,United Kingdom,2011-03-27 15:39:00,1,215.7,278,1,1,1,3,Hibernating
14477,United Kingdom,2011-11-20 11:11:00,4,1309.6,40,4,4,4,12,Champions
14479,United Kingdom,2011-03-31 09:07:00,2,316.25,274,1,3,2,6,At Risk
14480,United Kingdom,2011-11-28 16:35:00,1,279.05,32,5,1,2,8,New Customers
14481,United Kingdom,2011-06-28 10:38:00,2,636.51,185,2,3,3,8,At Risk
14482,United Kingdom,2011-11-21 13:14:00,6,2068.15,39,4,5,5,14,Champions
14483,United Kingdom,2011-03-03 10:26:00,1,137.1,302,1,1,1,3,Hibernating
14484,United Kingdom,2011-10-20 14:11:00,1,321.92,71,3,1,2,6,Needs Attention
14485,United Kingdom,2011-11-01 12:25:00,1,165.75,59,3,1,1,5,Needs Attention
14487,United Kingdom,2011-11-13 12:17:00,6,1196.33,47,4,5,4,13,Champions
14488,United Kingdom,2011-10-03 09:30:00,1,1064.28,88,3,1,4,8,Potential Loyalists
14489,United Kingdom,2011-05-16 14:51:00,1,463.38,228,1,1,2,4,Hibernating
14491,United Kingdom,2011-06-17 15:22:00,2,340.93,196,2,3,2,7,At Risk
14493,United Kingdom,2011-12-02 16:14:00,5,2383.24,28,5,4,5,14,Champions
14494,United Kingdom,2011-11-14 09:21:00,1,139.56,46,4,1,1,6,New Customers
14495,United Kingdom,2011-10-20 12:28:00,2,123.8,71,3,3,1,7,Loyal Customers
14496,United Kingdom,2011-02-01 09:01:00,2,538.81,332,1,3,3,7,At Risk
14497,United Kingdom,2011-02-03 17:01:00,1,475.37,330,1,1,2,4,Hibernating
14498,United Kingdom,2011-10-28 12:09:00,5,1957.32,63,3,4,4,11,Loyal Customers
14499,United Kingdom,2011-11-13 13:01:00,3,815.32,47,4,3,3,10,Loyal Customers
14500,United Kingdom,2011-09-12 16:45:00,3,356.85,109,2,3,2,7,At Risk
14501,United Kingdom,2011-06-09 12:02:00,2,251.21,204,1,3,2,6,At Risk
14502,United Kingdom,2011-11-20 11:50:00,11,2470.67,40,4,5,5,14,Champions
14503,United Kingdom,2011-12-06 13:30:00,6,3543.26,24,5,5,5,15,Champions
14504,United Kingdom,2011-10-23 16:00:00,4,673.26,68,3,4,3,10,Loyal Customers
14505,United Kingdom,2011-11-22 15:45:00,8,5905.64,38,4,5,5,14,Champions
14506,United Kingdom,2011-11-22 13:02:00,5,2012.17,38,4,4,4,12,Champions
14507,United Kingdom,2011-11-16 12:21:00,6,1383.18,44,4,5,4,13,Champions
14508,United Kingdom,2011-11-17 19:48:00,2,276.42,43,4,3,2,9,Loyal Customers
14511,United Kingdom,2011-11-28 17:05:00,5,1314.81,32,5,4,4,13,Champions
14512,United Kingdom,2011-06-05 12:39:00,2,275.28,208,1,3,2,6,At Risk
14513,United Kingdom,2011-08-31 11:25:00,3,455.59,121,2,3,2,7,At Risk
14514,United Kingdom,2011-10-09 16:05:00,3,1055.35,82,3,3,4,10,Loyal Customers
14515,United Kingdom,2011-11-22 11:37:00,6,2102.09,38,4,5,5,14,Champions
14517,United Kingdom,2011-11-06 14:20:00,2,330.45,54,3,3,2,8,Loyal Customers
14518,United Kingdom,2011-10-06 14:43:00,1,174.37,85,3,1,1,5,Needs Attention
14520,United Kingdom,2011-12-08 09:46:00,2,270.6,22,5,3,2,10,Loyal Customers
14522,United Kingdom,2011-11-15 13:24:00,4,974.54,45,4,4,4,12,Champions
14523,United Kingdom,2011-08-23 13:13:00,1,241.09,129,2,1,1,4,Hibernating
14524,United Kingdom,2011-11-08 12:29:00,9,1867.68,52,4,5,4,13,Champions
14525,United Kingdom,2011-11-20 11:37:00,9,4332.2,40,4,5,5,14,Champions
14527,United Kingdom,2011-12-07 12:19:00,55,8508.82,23,5,5,5,15,Champions
14528,United Kingdom,2011-11-02 17:09:00,1,364.22,58,3,1,2,6,Needs Attention
14529,United Kingdom,2011-10-10 15:27:00,3,620.04,81,3,3,3,9,Loyal Customers
14530,United Kingdom,2011-11-14 10:38:00,6,2925.91,46,4,5,5,14,Champions
14532,United Kingdom,2011-04-17 13:05:00,4,932.85,257,1,4,3,8,At Risk
14533,United Kingdom,2011-11-15 12:05:00,7,1949.72,45,4,5,4,13,Champions
14534,United Kingdom,2011-12-07 12:19:00,18,4447.05,23,5,5,5,15,Champions
14535,United Kingdom,2011-10-10 15:39:00,3,2864.19,81,3,3,5,11,Loyal Customers
14536,United Kingdom,2011-03-25 12:21:00,1,171.8,280,1,1,1,3,Hibernating
14537,United Kingdom,2011-10-13 10:54:00,1,355.56,78,3,1,2,6,Needs Attention
14538,United Kingdom,2011-10-06 10:31:00,2,388.25,85,3,3,2,8,Loyal Customers
14539,United Kingdom,2011-11-24 09:50:00,2,537.48,36,4,3,3,10,Loyal Customers
14540,United Kingdom,2011-11-30 10:15:00,3,996.26,30,5,3,4,12,Loyal Customers
14541,United Kingdom,2011-10-12 10:08:00,8,1461.65,79,3,5,4,12,Loyal Customers
14542,United Kingdom,2011-06-07 08:19:00,1,103.25,206,1,1,1,3,Hibernating
14543,United Kingdom,2011-11-11 12:45:00,16,3630.33,49,4,5,5,14,Champions
14544,United Kingdom,2011-11-15 15:06:00,2,2024.45,45,4,3,4,11,Loyal Customers
14546,United Kingdom,2011-12-04 13:00:00,5,2578.09,26,5,4,5,14,Champions
14547,United Kingdom,2011-12-06 11:06:00,8,4007.54,24,5,5,5,15,Champions
14548,United Kingdom,2011-07-12 12:19:00,2,652.8,171,2,3,3,8,At Risk
14549,United Kingdom,2011-02-01 13:47:00,1,289.24,332,1,1,2,4,Hibernating
14550,United Kingdom,2011-11-29 12:12:00,2,765.62,31,5,3,3,11,Loyal Customers
14551,United Kingdom,2011-11-21 13:36:00,2,186.23,39,4,3,1,8,Loyal Customers
14552,United Kingdom,2011-07-11 12:49:00,1,165.07,172,2,1,1,4,Hibernating
14553,United Kingdom,2011-11-20 13:20:00,5,859.27,40,4,4,3,11,Loyal Customers
14554,United Kingdom,2011-11-29 16:44:00,4,2381.04,31,5,4,5,14,Champions
14555,United Kingdom,2011-10-13 16:24:00,2,324.14,78,3,3,2,8,Loyal Customers
14557,United Kingdom,2011-09-15 15:48:00,1,788.38,106,2,1,3,6,Hibernating
14560,United Kingdom,2011-12-02 15:22:00,22,2237.77,28,5,5,5,15,Champions
14561,United Kingdom,2011-09-25 12:39:00,3,1080.76,96,2,3,4,9,At Risk
14562,United Kingdom,2011-12-06 11:05:00,18,5074.77,24,5,5,5,15,Champions
14565,United Kingdom,2011-09-05 09:07:00,4,3099.12,116,2,4,5,11,At Risk
14566,Channel Islands,2011-08-21 11:05:00,1,1432.0,131,2,1,4,7,Hibernating
14567,United Kingdom,2011-10-14 10:21:00,2,1530.36,77,3,3,4,10,Loyal Customers
14569,United Kingdom,2011-12-08 14:58:00,1,227.39,22,5,1,1,7,New Customers
14570,United Kingdom,2011-03-04 10:58:00,2,218.06,301,1,3,1,5,At Risk
14572,United Kingdom,2011-12-06 14:40:00,7,2832.84,24,5,5,5,15,Champions
14573,United Kingdom,2011-06-13 11:15:00,9,1653.42,200,2,5,4,11,At Risk
14576,United Kingdom,2010-12-02 17:51:00,1,35.4,393,1,1,1,3,Hibernating
14577,United Kingdom,2011-11-27 12:47:00,4,859.71,33,5,4,3,12,Loyal Customers
14578,United Kingdom,2011-12-06 17:18:00,1,168.63,24,5,1,1,7,New Customers
14581,United Kingdom,2011-11-23 12:39:00,1,138.6,37,4,1,1,6,New Customers
14582,United Kingdom,2011-10-30 11:56:00,1,114.11,61,3,1,1,5,Needs Attention
14583,United Kingdom,2011-12-04 12:32:00,5,1052.55,26,5,4,4,13,Champions
14584,United Kingdom,2011-06-23 18:33:00,4,1042.26,190,2,4,4,10,At Risk
14585,United Kingdom,2011-10-20 14:33:00,1,157.05,71,3,1,1,5,Needs Attention
14586,United Kingdom,2011-03-08 10:04:00,1,237.36,297,1,1,1,3,Hibernating
14587,United Kingdom,2011-11-21 11:34:00,9,1601.14,39,4,5,4,13,Champions
14589,United Kingdom,2010-12-03 11:42:00,1,39.75,392,1,1,1,3,Hibernating
14591,United Kingdom,2011-11-24 13:57:00,4,1447.14,36,4,4,4,12,Champions
14592,United Kingdom,2011-11-04 16:35:00,3,570.46,56,3,3,3,9,Loyal Customers
14593,United Kingdom,2011-11-18 12:48:00,3,617.99,42,4,3,3,10,Loyal Customers
14594,United Kingdom,2011-12-02 13:28:00,2,379.83,28,5,3,2,10,Loyal Customers
14595,United Kingdom,2011-11-20 12:12:00,6,1740.6,40,4,5,4,13,Champions
14597,United Kingdom,2011-11-28 13:13:00,2,883.15,32,5,3,3,11,Loyal Customers
14598,United Kingdom,2011-10-26 13:19:00,1,221.97,65,3,1,1,5,Needs Attention
14600,United Kingdom,2011-02-07 09:48:00,1,393.33,326,1,1,2,4,Hibernating
14601,United Kingdom,2011-11-29 09:48:00,1,213.96,31,5,1,1,7,New Customers
14603,United Kingdom,2011-03-10 10:27:00,1,660.0,295,1,1,3,5,Hibernating
14606,United Kingdom,2011-12-08 19:28:00,93,12156.65,22,5,5,5,15,Champions
14607,United Kingdom,2011-11-24 10:35:00,14,16569.5,36,4,5,5,14,Champions
14608,United Kingdom,2011-12-05 16:52:00,4,1785.15,25,5,4,4,13,Champions
14609,United Kingdom,2011-09-28 12:54:00,4,601.56,93,2,4,3,9,At Risk
14616,United Kingdom,2011-04-11 09:54:00,3,406.08,263,1,3,2,6,At Risk
14618,United Kingdom,2011-11-30 13:45:00,3,553.44,30,5,3,3,11,Loyal Customers
14619,United Kingdom,2011-04-08 07:37:00,1,394.44,266,1,1,2,4,Hibernating
14620,United Kingdom,2011-05-18 11:58:00,2,412.78,226,1,3,2,6,At Risk
14621,United Kingdom,2011-12-08 16:22:00,5,1788.36,22,5,4,4,13,Champions
14622,United Kingdom,2011-06-08 12:42:00,1,320.58,205,1,1,2,4,Hibernating
14623,United Kingdom,2011-11-07 13:56:00,5,889.25,53,4,4,3,11,Loyal Customers
14624,United Kingdom,2011-10-13 13:44:00,2,225.85,78,3,3,1,7,Loyal Customers
14625,United Kingdom,2011-05-27 15:32:00,2,899.63,217,1,3,3,7,At Risk
14626,United Kingdom,2011-11-16 10:37:00,4,2791.27,44,4,4,5,13,Champions
14628,United Kingdom,2011-09-09 14:58:00,2,671.96,112,2,3,3,8,At Risk
14629,United Kingdom,2011-12-05 16:55:00,2,959.01,25,5,3,4,12,Loyal Customers
14631,United Kingdom,2011-10-20 11:17:00,3,1006.98,71,3,3,4,10,Loyal Customers
14632,United Kingdom,2011-03-22 08:49:00,1,114.56,283,1,1,1,3,Hibernating
14633,United Kingdom,2011-03-18 17:07:00,1,344.9,287,1,1,2,4,Hibernating
14636,United Kingdom,2011-11-03 16:12:00,2,609.85,57,3,3,3,9,Loyal Customers
14638,United Kingdom,2011-10-20 10:10:00,1,443.6,71,3,1,2,6,Needs Attention
14639,United Kingdom,2011-10-18 15:06:00,6,2984.49,73,3,5,5,13,Loyal Customers
14640,United Kingdom,2011-11-15 13:07:00,6,2125.08,45,4,5,5,14,Champions
14641,United Kingdom,2011-11-18 10:42:00,1,110.46,42,4,1,1,6,New Customers
14642,United Kingdom,2011-10-12 11:08:00,1,96.12,79,3,1,1,5,Needs Attention
14643,United Kingdom,2011-06-22 14:41:00,2,693.81,191,2,3,3,8,At Risk
14644,United Kingdom,2011-10-03 08:30:00,2,830.76,88,3,3,3,9,Loyal Customers
14645,United Kingdom,2011-07-06 09:15:00,2,597.09,177,2,3,3,8,At Risk
14646,Netherlands,2011-12-08 12:12:00,73,280206.02,22,5,5,5,15,Champions
14647,United Kingdom,2011-05-22 13:40:00,1,243.22,222,1,1,1,3,Hibernating
14649,United Kingdom,2011-12-05 12:30:00,4,1417.29,25,5,4,4,13,Champions
14651,United Kingdom,2011-10-03 15:52:00,2,654.6,88,3,3,3,9,Loyal Customers
14652,United Kingdom,2011-09-23 14:21:00,1,114.18,98,2,1,1,4,Hibernating
14653,United Kingdom,2011-12-08 13:45:00,7,1947.55,22,5,5,4,14,Champions
14655,United Kingdom,2011-12-01 16:28:00,4,1932.23,29,5,4,4,13,Champions
14656,United Kingdom,2011-06-23 13:51:00,2,291.05,190,2,3,2,7,At Risk
14657,United Kingdom,2011-11-22 12:47:00,4,848.22,38,4,4,3,11,Loyal Customers
14658,United Kingdom,2011-12-04 15:35:00,2,247.15,26,5,3,1,9,Loyal Customers
14659,United Kingdom,2011-12-01 12:17:00,9,2529.93,29,5,5,5,15,Champions
14660,United Kingdom,2011-09-14 11:34:00,2,285.74,107,2,3,2,7,At Risk
14661,United Kingdom,2011-11-13 11:51:00,1,107.95,47,4,1,1,6,New Customers
14662,United Kingdom,2011-11-11 12:13:00,4,771.17,49,4,4,3,11,Loyal Customers
14664,United Kingdom,2011-11-20 10:59:00,2,637.89,40,4,3,3,10,Loyal Customers
14665,United Kingdom,2011-10-10 09:14:00,5,1835.7,81,3,4,4,11,Loyal Customers
14666,United Kingdom,2011-11-15 12:57:00,1,195.25,45,4,1,1,6,New Customers
14667,United Kingdom,2011-11-29 11:30:00,25,9241.2,31,5,5,5,15,Champions
14669,United Kingdom,2011-04-12 11:43:00,3,1269.99,262,1,3,4,8,At Risk
14670,United Kingdom,2011-03-04 14:13:00,2,411.53,301,1,3,2,6,At Risk
14672,United Kingdom,2011-04-19 10:19:00,2,765.55,255,1,3,3,7,At Risk
14673,United Kingdom,2011-12-06 14:31:00,5,1736.4,24,5,4,4,13,Champions
14675,United Kingdom,2011-11-23 12:58:00,1,604.75,37,4,1,3,8,New Customers
14676,United Kingdom,2011-11-08 13:29:00,6,2548.24,52,4,5,5,14,Champions
14680,United Kingdom,2011-11-14 16:59:00,16,28754.11,46,4,5,5,14,Champions
14681,United Kingdom,2011-09-29 15:52:00,3,498.95,92,3,3,3,9,Loyal Customers
14682,United Kingdom,2011-06-05 12:12:00,2,52.0,208,1,3,1,5,At Risk
14684,United Kingdom,2011-11-14 11:33:00,5,1236.28,46,4,4,4,12,Champions
14687,United Kingdom,2011-08-25 11:59:00,1,628.38,127,2,1,3,6,Hibernating
14688,United Kingdom,2011-12-02 12:26:00,21,5630.87,28,5,5,5,15,Champions
14689,United Kingdom,2011-05-15 11:22:00,1,112.8,229,1,1,1,3,Hibernating
14690,United Kingdom,2011-10-26 15:39:00,2,371.7,65,3,3,2,8,Loyal Customers
14691,United Kingdom,2011-11-09 12:30:00,5,2114.33,51,4,4,5,13,Champions
14692,United Kingdom,2011-07-25 15:08:00,4,591.55,158,2,4,3,9,At Risk
14693,United Kingdom,2011-03-20 12:50:00,1,172.9,285,1,1,1,3,Hibernating
14696,United Kingdom,2011-12-05 13:43:00,7,2078.95,25,5,5,5,15,Champions
14697,United Kingdom,2011-05-05 15:39:00,2,188.61,239,1,3,1,5,At Risk
14698,United Kingdom,2011-12-08 12:26:00,5,1250.76,22,5,4,4,13,Champions
14699,United Kingdom,2011-05-09 14:54:00,1,109.13,235,1,1,1,3,Hibernating
14700,United Kingdom,2011-11-07 14:40:00,3,2235.3,53,4,3,5,12,Loyal Customers
14701,United Kingdom,2011-11-29 12:38:00,9,2549.37,31,5,5,5,15,Champions
14702,United Kingdom,2011-12-08 19:29:00,17,3292.14,22,5,5,5,15,Champions
14703,United Kingdom,2011-11-25 09:23:00,1,318.17,35,4,1,2,7,New Customers
14704,United Kingdom,2011-11-28 12:51:00,9,1546.91,32,5,5,4,14,Champions
14705,United Kingdom,2011-05-25 12:39:00,1,179.0,219,1,1,1,3,Hibernating
14708,United Kingdom,2011-12-07 08:21:00,3,1126.37,23,5,3,4,12,Loyal Customers
14709,United Kingdom,2011-11-24 15:41:00,13,4921.04,36,4,5,5,14,Champions
14710,United Kingdom,2011-11-25 14:53:00,4,606.13,35,4,4,3,11,Loyal Customers
14711,United Kingdom,2011-11-29 14:58:00,11,2868.8,31,5,5,5,15,Champions
14712,United Kingdom,2011-11-10 12:59:00,3,917.07,50,4,3,3,10,Loyal Customers
14713,United Kingdom,2011-11-30 16:26:00,11,2666.36,30,5,5,5,15,Champions
14714,United Kingdom,2011-11-15 13:07:00,1,160.19,45,4,1,1,6,New Customers
14715,United Kingdom,2011-11-15 12:10:00,4,867.38,45,4,4,3,11,Loyal Customers
14716,United Kingdom,2011-10-27 17:29:00,2,329.68,64,3,3,2,8,Loyal Customers
14719,United Kingdom,2011-12-08 12:43:00,5,1602.13,22,5,4,4,13,Champions
14720,United Kingdom,2011-12-04 12:02:00,3,663.81,26,5,3,3,11,Loyal Customers
14722,United Kingdom,2011-07-15 14:58:00,1,187.92,168,2,1,1,4,Hibernating
14723,United Kingdom,2011-11-29 15:23:00,6,1158.3,31,5,5,4,14,Champions
14725,United Kingdom,2011-11-15 12:42:00,1,718.08,45,4,1,3,8,New Customers
14727,United Kingdom,2011-03-10 14:45:00,1,268.58,295,1,1,2,4,Hibernating
14729,United Kingdom,2010-12-01 12:43:00,1,313.49,394,1,1,2,4,Hibernating
14730,United Kingdom,2011-12-08 14:39:00,8,2005.06,22,5,5,4,14,Champions
14731,United Kingdom,2011-10-23 15:54:00,3,380.02,68,3,3,2,8,Loyal Customers
14732,United Kingdom,2011-12-01 14:34:00,8,2702.49,29,5,5,5,15,Champions
14733,United Kingdom,2011-11-23 15:39:00,12,9585.91,37,4,5,5,14,Champions
14735,United Kingdom,2011-12-06 12:09:00,32,6065.69,24,5,5,5,15,Champions
14737,United Kingdom,2011-12-06 10:16:00,3,1164.55,24,5,3,4,12,Loyal Customers
14738,United Kingdom,2011-10-28 08:56:00,7,1314.45,63,3,5,4,12,Loyal Customers
14739,United Kingdom,2011-12-05 16:54:00,7,3902.28,25,5,5,5,15,Champions
14740,United Kingdom,2011-05-26 18:17:00,3,1448.21,218,1,3,4,8,At Risk
14741,United Kingdom,2011-11-28 08:48:00,6,1400.34,32,5,5,4,14,Champions
14744,United Kingdom,2011-11-23 12:51:00,7,1099.98,37,4,5,4,13,Champions
14745,United Kingdom,2011-08-19 10:05:00,5,1220.26,133,2,4,4,10,At Risk
14747,United Kingdom,2011-04-04 14:09:00,1,328.2,270,1,1,2,4,Hibernating
14748,United Kingdom,2011-11-10 18:33:00,5,1415.75,50,4,4,4,12,Champions
14752,United Kingdom,2011-10-27 11:55:00,1,389.64,64,3,1,2,6,Needs Attention
14753,United Kingdom,2011-09-13 14:50:00,1,563.15,108,2,1,3,6,Hibernating
14754,United Kingdom,2011-10-26 12:01:00,2,638.05,65,3,3,3,9,Loyal Customers
14755,United Kingdom,2011-11-30 11:24:00,11,5010.28,30,5,5,5,15,Champions
14756,United Kingdom,2011-11-24 18:13:00,1,738.96,36,4,1,3,8,New Customers
14757,United Kingdom,2011-09-25 14:36:00,1,420.5,96,2,1,2,5,Hibernating
14758,United Kingdom,2011-07-18 08:21:00,4,1484.06,165,2,4,4,10,At Risk
14759,United Kingdom,2011-12-05 12:03:00,3,1625.97,25,5,3,4,12,Loyal Customers
14760,United Kingdom,2011-02-15 16:27:00,1,89.2,318,1,1,1,3,Hibernating
14761,United Kingdom,2011-10-12 12:10:00,2,255.9,79,3,3,2,8,Loyal Customers
14762,United Kingdom,2011-03-21 08:20:00,1,300.52,284,1,1,2,4,Hibernating
14764,United Kingdom,2011-10-24 11:54:00,1,278.3,67,3,1,2,6,Needs Attention
14765,United Kingdom,2011-11-10 19:53:00,3,254.11,50,4,3,2,9,Loyal Customers
14766,United Kingdom,2011-12-01 16:05:00,6,2473.37,29,5,5,5,15,Champions
14768,United Kingdom,2011-11-22 12:54:00,2,192.6,38,4,3,1,8,Loyal Customers
14769,United Kingdom,2011-12-07 10:24:00,8,10674.75,23,5,5,5,15,Champions
14770,United Kingdom,2011-04-21 14:21:00,2,876.42,253,1,3,3,7,At Risk
14772,United Kingdom,2011-08-19 15:04:00,1,139.26,133,2,1,1,4,Hibernating
14775,United Kingdom,2011-10-12 15:27:00,3,1011.9,79,3,3,4,10,Loyal Customers
14776,United Kingdom,2011-10-19 15:34:00,11,2538.3,72,3,5,5,13,Loyal Customers
14778,United Kingdom,2011-08-04 15:23:00,2,730.86,148,2,3,3,8,At Risk
14779,United Kingdom,2011-03-04 12:42:00,3,386.15,301,1,3,2,6,At Risk
14780,United Kingdom,2011-10-16 12:46:00,2,447.68,75,3,3,2,8,Loyal Customers
14782,United Kingdom,2011-01-24 11:12:00,1,200.1,340,1,1,1,3,Hibernating
14784,United Kingdom,2011-11-13 13:30:00,2,289.99,47,4,3,2,9,Loyal Customers
14785,United Kingdom,2011-11-29 13:21:00,2,77.4,31,5,3,1,9,Loyal Customers
14788,United Kingdom,2011-12-02 17:06:00,2,679.44,28,5,3,3,11,Loyal Customers
14789,United Kingdom,2011-11-11 08:59:00,1,197.64,49,4,1,1,6,New Customers
14790,United Kingdom,2011-11-23 09:28:00,4,745.06,37,4,4,3,11,Loyal Customers
14792,United Kingdom,2011-10-07 09:19:00,1,6.2,84,3,1,1,5,Needs Attention
14793,United Kingdom,2011-11-18 14:50:00,1,228.99,42,4,1,1,6,New Customers
14794,United Kingdom,2011-12-07 10:11:00,7,1319.91,23,5,5,4,14,Champions
14795,United Kingdom,2011-06-26 13:04:00,1,131.45,187,2,1,1,4,Hibernating
14796,United Kingdom,2011-12-08 15:31:00,17,8022.49,22,5,5,5,15,Champions
14798,United Kingdom,2011-10-18 10:58:00,3,173.74,73,3,3,1,7,Loyal Customers
14799,United Kingdom,2011-10-19 16:16:00,1,157.7,72,3,1,1,5,Needs Attention
14800,United Kingdom,2011-10-23 12:46:00,12,4339.74,68,3,5,5,13,Loyal Customers
14801,United Kingdom,2011-10-09 15:24:00,1,193.14,82,3,1,1,5,Needs Attention
14803,United Kingdom,2011-06-30 13:58:00,3,845.55,183,2,3,3,8,At Risk
14804,United Kingdom,2011-12-01 11:20:00,1,353.27,29,5,1,2,8,New Customers
14805,United Kingdom,2011-11-24 16:20:00,4,554.65,36,4,4,3,11,Loyal Customers
14806,United Kingdom,2011-09-25 15:32:00,1,193.39,96,2,1,1,4,Hibernating
14808,United Kingdom,2011-10-31 12:21:00,8,2741.17,60,3,5,5,13,Loyal Customers
14810,United Kingdom,2011-10-30 11:19:00,11,2087.88,61,3,5,5,13,Loyal Customers
14813,United Kingdom,2010-12-05 11:57:00,2,155.43,390,1,3,1,5,At Risk
14815,United Kingdom,2011-11-03 11:36:00,2,778.5,57,3,3,3,9,Loyal Customers
14816,United Kingdom,2011-05-26 13:16:00,1,271.85,218,1,1,2,4,Hibernating
14817,United Kingdom,2011-05-23 13:35:00,2,1110.34,221,1,3,4,8,At Risk
14818,United Kingdom,2011-09-27 11:01:00,3,657.8,94,2,3,3,8,At Risk
14819,United Kingdom,2011-10-06 13:41:00,2,272.07,85,3,3,2,8,Loyal Customers
14820,United Kingdom,2011-11-18 15:41:00,4,507.29,42,4,4,3,11,Loyal Customers
14821,United Kingdom,2010-12-08 08:43:00,1,48.8,387,1,1,1,3,Hibernating
14823,United Kingdom,2011-06-12 13:12:00,3,321.43,201,1,3,2,6,At Risk
14824,United Kingdom,2011-11-29 14:20:00,4,1127.71,31,5,4,4,13,Champions
14825,United Kingdom,2011-12-06 11:38:00,12,2226.91,24,5,5,5,15,Champions
14828,United Kingdom,2011-05-27 10:16:00,3,2139.76,217,1,3,5,9,At Risk
14829,United Kingdom,2011-11-10 16:16:00,4,697.55,50,4,4,3,11,Loyal Customers
14830,United Kingdom,2011-10-17 14:29:00,1,197.13,74,3,1,1,5,Needs Attention
14834,United Kingdom,2011-11-22 10:30:00,6,1720.3,38,4,5,4,13,Champions
14836,United Kingdom,2011-11-29 16:45:00,3,102.45,31,5,3,1,9,Loyal Customers
14837,United Kingdom,2011-09-11 10:58:00,4,1649.5,110,2,4,4,10,At Risk
14840,United Kingdom,2011-03-17 12:00:00,1,62.85,288,1,1,1,3,Hibernating
14841,United Kingdom,2011-10-17 15:03:00,6,3295.76,74,3,5,5,13,Loyal Customers
14842,United Kingdom,2011-10-27 12:37:00,4,2824.69,64,3,4,5,12,Loyal Customers
14844,United Kingdom,2011-10-07 10:41:00,4,3189.81,84,3,4,5,12,Loyal Customers
14847,United Kingdom,2011-07-14 10:52:00,1,309.4,169,2,1,2,5,Hibernating
14849,United Kingdom,2011-11-18 10:58:00,25,7930.54,42,4,5,5,14,Champions
14850,United Kingdom,2011-02-01 11:21:00,1,325.75,332,1,1,2,4,Hibernating
14851,United Kingdom,2011-11-16 14:20:00,2,511.35,44,4,3,3,10,Loyal Customers
14852,United Kingdom,2011-10-12 13:20:00,6,2836.69,79,3,5,5,13,Loyal Customers
14853,United Kingdom,2011-11-15 16:56:00,2,475.8,45,4,3,2,9,Loyal Customers
14854,United Kingdom,2011-09-22 17:00:00,7,2759.83,99,2,5,5,12,At Risk
14855,United Kingdom,2011-08-12 14:02:00,2,645.65,140,2,3,3,8,At Risk
14856,United Kingdom,2011-11-03 14:53:00,3,1311.38,57,3,3,4,10,Loyal Customers
14857,United Kingdom,2011-10-11 09:23:00,2,1173.12,80,3,3,4,10,Loyal Customers
14859,United Kingdom,2011-11-27 11:18:00,4,1353.74,33,5,4,4,13,Champions
14860,United Kingdom,2011-11-20 14:17:00,1,170.32,40,4,1,1,6,New Customers
14861,United Kingdom,2011-10-18 12:54:00,1,125.79,73,3,1,1,5,Needs Attention
14862,United Kingdom,2011-11-14 10:01:00,2,841.2,46,4,3,3,10,Loyal Customers
14863,United Kingdom,2011-11-10 15:04:00,1,266.76,50,4,1,2,7,New Customers
14865,United Kingdom,2011-12-02 16:25:00,2,52.2,28,5,3,1,9,Loyal Customers
14866,United Kingdom,2011-11-29 11:45:00,12,14389.9,31,5,5,5,15,Champions
14867,United Kingdom,2011-06-07 11:39:00,3,710.28,206,1,3,3,7,At Risk
14868,United Kingdom,2011-12-06 14:49:00,8,2953.59,24,5,5,5,15,Champions
14869,United Kingdom,2011-12-01 12:36:00,2,725.7,29,5,3,3,11,Loyal Customers
14870,United Kingdom,2011-03-23 10:51:00,1,327.25,282,1,1,2,4,Hibernating
14871,United Kingdom,2011-12-06 13:42:00,4,522.38,24,5,4,3,12,Loyal Customers
14873,United Kingdom,2011-05-13 13:52:00,1,519.68,231,1,1,3,5,Hibernating
14875,United Kingdom,2011-08-24 12:20:00,2,1465.32,128,2,3,4,9,At Risk
14878,United Kingdom,2011-11-27 11:15:00,9,1485.54,33,5,5,4,14,Champions
14880,United Kingdom,2011-09-23 13:42:00,3,706.19,98,2,3,3,8,At Risk
14881,United Kingdom,2011-11-20 11:06:00,1,255.4,40,4,1,2,7,New Customers
14882,United Kingdom,2011-11-13 12:47:00,2,589.7,47,4,3,3,10,Loyal Customers
14883,United Kingdom,2011-11-21 10:23:00,6,761.59,39,4,5,3,12,Loyal Customers
14885,United Kingdom,2011-07-31 12:05:00,1,765.32,152,2,1,3,6,Hibernating
14886,United Kingdom,2011-04-01 08:56:00,1,364.8,273,1,1,2,4,Hibernating
14887,United Kingdom,2011-09-21 15:32:00,1,1862.0,100,2,1,4,7,Hibernating
14888,United Kingdom,2011-05-16 14:58:00,1,369.2,228,1,1,2,4,Hibernating
14889,United Kingdom,2011-01-07 15:19:00,1,135.9,357,1,1,1,3,Hibernating
14890,United Kingdom,2011-03-31 11:57:00,1,125.65,274,1,1,1,3,Hibernating
14891,United Kingdom,2011-07-14 18:08:00,2,554.38,169,2,3,3,8,At Risk
14893,United Kingdom,2011-11-30 12:31:00,2,1237.85,30,5,3,4,12,Loyal Customers
14894,United Kingdom,2011-09-15 13:51:00,1,655.75,106,2,1,3,6,Hibernating
14895,United Kingdom,2011-12-02 09:23:00,20,11138.71,28,5,5,5,15,Champions
14896,United Kingdom,2011-05-19 10:20:00,2,468.77,225,1,3,2,6,At Risk
14897,United Kingdom,2011-12-02 10:32:00,4,1366.38,28,5,4,4,13,Champions
14898,United Kingdom,2011-11-16 14:54:00,6,1303.52,44,4,5,4,13,Champions
14901,United Kingdom,2011-11-28 17:09:00,9,1421.29,32,5,5,4,14,Champions
14902,United Kingdom,2011-11-14 10:34:00,1,332.66,46,4,1,2,7,New Customers
14903,United Kingdom,2011-11-18 16:07:00,5,2810.63,42,4,4,5,13,Champions
14904,United Kingdom,2011-12-07 12:55:00,2,1025.44,23,5,3,4,12,Loyal Customers
14905,United Kingdom,2011-07-05 12:41:00,2,616.15,178,2,3,3,8,At Risk
14907,United Kingdom,2011-12-06 14:14:00,7,3501.1,24,5,5,5,15,Champions
14908,United Kingdom,2011-09-26 12:56:00,1,277.8,95,2,1,2,5,Hibernating
14910,United Kingdom,2011-12-07 10:06:00,4,434.35,23,5,4,2,11,Loyal Customers
14911,EIRE,2011-12-08 15:54:00,201,143825.06,22,5,5,5,15,Champions
14912,Italy,2011-11-23 09:20:00,2,867.85,37,4,3,3,10,Loyal Customers
14913,United Kingdom,2011-11-04 08:29:00,4,1227.43,56,3,4,4,11,Loyal Customers
14915,United Kingdom,2011-09-09 13:34:00,2,307.48,112,2,3,2,7,At Risk
14916,United Kingdom,2011-09-30 09:20:00,4,1268.98,91,3,4,4,11,Loyal Customers
14918,United Kingdom,2011-08-16 11:50:00,2,1610.15,136,2,3,4,9,At Risk
14920,United Kingdom,2011-05-11 10:32:00,2,977.77,233,1,3,4,8,At Risk
14921,United Kingdom,2011-11-09 13:17:00,2,1316.07,51,4,3,4,11,Loyal Customers
14923,United Kingdom,2011-10-20 11:51:00,1,749.1,71,3,1,3,7,Potential Loyalists
14924,United Kingdom,2011-04-08 09:25:00,1,310.05,266,1,1,2,4,Hibernating
14929,United Kingdom,2011-11-07 17:21:00,1,223.88,53,4,1,1,6,New Customers
14930,Channel Islands,2011-08-23 10:31:00,3,2372.86,129,2,3,5,10,At Risk
14931,Channel Islands,2011-12-05 10:19:00,5,1257.68,25,5,4,4,13,Champions
14932,Channel Islands,2010-12-09 11:48:00,1,363.53,386,1,1,2,4,Hibernating
14934,Channel Islands,2011-09-19 10:10:00,2,1890.94,102,2,3,4,9,At Risk
14935,Channel Islands,2011-02-15 14:44:00,1,1784.71,318,1,1,4,6,Hibernating
14936,Channel Islands,2011-11-06 10:30:00,8,8137.02,54,3,5,5,13,Loyal Customers
14937,Channel Islands,2011-10-14 12:29:00,3,1621.88,77,3,3,4,10,Loyal Customers
14944,United Kingdom,2011-11-10 09:10:00,12,5900.25,50,4,5,5,14,Champions
14946,United Kingdom,2011-11-25 13:33:00,1,100.9,35,4,1,1,6,New Customers
14947,United Kingdom,2011-09-28 15:48:00,2,290.82,93,2,3,2,7,At Risk
14948,United Kingdom,2011-11-16 17:16:00,6,1101.97,44,4,5,4,13,Champions
14950,United Kingdom,2011-11-20 13:48:00,1,371.2,40,4,1,2,7,New Customers
14951,United Kingdom,2011-09-21 15:15:00,1,311.69,100,2,1,2,5,Hibernating
14952,United Kingdom,2011-10-11 10:33:00,11,8099.49,80,3,5,5,13,Loyal Customers
14953,United Kingdom,2011-11-14 14:59:00,1,289.82,46,4,1,2,7,New Customers
14954,United Kingdom,2011-11-27 14:30:00,1,336.17,33,5,1,2,8,New Customers
14957,United Kingdom,2011-03-31 17:59:00,1,58.49,274,1,1,1,3,Hibernating
14958,United Kingdom,2011-07-15 14:20:00,3,499.68,168,2,3,3,8,At Risk
14959,United Kingdom,2011-10-06 18:23:00,4,695.42,85,3,4,3,10,Loyal Customers
14960,United Kingdom,2011-12-01 12:54:00,2,221.27,29,5,3,1,9,Loyal Customers
14961,United Kingdom,2011-11-29 09:42:00,9,7044.68,31,5,5,5,15,Champions
14962,United Kingdom,2011-03-14 09:42:00,1,126.7,291,1,1,1,3,Hibernating
14963,United Kingdom,2011-11-30 12:16:00,5,1487.8,30,5,4,4,13,Champions
14964,United Kingdom,2011-04-06 14:13:00,1,206.21,268,1,1,1,3,Hibernating
14965,United Kingdom,2011-09-04 13:20:00,2,599.0,117,2,3,3,8,At Risk
14966,United Kingdom,2011-11-25 12:20:00,1,191.32,35,4,1,1,6,New Customers
14967,United Kingdom,2011-10-21 11:06:00,1,463.8,70,3,1,2,6,Needs Attention
14968,United Kingdom,2011-11-09 13:58:00,1,147.59,51,4,1,1,6,New Customers
14970,United Kingdom,2011-10-02 13:44:00,4,1592.06,89,3,4,4,11,Loyal Customers
14971,United Kingdom,2011-11-04 17:07:00,3,1116.57,56,3,3,4,10,Loyal Customers
14972,United Kingdom,2011-08-03 14:54:00,1,114.77,149,2,1,1,4,Hibernating
14973,United Kingdom,2011-08-24 15:51:00,3,1314.45,128,2,3,4,9,At Risk
14974,United Kingdom,2011-11-02 13:01:00,1,114.39,58,3,1,1,5,Needs Attention
14975,United Kingdom,2011-10-13 14:08:00,1,279.94,78,3,1,2,6,Needs Attention
14976,United Kingdom,2011-10-13 16:37:00,7,790.86,78,3,5,3,11,Loyal Customers
14978,United Kingdom,2011-09-28 13:07:00,5,1931.42,93,2,4,4,10,At Risk
14981,United Kingdom,2011-04-07 13:45:00,1,102.12,267,1,1,1,3,Hibernating
14984,United Kingdom,2011-11-20 14:28:00,2,213.27,40,4,3,1,8,Loyal Customers
14985,United Kingdom,2011-05-25 14:29:00,2,296.75,219,1,3,2,6,At Risk
14987,United Kingdom,2011-11-24 09:59:00,2,326.4,36,4,3,2,9,Loyal Customers
14988,United Kingdom,2011-05-12 12:05:00,1,334.54,232,1,1,2,4,Hibernating
14995,United Kingdom,2011-11-01 11:39:00,2,233.23,59,3,3,1,7,Loyal Customers
14997,United Kingdom,2011-10-24 13:28:00,3,546.2,67,3,3,3,9,Loyal Customers
14998,United Kingdom,2011-06-22 17:30:00,2,429.87,191,2,3,2,7,At Risk
15000,United Kingdom,2011-10-23 11:42:00,1,490.52,68,3,1,3,7,Potential Loyalists
15002,United Kingdom,2011-08-16 10:44:00,4,1641.76,136,2,4,4,10,At Risk
15004,United Kingdom,2011-07-15 14:05:00,1,1246.32,168,2,1,4,7,Hibernating
15005,United Kingdom,2011-11-24 12:25:00,28,6316.57,36,4,5,5,14,Champions
15006,United Kingdom,2011-10-19 15:08:00,1,502.09,72,3,1,3,7,Potential Loyalists
15007,United Kingdom,2011-07-03 16:00:00,1,156.91,180,2,1,1,4,Hibernating
15009,United Kingdom,2011-11-27 13:35:00,3,1261.78,33,5,3,4,12,Loyal Customers
15010,United Kingdom,2011-11-04 12:42:00,1,308.94,56,3,1,2,6,Needs Attention
15012,United Kingdom,2011-10-17 12:22:00,2,423.04,74,3,3,2,8,Loyal Customers
15014,United Kingdom,2011-10-27 20:07:00,2,260.17,64,3,3,2,8,Loyal Customers
15016,United Kingdom,2011-06-20 12:06:00,1,170.04,193,2,1,1,4,Hibernating
15017,United Kingdom,2011-11-06 10:33:00,1,125.58,54,3,1,1,5,Needs Attention
15018,United Kingdom,2011-11-01 12:47:00,3,496.21,59,3,3,3,9,Loyal Customers
15019,United Kingdom,2011-03-18 12:35:00,1,266.0,287,1,1,2,4,Hibernating
15021,United Kingdom,2011-12-01 11:53:00,9,1914.82,29,5,5,4,14,Champions
15022,United Kingdom,2011-11-28 12:35:00,4,905.04,32,5,4,3,12,Loyal Customers
15023,United Kingdom,2011-12-06 17:23:00,11,6802.76,24,5,5,5,15,Champions
15024,United Kingdom,2011-11-30 12:06:00,10,1661.33,30,5,5,4,14,Champions
15025,United Kingdom,2011-11-06 15:20:00,1,377.01,54,3,1,2,6,Needs Attention
15026,United Kingdom,2011-09-20 13:52:00,3,469.0,101,2,3,2,7,At Risk
15027,United Kingdom,2011-11-09 10:16:00,4,1066.15,51,4,4,4,12,Champions
15028,United Kingdom,2011-12-01 14:06:00,4,627.13,29,5,4,3,12,Loyal Customers
15030,United Kingdom,2011-09-29 10:50:00,2,518.28,92,3,3,3,9,Loyal Customers
15031,United Kingdom,2011-12-05 14:19:00,4,668.14,25,5,4,3,12,Loyal Customers
15032,United Kingdom,2011-03-28 15:03:00,3,4959.1,277,1,3,5,9,At Risk
15033,United Kingdom,2011-12-05 12:40:00,10,2586.67,25,5,5,5,15,Champions
15034,United Kingdom,2011-11-24 12:11:00,8,4308.61,36,4,5,5,14,Champions
15035,United Kingdom,2011-09-11 11:08:00,1,252.73,110,2,1,2,5,Hibernating
15036,United Kingdom,2011-09-28 15:42:00,3,465.55,93,2,3,2,7,At Risk
15038,United Kingdom,2011-10-12 11:33:00,6,705.49,79,3,5,3,11,Loyal Customers
15039,United Kingdom,2011-11-30 11:31:00,47,19914.44,30,5,5,5,15,Champions
15041,United Kingdom,2011-06-22 16:16:00,1,180.35,191,2,1,1,4,Hibernating
15042,United Kingdom,2011-05-24 16:25:00,1,135.93,220,1,1,1,3,Hibernating
15043,United Kingdom,2011-11-08 14:26:00,1,537.0,52,4,1,3,8,New Customers
15044,United Kingdom,2011-11-20 13:20:00,17,7700.23,40,4,5,5,14,Champions
15045,United Kingdom,2011-07-11 11:33:00,2,735.66,172,2,3,3,8,At Risk
15046,United Kingdom,2011-11-30 15:50:00,15,5213.77,30,5,5,5,15,Champions
15047,United Kingdom,2011-03-15 10:49:00,1,343.62,290,1,1,2,4,Hibernating
15048,United Kingdom,2011-10-05 14:55:00,4,384.05,86,3,4,2,9,Loyal Customers
15049,United Kingdom,2011-03-11 12:13:00,1,121.17,294,1,1,1,3,Hibernating
15050,United Kingdom,2011-11-14 16:17:00,3,1782.09,46,4,3,4,11,Loyal Customers
15051,United Kingdom,2011-11-16 15:38:00,3,1391.61,44,4,3,4,11,Loyal Customers
15052,United Kingdom,2011-01-24 15:52:00,1,215.78,340,1,1,1,3,Hibernating
15053,United Kingdom,2011-12-05 12:08:00,3,697.79,25,5,3,3,11,Loyal Customers
15054,United Kingdom,2011-11-27 15:02:00,2,302.1,33,5,3,2,10,Loyal Customers
15057,United Kingdom,2011-03-09 15:17:00,2,1489.5,296,1,3,4,8,At Risk
15058,United Kingdom,2011-11-14 14:57:00,11,2124.99,46,4,5,5,14,Champions
15059,United Kingdom,2011-10-30 11:35:00,9,1337.72,61,3,5,4,12,Loyal Customers
15060,United Kingdom,2011-12-01 13:47:00,4,303.09,29,5,4,2,11,Loyal Customers
15061,United Kingdom,2011-12-06 12:06:00,48,54534.14,24,5,5,5,15,Champions
15062,United Kingdom,2011-09-29 16:51:00,4,987.86,92,3,4,4,11,Loyal Customers
15063,United Kingdom,2011-05-10 13:25:00,1,370.8,234,1,1,2,4,Hibernating
15065,United Kingdom,2011-11-02 09:45:00,4,3158.13,58,3,4,5,12,Loyal Customers
15066,United Kingdom,2011-10-17 13:25:00,1,893.59,74,3,1,3,7,Potential Loyalists
15067,United Kingdom,2011-09-22 13:20:00,3,1744.76,99,2,3,4,9,At Risk
15068,United Kingdom,2011-10-24 14:47:00,2,553.36,67,3,3,3,9,Loyal Customers
15069,United Kingdom,2011-06-13 14:16:00,1,1109.53,200,2,1,4,7,Hibernating
15070,United Kingdom,2010-12-02 11:23:00,1,106.2,393,1,1,1,3,Hibernating
15071,United Kingdom,2011-09-07 11:43:00,2,982.07,114,2,3,4,9,At Risk
15073,United Kingdom,2011-11-30 10:44:00,3,1043.41,30,5,3,4,12,Loyal Customers
15074,United Kingdom,2011-08-26 14:45:00,1,748.87,126,2,1,3,6,Hibernating
15075,United Kingdom,2011-09-23 12:27:00,1,773.03,98,2,1,3,6,Hibernating
15076,United Kingdom,2011-06-20 08:23:00,1,880.85,193,2,1,3,6,Hibernating
15078,United Kingdom,2011-12-02 15:41:00,32,9743.11,28,5,5,5,15,Champions
15079,United Kingdom,2011-05-11 12:45:00,4,895.61,233,1,4,3,8,At Risk
15081,United Kingdom,2011-11-17 17:08:00,5,504.8,43,4,4,3,11,Loyal Customers
15083,United Kingdom,2011-03-28 12:18:00,1,88.2,277,1,1,1,3,Hibernating
15087,United Kingdom,2011-03-03 10:34:00,1,306.94,302,1,1,2,4,Hibernating
15088,United Kingdom,2011-11-18 13:14:00,2,1160.07,42,4,3,4,11,Loyal Customers
15089,United Kingdom,2011-11-29 16:31:00,6,2420.84,31,5,5,5,15,Champions
15090,United Kingdom,2011-02-04 14:03:00,1,381.32,329,1,1,2,4,Hibernating
15091,United Kingdom,2011-10-03 12:47:00,1,480.71,88,3,1,2,6,Needs Attention
15092,United Kingdom,2011-05-08 14:10:00,2,457.81,236,1,3,2,6,At Risk
15093,United Kingdom,2011-11-21 13:09:00,6,4597.02,39,4,5,5,14,Champions
15095,United Kingdom,2011-08-28 12:01:00,4,1370.6,124,2,4,4,10,At Risk
15096,United Kingdom,2011-10-28 10:27:00,1,219.39,63,3,1,1,5,Needs Attention
15097,United Kingdom,2011-12-05 14:03:00,1,248.08,25,5,1,1,7,New Customers
15098,United Kingdom,2011-06-10 15:33:00,3,39916.5,203,1,3,5,9,At Risk
15099,United Kingdom,2011-09-16 13:13:00,1,410.48,105,2,1,2,5,Hibernating
15100,United Kingdom,2011-01-10 10:35:00,3,876.0,354,1,3,3,7,At Risk
15101,United Kingdom,2011-12-01 10:18:00,2,317.53,29,5,3,2,10,Loyal Customers
15103,United Kingdom,2011-11-08 14:53:00,2,703.36,52,4,3,3,10,Loyal Customers
15104,United Kingdom,2011-05-27 12:29:00,2,1027.44,217,1,3,4,8,At Risk
15105,United Kingdom,2011-11-21 16:54:00,7,2298.93,39,4,5,5,14,Champions
15106,United Kingdom,2011-11-22 09:16:00,5,1422.52,38,4,4,4,12,Champions
15107,United Kingdom,2011-02-01 14:46:00,6,319.5,332,1,5,2,8,At Risk
15108,European Community,2011-07-21 10:24:00,4,1300.25,162,2,4,4,10,At Risk
15109,United Kingdom,2011-04-08 09:58:00,1,484.95,266,1,1,2,4,Hibernating
15110,United Kingdom,2011-11-16 11:16:00,4,996.1,44,4,4,4,12,Champions
15111,United Kingdom,2011-11-10 16:58:00,3,1567.48,50,4,3,4,11,Loyal Customers
15113,United Kingdom,2011-11-30 08:23:00,3,3609.33,30,5,3,5,13,Loyal Customers
15114,United Kingdom,2011-11-09 15:05:00,10,2760.56,51,4,5,5,14,Champions
15115,United Kingdom,2011-11-21 14:59:00,1,340.11,39,4,1,2,7,New Customers
15116,United Kingdom,2011-11-22 12:25:00,4,1352.75,38,4,4,4,12,Champions
15117,United Kingdom,2011-11-25 08:12:00,5,1551.78,35,4,4,4,12,Champions
15118,United Kingdom,2011-07-28 14:54:00,1,244.8,155,2,1,1,4,Hibernating
15119,United Kingdom,2011-04-08 09:08:00,1,266.4,266,1,1,2,4,Hibernating
15120,United Kingdom,2011-07-29 09:48:00,1,358.82,154,2,1,2,5,Hibernating
15121,United Kingdom,2011-10-20 14:51:00,2,457.72,71,3,3,2,8,Loyal Customers
15122,United Kingdom,2011-08-17 16:48:00,3,1633.78,135,2,3,4,9,At Risk
15123,United Kingdom,2011-12-02 13:12:00,2,2199.31,28,5,3,5,13,Loyal Customers
15124,United Kingdom,2011-11-17 10:09:00,2,184.19,43,4,3,1,8,Loyal Customers
15125,United Kingdom,2011-11-14 13:57:00,15,11528.48,46,4,5,5,14,Champions
15127,United Kingdom,2011-10-05 10:30:00,1,406.53,86,3,1,2,6,Needs Attention
15128,United Kingdom,2011-10-10 13:54:00,4,1471.0,81,3,4,4,11,Loyal Customers
15129,United Kingdom,2011-10-20 14:40:00,11,3447.4,71,3,5,5,13,Loyal Customers
15130,United Kingdom,2011-06-23 10:15:00,1,330.11,190,2,1,2,5,Hibernating
15132,United Kingdom,2011-11-21 17:10:00,5,977.93,39,4,4,4,12,Champions
15133,United Kingdom,2011-08-04 10:44:00,3,982.42,148,2,3,4,9,At Risk
15134,United Kingdom,2011-11-25 08:55:00,8,1387.99,35,4,5,4,13,Champions
15135,United Kingdom,2011-04-14 19:16:00,1,139.05,260,1,1,1,3,Hibernating
15136,United Kingdom,2011-12-07 12:26:00,4,1286.7,23,5,4,4,13,Champions
15139,United Kingdom,2011-04-14 11:39:00,2,178.96,260,1,3,1,5,At Risk
15140,United Kingdom,2011-10-18 14:07:00,7,2354.25,73,3,5,5,13,Loyal Customers
15142,United Kingdom,2011-10-24 12:51:00,1,498.74,67,3,1,3,7,Potential Loyalists
15143,United Kingdom,2011-04-28 12:03:00,1,259.45,246,1,1,2,4,Hibernating
15144,United Kingdom,2011-12-01 15:12:00,17,6580.44,29,5,5,5,15,Champions
15145,United Kingdom,2011-12-05 17:21:00,4,1194.73,25,5,4,4,13,Champions
15146,United Kingdom,2011-06-28 12:09:00,2,1327.16,185,2,3,4,9,At Risk
15147,United Kingdom,2011-04-13 15:57:00,1,623.5,261,1,1,3,5,Hibernating
15148,United Kingdom,2011-11-29 08:21:00,1,301.29,31,5,1,2,8,New Customers
15149,United Kingdom,2011-07-29 10:58:00,1,520.8,154,2,1,3,6,Hibernating
15150,United Kingdom,2011-11-22 12:52:00,10,5314.47,38,4,5,5,14,Champions
15152,United Kingdom,2011-11-30 12:32:00,13,4745.69,30,5,5,5,15,Champions
15153,United Kingdom,2011-11-08 17:09:00,1,329.25,52,4,1,2,7,New Customers
15154,United Kingdom,2011-09-25 16:05:00,1,296.42,96,2,1,2,5,Hibernating
15156,United Kingdom,2011-12-08 18:22:00,3,961.49,22,5,3,4,12,Loyal Customers
15157,United Kingdom,2011-12-06 11:28:00,3,1936.07,24,5,3,4,12,Loyal Customers
15158,United Kingdom,2011-10-25 13:53:00,1,401.4,66,3,1,2,6,Needs Attention
15159,United Kingdom,2011-12-08 12:05:00,30,18641.01,22,5,5,5,15,Champions
15160,United Kingdom,2010-12-17 14:15:00,1,158.16,378,1,1,1,3,Hibernating
15163,United Kingdom,2011-11-21 13:10:00,2,304.47,39,4,3,2,9,Loyal Customers
15164,United Kingdom,2011-10-02 12:05:00,3,843.05,89,3,3,3,9,Loyal Customers
15165,United Kingdom,2010-12-01 14:03:00,1,487.75,394,1,1,2,4,Hibernating
15167,United Kingdom,2011-01-23 12:41:00,1,163.0,341,1,1,1,3,Hibernating
15168,United Kingdom,2011-11-14 11:26:00,1,106.56,46,4,1,1,6,New Customers
15171,United Kingdom,2011-01-12 15:36:00,1,1289.5,352,1,1,4,6,Hibernating
15172,United Kingdom,2011-12-01 11:51:00,5,1624.05,29,5,4,4,13,Champions
15174,United Kingdom,2011-01-21 09:06:00,1,135.75,343,1,1,1,3,Hibernating
15175,United Kingdom,2011-09-29 11:31:00,1,224.14,92,3,1,1,5,Needs Attention
15178,United Kingdom,2011-03-24 15:12:00,1,40.5,281,1,1,1,3,Hibernating
15179,United Kingdom,2011-11-21 12:53:00,5,2206.95,39,4,4,5,13,Champions
15180,United Kingdom,2010-12-07 14:57:00,1,87.5,388,1,1,1,3,Hibernating
15181,United Kingdom,2011-10-04 13:58:00,3,689.48,87,3,3,3,9,Loyal Customers
15182,United Kingdom,2011-07-08 13:37:00,2,622.85,175,2,3,3,8,At Risk
15184,United Kingdom,2011-11-10 13:41:00,2,406.76,50,4,3,2,9,Loyal Customers
15185,United Kingdom,2011-09-30 14:06:00,1,310.62,91,3,1,2,6,Needs Attention
15186,United Kingdom,2011-11-25 14:58:00,2,411.41,35,4,3,2,9,Loyal Customers
15187,United Kingdom,2011-12-08 11:56:00,16,4777.18,22,5,5,5,15,Champions
15189,United Kingdom,2011-12-08 13:22:00,41,16225.39,22,5,5,5,15,Champions
15192,United Kingdom,2011-08-12 11:41:00,3,1044.32,140,2,3,4,9,At Risk
15193,United Kingdom,2011-10-10 08:23:00,1,499.32,81,3,1,3,7,Potential Loyalists
15194,United Kingdom,2011-12-06 15:10:00,15,7616.53,24,5,5,5,15,Champions
15195,United Kingdom,2011-12-07 12:20:00,1,3861.0,23,5,1,5,11,New Customers
15197,United Kingdom,2011-11-29 10:00:00,3,1079.61,31,5,3,4,12,Loyal Customers
15198,United Kingdom,2011-09-08 14:42:00,2,193.64,113,2,3,1,6,At Risk
15199,United Kingdom,2011-10-11 15:12:00,4,1268.7,80,3,4,4,11,Loyal Customers
15201,United Kingdom,2011-09-13 14:53:00,5,1236.54,108,2,4,4,10,At Risk
15203,United Kingdom,2011-11-14 08:16:00,6,1827.8,46,4,5,4,13,Champions
15204,United Kingdom,2010-12-17 13:49:00,1,316.58,378,1,1,2,4,Hibernating
15205,United Kingdom,2011-09-15 19:36:00,2,653.24,106,2,3,3,8,At Risk
15206,United Kingdom,2011-11-29 13:41:00,4,420.3,31,5,4,2,11,Loyal Customers
15208,United Kingdom,2011-12-08 17:24:00,5,870.12,22,5,4,3,12,Loyal Customers
15210,United Kingdom,2011-04-28 16:11:00,1,331.18,246,1,1,2,4,Hibernating
15211,United Kingdom,2011-10-10 13:31:00,2,894.41,81,3,3,3,9,Loyal Customers
15212,United Kingdom,2011-04-12 13:45:00,1,101.8,262,1,1,1,3,Hibernating
15213,United Kingdom,2011-01-25 12:21:00,2,328.35,339,1,3,2,6,At Risk
15214,United Kingdom,2011-12-08 12:07:00,8,1661.44,22,5,5,4,14,Champions
15215,United Kingdom,2011-10-24 11:41:00,3,734.94,67,3,3,3,9,Loyal Customers
15216,United Kingdom,2011-09-13 11:41:00,1,96.6,108,2,1,1,4,Hibernating
15218,United Kingdom,2011-11-29 11:48:00,11,5756.89,31,5,5,5,15,Champions
15219,United Kingdom,2011-06-16 16:57:00,1,305.75,197,2,1,2,5,Hibernating
15220,United Kingdom,2011-10-19 12:39:00,6,1778.96,72,3,5,4,12,Loyal Customers
15221,United Kingdom,2010-12-08 13:08:00,1,403.25,387,1,1,2,4,Hibernating
15222,United Kingdom,2011-01-25 08:03:00,1,585.0,339,1,1,3,5,Hibernating
15223,United Kingdom,2011-04-28 11:31:00,2,755.75,246,1,3,3,7,At Risk
15224,United Kingdom,2010-12-16 15:02:00,2,322.08,379,1,3,2,6,At Risk
15225,United Kingdom,2011-04-19 14:51:00,1,409.4,255,1,1,2,4,Hibernating
15226,United Kingdom,2011-02-02 11:41:00,1,154.41,331,1,1,1,3,Hibernating
15227,United Kingdom,2011-11-03 11:59:00,5,1219.4,57,3,4,4,11,Loyal Customers
15228,United Kingdom,2011-10-04 13:56:00,4,3386.71,87,3,4,5,12,Loyal Customers
15230,United Kingdom,2011-04-14 14:39:00,2,429.6,260,1,3,2,6,At Risk
15232,United Kingdom,2011-08-18 16:27:00,2,612.06,134,2,3,3,8,At Risk
15234,United Kingdom,2011-03-08 08:53:00,1,197.0,297,1,1,1,3,Hibernating
15235,United Kingdom,2011-05-06 09:44:00,12,2247.51,238,1,5,5,11,At Risk
15236,United Kingdom,2011-02-14 10:52:00,1,321.05,319,1,1,2,4,Hibernating
15237,United Kingdom,2011-12-08 09:46:00,4,1412.32,22,5,4,4,13,Champions
15238,United Kingdom,2011-11-10 14:28:00,3,1071.99,50,4,3,4,11,Loyal Customers
15239,United Kingdom,2011-11-29 14:14:00,2,780.59,31,5,3,3,11,Loyal Customers
15240,United Kingdom,2011-10-26 09:50:00,5,1706.57,65,3,4,4,11,Loyal Customers
15241,United Kingdom,2011-10-04 09:05:00,8,1756.44,87,3,5,4,12,Loyal Customers
15243,United Kingdom,2011-09-26 14:12:00,1,316.68,95,2,1,2,5,Hibernating
15244,United Kingdom,2011-10-05 13:19:00,2,631.57,86,3,3,3,9,Loyal Customers
15245,United Kingdom,2011-07-28 18:56:00,3,2515.84,155,2,3,5,10,At Risk
15246,United Kingdom,2011-04-15 14:45:00,2,514.15,259,1,3,3,7,At Risk
15247,United Kingdom,2011-08-09 12:52:00,1,356.0,143,2,1,2,5,Hibernating
15249,United Kingdom,2011-11-08 11:45:00,13,6688.46,52,4,5,5,14,Champions
15251,United Kingdom,2011-11-30 15:02:00,11,10484.99,30,5,5,5,15,Champions
15252,United Kingdom,2011-11-03 13:30:00,2,740.78,57,3,3,3,9,Loyal Customers
15253,United Kingdom,2011-11-23 16:22:00,5,918.2,37,4,4,3,11,Loyal Customers
15254,United Kingdom,2011-08-04 15:04:00,1,300.36,148,2,1,2,5,Hibernating
15255,United Kingdom,2011-10-04 12:43:00,1,890.85,87,3,1,3,7,Potential Loyalists
15256,United Kingdom,2011-07-14 11:47:00,1,98.45,169,2,1,1,4,Hibernating
15257,United Kingdom,2011-03-01 12:58:00,1,317.15,304,1,1,2,4,Hibernating
15258,United Kingdom,2011-06-24 12:30:00,2,623.16,189,2,3,3,8,At Risk
15260,United Kingdom,2011-08-31 13:55:00,7,1810.77,121,2,5,4,11,At Risk
15261,United Kingdom,2011-07-27 15:20:00,1,254.82,156,2,1,2,5,Hibernating
15262,United Kingdom,2011-01-20 12:16:00,1,178.95,344,1,1,1,3,Hibernating
15263,United Kingdom,2011-08-25 10:26:00,1,156.51,127,2,1,1,4,Hibernating
15264,United Kingdom,2011-10-06 13:49:00,1,393.74,85,3,1,2,6,Needs Attention
15265,United Kingdom,2011-07-11 14:46:00,2,1506.12,172,2,3,4,9,At Risk
15266,United Kingdom,2011-01-05 13:40:00,1,119.3,359,1,1,1,3,Hibernating
15267,United Kingdom,2011-11-17 15:59:00,5,1717.36,43,4,4,4,12,Champions
15269,United Kingdom,2011-11-16 09:32:00,1,408.8,44,4,1,2,7,New Customers
15270,United Kingdom,2011-11-24 09:24:00,7,2379.49,36,4,5,5,14,Champions
15271,United Kingdom,2011-12-02 14:11:00,15,2507.07,28,5,5,5,15,Champions
15272,United Kingdom,2011-10-13 12:59:00,2,721.94,78,3,3,3,9,Loyal Customers
15274,United Kingdom,2011-12-05 16:57:00,2,716.57,25,5,3,3,11,Loyal Customers
15275,United Kingdom,2011-11-02 11:20:00,1,615.14,58,3,1,3,7,Potential Loyalists
15276,United Kingdom,2011-10-04 16:39:00,1,135.31,87,3,1,1,5,Needs Attention
15277,United Kingdom,2011-10-24 10:08:00,1,255.9,67,3,1,2,6,Needs Attention
15279,United Kingdom,2010-12-20 10:48:00,1,290.51,375,1,1,2,4,Hibernating
15280,United Kingdom,2011-06-20 17:14:00,1,113.12,193,2,1,1,4,Hibernating
15281,United Kingdom,2011-10-12 09:10:00,9,2332.15,79,3,5,5,13,Loyal Customers
15286,United Kingdom,2011-10-21 11:08:00,1,240.55,70,3,1,1,5,Needs Attention
15287,United Kingdom,2011-11-17 15:34:00,2,486.69,43,4,3,2,9,Loyal Customers
15288,United Kingdom,2011-10-27 16:58:00,5,2306.52,64,3,4,5,12,Loyal Customers
15289,United Kingdom,2011-11-10 13:49:00,3,939.78,50,4,3,3,10,Loyal Customers
15290,United Kingdom,2011-12-05 11:39:00,18,7943.22,25,5,5,5,15,Champions
15291,United Kingdom,2011-11-14 11:02:00,15,4668.3,46,4,5,5,14,Champions
15292,United Kingdom,2011-05-22 15:00:00,1,180.94,222,1,1,1,3,Hibernating
15296,United Kingdom,2011-10-20 11:47:00,6,3672.86,71,3,5,5,13,Loyal Customers
15297,United Kingdom,2011-11-29 16:32:00,3,641.94,31,5,3,3,11,Loyal Customers
15298,United Kingdom,2011-12-07 17:17:00,12,4799.9,23,5,5,5,15,Champions
15299,United Kingdom,2011-10-03 14:19:00,7,4507.01,88,3,5,5,13,Loyal Customers
15300,United Kingdom,2011-10-06 17:08:00,1,496.44,85,3,1,3,7,Potential Loyalists
15301,United Kingdom,2011-10-20 09:57:00,12,5070.35,71,3,5,5,13,Loyal Customers
15303,United Kingdom,2011-02-22 13:59:00,1,574.02,311,1,1,3,5,Hibernating
15304,United Kingdom,2011-10-10 10:23:00,8,694.4,81,3,5,3,11,Loyal Customers
15306,United Kingdom,2011-10-06 12:56:00,3,1174.35,85,3,3,4,10,Loyal Customers
15307,United Kingdom,2011-09-05 11:38:00,1,205.3,116,2,1,1,4,Hibernating
15308,United Kingdom,2011-03-10 13:08:00,1,310.47,295,1,1,2,4,Hibernating
15311,United Kingdom,2011-12-09 12:00:00,91,60767.9,21,5,5,5,15,Champions
15312,United Kingdom,2011-09-25 13:10:00,4,924.85,96,2,4,3,9,At Risk
15313,United Kingdom,2011-08-21 16:02:00,1,52.0,131,2,1,1,4,Hibernating
15314,United Kingdom,2011-05-24 14:39:00,1,327.97,220,1,1,2,4,Hibernating
15315,United Kingdom,2011-10-06 12:51:00,2,570.5,85,3,3,3,9,Loyal Customers
15316,United Kingdom,2011-01-17 11:34:00,1,165.0,347,1,1,1,3,Hibernating
15318,United Kingdom,2011-12-06 11:30:00,1,312.62,24,5,1,2,8,New Customers
15319,United Kingdom,2011-03-01 12:48:00,1,204.5,304,1,1,1,3,Hibernating
15320,United Kingdom,2011-10-26 13:27:00,1,267.13,65,3,1,2,6,Needs Attention
15321,United Kingdom,2011-09-30 09:40:00,3,2748.31,91,3,3,5,11,Loyal Customers
15322,United Kingdom,2011-09-15 09:34:00,1,679.68,106,2,1,3,6,Hibernating
15325,United Kingdom,2011-08-28 11:55:00,1,162.29,124,2,1,1,4,Hibernating
15326,United Kingdom,2011-01-10 11:38:00,1,311.71,354,1,1,2,4,Hibernating
15327,United Kingdom,2011-10-18 11:55:00,1,208.75,73,3,1,1,5,Needs Attention
15329,United Kingdom,2011-10-31 15:36:00,3,1049.7,60,3,3,4,10,Loyal Customers
15330,United Kingdom,2011-11-07 17:50:00,2,714.96,53,4,3,3,10,Loyal Customers
15332,Lithuania,2010-12-08 14:43:00,4,1661.06,387,1,4,4,9,At Risk
15333,United Kingdom,2011-05-15 13:27:00,1,1028.56,229,1,1,4,6,Hibernating
15334,United Kingdom,2011-07-06 11:22:00,3,351.67,177,2,3,2,7,At Risk
15335,United Kingdom,2011-10-17 12:50:00,1,173.97,74,3,1,1,5,Needs Attention
15339,United Kingdom,2011-10-04 12:51:00,2,574.07,87,3,3,3,9,Loyal Customers
15341,United Kingdom,2011-09-20 09:40:00,1,2020.52,101,2,1,4,7,Hibernating
15342,United Kingdom,2011-08-02 10:19:00,1,406.09,150,2,1,2,5,Hibernating
15343,United Kingdom,2011-09-13 13:55:00,1,364.5,108,2,1,2,5,Hibernating
15344,United Kingdom,2011-12-09 10:45:00,3,563.94,21,5,3,3,11,Loyal Customers
15345,United Kingdom,2011-10-25 11:28:00,1,393.54,66,3,1,2,6,Needs Attention
15346,United Kingdom,2011-01-11 11:18:00,1,252.42,353,1,1,2,4,Hibernating
15347,United Kingdom,2010-12-08 15:25:00,1,201.6,387,1,1,1,3,Hibernating
15348,United Kingdom,2011-09-28 13:17:00,1,158.04,93,2,1,1,4,Hibernating
15349,United Kingdom,2011-07-04 16:06:00,2,473.81,179,2,3,2,7,At Risk
15350,United Kingdom,2010-12-01 13:33:00,1,115.65,394,1,1,1,3,Hibernating
15351,United Kingdom,2011-11-27 12:52:00,7,1960.11,33,5,5,4,14,Champions
15353,United Kingdom,2011-03-30 12:15:00,2,777.02,275,1,3,3,7,At Risk
15355,United Kingdom,2011-11-10 13:44:00,2,277.05,50,4,3,2,9,Loyal Customers
15356,United Kingdom,2011-11-08 13:11:00,10,2766.5,52,4,5,5,14,Champions
15358,United Kingdom,2011-12-05 09:04:00,22,8347.2,25,5,5,5,15,Champions
15360,United Kingdom,2011-10-31 09:35:00,1,427.93,60,3,1,2,6,Needs Attention
15361,United Kingdom,2010-12-13 09:52:00,1,418.92,382,1,1,2,4,Hibernating
15363,United Kingdom,2010-12-02 12:28:00,1,326.0,393,1,1,2,4,Hibernating
15364,United Kingdom,2011-09-05 09:46:00,2,913.19,116,2,3,3,8,At Risk
15365,United Kingdom,2011-11-14 08:29:00,7,2314.32,46,4,5,5,14,Champions
15366,United Kingdom,2011-09-25 15:01:00,2,602.51,96,2,3,3,8,At Risk
15367,United Kingdom,2011-10-13 14:13:00,4,1877.59,78,3,4,4,11,Loyal Customers
15368,United Kingdom,2011-11-18 14:42:00,1,446.94,42,4,1,2,7,New Customers
15370,United Kingdom,2011-10-30 10:58:00,7,2386.05,61,3,5,5,13,Loyal Customers
15372,United Kingdom,2011-07-25 16:39:00,1,2007.4,158,2,1,4,7,Hibernating
15373,United Kingdom,2011-12-01 15:05:00,12,2415.91,29,5,5,5,15,Champions
15374,United Kingdom,2011-08-03 09:59:00,1,168.0,149,2,1,1,4,Hibernating
15376,United Kingdom,2011-10-30 15:04:00,3,1233.36,61,3,3,4,10,Loyal Customers
15379,United Kingdom,2011-06-23 13:13:00,7,3703.29,190,2,5,5,12,At Risk
15380,United Kingdom,2011-12-01 12:13:00,5,1690.26,29,5,4,4,13,Champions
15381,United Kingdom,2011-05-10 11:55:00,2,596.85,234,1,3,3,7,At Risk
15382,United Kingdom,2011-11-25 10:58:00,6,5955.71,35,4,5,5,14,Champions
15384,United Kingdom,2011-06-23 10:57:00,2,642.41,190,2,3,3,8,At Risk
15385,United Kingdom,2011-10-30 15:11:00,1,316.88,61,3,1,2,6,Needs Attention
15386,United Kingdom,2011-06-06 13:47:00,1,394.14,207,1,1,2,4,Hibernating
15388,Canada,2011-03-14 13:53:00,1,140.54,291,1,1,1,3,Hibernating
15389,United Kingdom,2011-06-20 16:18:00,1,500.0,193,2,1,3,6,Hibernating
15392,United Kingdom,2011-12-05 11:01:00,4,1535.53,25,5,4,4,13,Champions
15393,United Kingdom,2011-11-23 16:48:00,2,231.86,37,4,3,1,8,Loyal Customers
15394,United Kingdom,2011-11-30 11:49:00,4,2183.54,30,5,4,5,14,Champions
15395,United Kingdom,2011-01-18 12:40:00,1,107.45,346,1,1,1,3,Hibernating
15396,United Kingdom,2011-08-19 10:56:00,1,288.18,133,2,1,2,5,Hibernating
15397,United Kingdom,2011-02-23 09:25:00,1,94.0,310,1,1,1,3,Hibernating
15398,United Kingdom,2011-11-23 16:47:00,2,1345.53,37,4,3,4,11,Loyal Customers
15399,United Kingdom,2011-12-08 13:04:00,3,815.77,22,5,3,3,11,Loyal Customers
15400,United Kingdom,2011-09-08 13:57:00,5,716.2,113,2,4,3,9,At Risk
15402,United Kingdom,2011-07-14 12:17:00,2,626.77,169,2,3,3,8,At Risk
15405,United Kingdom,2011-06-03 14:44:00,1,349.1,210,1,1,2,4,Hibernating
15406,United Kingdom,2011-11-08 13:22:00,2,510.71,52,4,3,3,10,Loyal Customers
15407,United Kingdom,2011-11-06 11:55:00,4,1056.44,54,3,4,4,11,Loyal Customers
15408,United Kingdom,2011-03-20 15:02:00,1,267.18,285,1,1,2,4,Hibernating
15410,United Kingdom,2011-09-16 14:47:00,8,3450.84,105,2,5,5,12,At Risk
15411,United Kingdom,2011-11-13 15:19:00,4,1358.88,47,4,4,4,12,Champions
15412,United Kingdom,2011-06-21 15:24:00,1,190.53,192,2,1,1,4,Hibernating
15414,United Kingdom,2011-11-30 09:50:00,3,774.9,30,5,3,3,11,Loyal Customers
15415,United Kingdom,2011-01-30 14:13:00,1,572.81,334,1,1,3,5,Hibernating
15416,United Kingdom,2011-10-06 09:38:00,4,3984.32,85,3,4,5,12,Loyal Customers
15417,United Kingdom,2011-09-15 15:26:00,1,508.8,106,2,1,3,6,Hibernating
15419,United Kingdom,2011-11-15 09:23:00,1,135.86,45,4,1,1,6,New Customers
15421,United Kingdom,2011-10-12 09:20:00,4,950.36,79,3,4,4,11,Loyal Customers
15422,United Kingdom,2011-01-20 16:17:00,2,97.7,344,1,3,1,5,At Risk
15423,United Kingdom,2011-11-01 14:01:00,1,43.5,59,3,1,1,5,Needs Attention
15424,United Kingdom,2011-03-30 13:02:00,2,383.34,275,1,3,2,6,At Risk
15426,United Kingdom,2011-11-20 15:36:00,5,1447.39,40,4,4,4,12,Champions
15427,United Kingdom,2011-11-06 14:29:00,3,1483.14,54,3,3,4,10,Loyal Customers
15428,United Kingdom,2011-11-24 16:54:00,1,93.78,36,4,1,1,6,New Customers
15429,United Kingdom,2011-11-13 12:28:00,2,397.35,47,4,3,2,9,Loyal Customers
15432,United Kingdom,2011-11-16 16:30:00,1,171.19,44,4,1,1,6,New Customers
15433,United Kingdom,2011-05-10 10:45:00,2,533.3,234,1,3,3,7,At Risk
15434,United Kingdom,2011-12-01 13:33:00,5,1041.48,29,5,4,4,13,Champions
15435,United Kingdom,2011-11-17 16:39:00,1,149.29,43,4,1,1,6,New Customers
15436,United Kingdom,2011-11-27 16:05:00,3,1122.53,33,5,3,4,12,Loyal Customers
15437,United Kingdom,2011-03-22 13:11:00,1,200.16,283,1,1,1,3,Hibernating
15438,United Kingdom,2011-07-31 14:19:00,1,156.58,152,2,1,1,4,Hibernating
15440,United Kingdom,2011-10-16 12:16:00,3,383.68,75,3,3,2,8,Loyal Customers
15442,United Kingdom,2011-04-05 12:24:00,1,594.0,269,1,1,3,5,Hibernating
15443,United Kingdom,2011-12-08 10:40:00,7,3236.91,22,5,5,5,15,Champions
15444,United Kingdom,2011-11-30 17:37:00,2,1418.26,30,5,3,4,12,Loyal Customers
15445,United Kingdom,2011-03-20 15:06:00,1,113.5,285,1,1,1,3,Hibernating
15447,United Kingdom,2011-01-13 11:26:00,1,155.17,351,1,1,1,3,Hibernating
15448,United Kingdom,2011-01-31 10:42:00,1,494.64,333,1,1,3,5,Hibernating
15449,United Kingdom,2011-11-13 15:02:00,3,974.52,47,4,3,4,11,Loyal Customers
15450,United Kingdom,2011-11-09 17:11:00,1,429.84,51,4,1,2,7,New Customers
15452,United Kingdom,2011-11-10 12:13:00,3,538.73,50,4,3,3,10,Loyal Customers
15453,United Kingdom,2011-12-08 10:59:00,7,1388.37,22,5,5,4,14,Champions
15454,United Kingdom,2010-12-12 14:21:00,1,179.1,383,1,1,1,3,Hibernating
15456,United Kingdom,2011-03-01 13:51:00,3,447.22,304,1,3,2,6,At Risk
15457,United Kingdom,2011-03-22 15:31:00,1,237.07,283,1,1,1,3,Hibernating
15458,United Kingdom,2011-11-14 13:08:00,1,161.64,46,4,1,1,6,New Customers
15460,United Kingdom,2010-12-20 16:08:00,1,216.76,375,1,1,1,3,Hibernating
15462,United Kingdom,2011-09-06 13:11:00,3,234.6,115,2,3,1,6,At Risk
15463,United Kingdom,2011-11-10 12:57:00,1,126.14,50,4,1,1,6,New Customers
15464,United Kingdom,2011-01-05 15:56:00,1,1048.85,359,1,1,4,6,Hibernating
15465,United Kingdom,2011-11-20 10:11:00,18,7354.62,40,4,5,5,14,Champions
15466,United Kingdom,2011-09-15 14:08:00,1,334.53,106,2,1,2,5,Hibernating
15467,United Kingdom,2011-11-30 14:17:00,3,524.88,30,5,3,3,11,Loyal Customers
15468,United Kingdom,2011-10-19 13:49:00,2,467.51,72,3,3,2,8,Loyal Customers
15469,United Kingdom,2011-10-20 16:21:00,2,538.55,71,3,3,3,9,Loyal Customers
15471,United Kingdom,2011-12-07 14:12:00,1,469.48,23,5,1,2,8,New Customers
15472,United Kingdom,2011-08-18 15:17:00,1,371.56,134,2,1,2,5,Hibernating
15473,United Kingdom,2011-11-25 15:15:00,7,1771.2,35,4,5,4,13,Champions
15475,United Kingdom,2011-09-23 15:20:00,1,454.11,98,2,1,2,5,Hibernating
15478,United Kingdom,2011-10-30 14:19:00,2,1441.42,61,3,3,4,10,Loyal Customers
15480,Malta,2011-08-15 14:32:00,1,905.5,137,2,1,3,6,Hibernating
15482,United Kingdom,2011-11-24 10:46:00,12,11054.96,36,4,5,5,14,Champions
15483,United Kingdom,2011-07-01 13:07:00,4,233.81,182,2,4,1,7,At Risk
15484,United Kingdom,2011-12-08 15:03:00,4,3594.31,22,5,4,5,14,Champions
15485,United Kingdom,2011-11-09 14:31:00,3,2575.0,51,4,3,5,12,Loyal Customers
15488,United Kingdom,2011-09-08 10:11:00,1,91.32,113,2,1,1,4,Hibernating
15489,United Kingdom,2011-11-17 08:53:00,3,1134.28,43,4,3,4,11,Loyal Customers
15491,United Kingdom,2011-09-05 15:56:00,6,3100.09,116,2,5,5,12,At Risk
15492,United Kingdom,2011-11-11 14:53:00,2,659.46,49,4,3,3,10,Loyal Customers
15493,United Kingdom,2011-11-07 12:04:00,5,2001.8,53,4,4,4,12,Champions
15494,United Kingdom,2011-11-18 14:51:00,2,1299.23,42,4,3,4,11,Loyal Customers
15497,United Kingdom,2011-11-22 11:51:00,2,1262.2,38,4,3,4,11,Loyal Customers
15498,United Kingdom,2011-12-07 12:48:00,27,13316.4,23,5,5,5,15,Champions
15500,United Kingdom,2011-12-01 13:47:00,4,1131.56,29,5,4,4,13,Champions
15502,United Kingdom,2011-11-24 12:48:00,12,10384.93,36,4,5,5,14,Champions
15503,United Kingdom,2010-12-12 10:57:00,1,147.09,383,1,1,1,3,Hibernating
15504,United Kingdom,2011-09-19 13:45:00,1,52.83,102,2,1,1,4,Hibernating
15505,United Kingdom,2011-10-18 07:56:00,5,3610.96,73,3,4,5,12,Loyal Customers
15506,United Kingdom,2011-11-17 12:11:00,3,979.26,43,4,3,4,11,Loyal Customers
15507,United Kingdom,2011-06-21 11:19:00,1,492.36,192,2,1,3,6,Hibernating
15508,United Kingdom,2011-06-03 15:43:00,6,1000.27,210,1,5,4,10,At Risk
15510,United Kingdom,2011-01-13 12:10:00,1,250.0,351,1,1,1,3,Hibernating
15511,United Kingdom,2011-11-28 09:43:00,5,909.23,32,5,4,3,12,Loyal Customers
15512,United Kingdom,2011-07-07 10:20:00,2,121.0,176,2,3,1,6,At Risk
15513,United Kingdom,2011-11-06 14:36:00,19,14758.22,54,3,5,5,13,Loyal Customers
15514,United Kingdom,2011-11-27 14:40:00,11,4139.46,33,5,5,5,15,Champions
15516,United Kingdom,2011-10-26 10:51:00,3,62.43,65,3,3,1,7,Loyal Customers
15517,United Kingdom,2011-04-20 14:02:00,1,267.03,254,1,1,2,4,Hibernating
15518,United Kingdom,2011-10-06 13:05:00,8,1942.45,85,3,5,4,12,Loyal Customers
15520,United Kingdom,2011-12-08 10:58:00,1,343.5,22,5,1,2,8,New Customers
15521,United Kingdom,2011-10-30 13:42:00,8,3000.2,61,3,5,5,13,Loyal Customers
15522,United Kingdom,2011-11-07 11:26:00,2,398.84,53,4,3,2,9,Loyal Customers
15523,United Kingdom,2011-09-16 16:29:00,1,412.01,105,2,1,2,5,Hibernating
15524,United Kingdom,2011-11-15 12:09:00,1,440.0,45,4,1,2,7,New Customers
15525,United Kingdom,2011-12-07 14:43:00,3,825.92,23,5,3,3,11,Loyal Customers
15526,United Kingdom,2011-11-06 15:04:00,2,148.44,54,3,3,1,7,Loyal Customers
15527,United Kingdom,2011-11-21 12:17:00,8,2429.78,39,4,5,5,14,Champions
15528,United Kingdom,2011-03-30 16:14:00,1,229.33,275,1,1,1,3,Hibernating
15529,United Kingdom,2011-11-17 11:29:00,11,3995.23,43,4,5,5,14,Champions
15530,United Kingdom,2011-11-18 12:25:00,4,1502.35,42,4,4,4,12,Champions
15531,United Kingdom,2011-12-01 18:43:00,2,2007.44,29,5,3,4,12,Loyal Customers
15532,United Kingdom,2011-11-14 14:51:00,4,1580.93,46,4,4,4,12,Champions
15533,United Kingdom,2011-11-20 15:35:00,3,807.57,40,4,3,3,10,Loyal Customers
15535,United Kingdom,2011-06-19 16:02:00,4,536.4,194,2,4,3,9,At Risk
15537,United Kingdom,2011-06-29 13:10:00,1,110.92,184,2,1,1,4,Hibernating
15539,United Kingdom,2011-12-02 13:36:00,1,538.46,28,5,1,3,9,New Customers
15540,United Kingdom,2011-11-28 13:51:00,1,213.3,32,5,1,1,7,New Customers
15541,United Kingdom,2011-08-17 14:58:00,1,85.13,135,2,1,1,4,Hibernating
15543,United Kingdom,2011-02-24 15:26:00,1,127.86,309,1,1,1,3,Hibernating
15544,United Kingdom,2011-11-30 16:43:00,9,3546.71,30,5,5,5,15,Champions
15545,United Kingdom,2011-10-16 13:24:00,2,292.72,75,3,3,2,8,Loyal Customers
15547,United Kingdom,2011-12-02 12:52:00,14,4954.84,28,5,5,5,15,Champions
15549,United Kingdom,2011-09-23 16:22:00,3,1693.26,98,2,3,4,9,At Risk
15550,United Kingdom,2011-12-05 15:38:00,4,575.63,25,5,4,3,12,Loyal Customers
15551,United Kingdom,2011-11-03 12:37:00,1,436.06,57,3,1,2,6,Needs Attention
15552,United Kingdom,2011-05-06 14:47:00,1,90.12,238,1,1,1,3,Hibernating
15553,United Kingdom,2011-10-10 14:02:00,1,437.23,81,3,1,2,6,Needs Attention
15554,United Kingdom,2011-03-07 09:00:00,1,217.2,298,1,1,1,3,Hibernating
15555,United Kingdom,2011-11-27 16:19:00,16,4805.17,33,5,5,5,15,Champions
15556,United Kingdom,2011-11-15 16:08:00,1,279.77,45,4,1,2,7,New Customers
15557,United Kingdom,2011-11-11 12:46:00,1,473.65,49,4,1,2,7,New Customers
15561,United Kingdom,2011-11-28 11:07:00,4,800.59,32,5,4,3,12,Loyal Customers
15562,United Kingdom,2010-12-23 09:55:00,1,134.55,372,1,1,1,3,Hibernating
15563,United Kingdom,2011-11-17 14:50:00,4,1400.44,43,4,4,4,12,Champions
15565,United Kingdom,2011-10-20 14:33:00,2,173.16,71,3,3,1,7,Loyal Customers
15567,United Kingdom,2011-11-21 10:48:00,1,186.01,39,4,1,1,6,New Customers
15568,United Kingdom,2011-12-07 11:27:00,3,758.29,23,5,3,3,11,Loyal Customers
15569,United Kingdom,2011-08-28 10:15:00,5,1375.71,124,2,4,4,10,At Risk
15570,United Kingdom,2011-12-02 14:47:00,12,4165.52,28,5,5,5,15,Champions
15571,United Kingdom,2011-11-28 10:02:00,4,650.43,32,5,4,3,12,Loyal Customers
15572,United Kingdom,2011-12-05 10:09:00,7,2552.86,25,5,5,5,15,Champions
15573,United Kingdom,2011-11-08 11:38:00,2,607.45,52,4,3,3,10,Loyal Customers
15574,United Kingdom,2011-06-15 12:01:00,4,702.25,198,2,4,3,9,At Risk
15576,United Kingdom,2011-11-02 12:03:00,1,940.67,58,3,1,3,7,Potential Loyalists
15577,United Kingdom,2011-07-11 17:03:00,3,258.88,172,2,3,2,7,At Risk
15578,United Kingdom,2011-06-30 13:03:00,1,127.1,183,2,1,1,4,Hibernating
15579,United Kingdom,2011-10-02 12:45:00,2,348.6,89,3,3,2,8,Loyal Customers
15581,United Kingdom,2011-08-11 09:38:00,13,3679.97,141,2,5,5,12,At Risk
15582,United Kingdom,2011-11-15 09:55:00,3,682.91,45,4,3,3,10,Loyal Customers
15584,United Kingdom,2011-11-16 10:55:00,4,725.11,44,4,4,3,11,Loyal Customers
15585,United Kingdom,2011-06-16 08:38:00,1,455.3,197,2,1,2,5,Hibernating
15587,United Kingdom,2011-10-20 13:37:00,4,913.68,71,3,4,3,10,Loyal Customers
15589,United Kingdom,2011-03-29 09:54:00,3,478.53,276,1,3,2,6,At Risk
15592,United Kingdom,2011-10-24 08:59:00,1,388.58,67,3,1,2,6,Needs Attention
15593,United Kingdom,2011-09-30 11:46:00,1,199.8,91,3,1,1,5,Needs Attention
15594,United Kingdom,2011-11-24 08:53:00,5,1771.78,36,4,4,4,12,Champions
15596,United Kingdom,2011-08-31 10:55:00,5,1406.59,121,2,4,4,10,At Risk
15597,United Kingdom,2011-11-04 13:26:00,1,324.57,56,3,1,2,6,Needs Attention
15598,United Kingdom,2011-10-17 16:04:00,1,240.68,74,3,1,1,5,Needs Attention
15599,United Kingdom,2011-11-13 11:44:00,2,761.74,47,4,3,3,10,Loyal Customers
15601,United Kingdom,2011-11-28 15:15:00,14,6776.56,32,5,5,5,15,Champions
15602,United Kingdom,2011-12-01 14:14:00,9,1297.87,29,5,5,4,14,Champions
15603,United Kingdom,2011-09-22 10:04:00,1,48.48,99,2,1,1,4,Hibernating
15604,United Kingdom,2011-10-18 14:47:00,1,216.39,73,3,1,1,5,Needs Attention
15605,United Kingdom,2011-11-03 14:17:00,5,1198.23,57,3,4,4,11,Loyal Customers
15606,United Kingdom,2011-10-09 15:47:00,9,2920.16,82,3,5,5,13,Loyal Customers
15607,United Kingdom,2011-01-07 12:44:00,1,104.76,357,1,1,1,3,Hibernating
15608,United Kingdom,2011-11-11 13:20:00,4,1093.68,49,4,4,4,12,Champions
15609,United Kingdom,2011-06-08 13:00:00,1,298.48,205,1,1,2,4,Hibernating
15610,United Kingdom,2011-10-19 10:36:00,1,112.46,72,3,1,1,5,Needs Attention
15611,United Kingdom,2011-11-30 12:36:00,13,1591.45,30,5,5,4,14,Champions
15612,United Kingdom,2011-11-03 14:52:00,2,195.15,57,3,3,1,7,Loyal Customers
15615,United Kingdom,2011-11-29 14:42:00,23,10399.74,31,5,5,5,15,Champions
15618,United Kingdom,2011-11-07 08:34:00,4,776.85,53,4,4,3,11,Loyal Customers
15619,United Kingdom,2011-11-29 08:14:00,1,336.4,31,5,1,2,8,New Customers
15620,United Kingdom,2011-10-14 12:41:00,3,1553.18,77,3,3,4,10,Loyal Customers
15621,United Kingdom,2011-12-05 14:01:00,4,1293.03,25,5,4,4,13,Champions
15622,United Kingdom,2011-10-27 16:44:00,9,3709.56,64,3,5,5,13,Loyal Customers
15623,United Kingdom,2011-07-21 17:26:00,1,301.03,162,2,1,2,5,Hibernating
15624,United Kingdom,2011-08-15 11:38:00,4,588.13,137,2,4,3,9,At Risk
15625,United Kingdom,2011-08-28 10:21:00,4,1534.26,124,2,4,4,10,At Risk
15626,United Kingdom,2011-09-26 10:03:00,2,675.8,95,2,3,3,8,At Risk
15628,United Kingdom,2011-12-05 10:24:00,9,2870.24,25,5,5,5,15,Champions
15630,United Kingdom,2011-10-25 15:36:00,2,1186.35,66,3,3,4,10,Loyal Customers
15632,United Kingdom,2011-11-24 09:51:00,8,3285.31,36,4,5,5,14,Champions
15634,United Kingdom,2011-11-22 16:28:00,1,243.55,38,4,1,1,6,New Customers
15636,United Kingdom,2011-09-11 11:17:00,2,724.76,110,2,3,3,8,At Risk
15637,United Kingdom,2011-10-18 08:28:00,1,223.36,73,3,1,1,5,Needs Attention
15639,United Kingdom,2011-07-28 14:30:00,1,425.32,155,2,1,2,5,Hibernating
15640,United Kingdom,2011-12-05 14:35:00,15,12515.66,25,5,5,5,15,Champions
15641,United Kingdom,2011-08-26 14:04:00,4,1887.2,126,2,4,4,10,At Risk
15643,United Kingdom,2011-06-01 07:38:00,3,664.0,212,1,3,3,7,At Risk
15644,United Kingdom,2011-06-26 14:54:00,4,813.0,187,2,4,3,9,At Risk
15645,United Kingdom,2011-11-21 11:55:00,1,612.01,39,4,1,3,8,New Customers
15646,United Kingdom,2011-07-05 09:53:00,3,447.64,178,2,3,2,7,At Risk
15648,United Kingdom,2011-05-19 15:53:00,2,657.35,225,1,3,3,7,At Risk
15649,United Kingdom,2011-01-07 13:34:00,2,816.0,357,1,3,3,7,At Risk
15651,United Kingdom,2011-11-03 08:41:00,3,646.3,57,3,3,3,9,Loyal Customers
15652,United Kingdom,2011-09-09 14:22:00,1,337.74,112,2,1,2,5,Hibernating
15653,United Kingdom,2011-09-08 10:49:00,2,877.44,113,2,3,3,8,At Risk
15654,United Kingdom,2011-11-30 13:08:00,2,922.53,30,5,3,3,11,Loyal Customers
15655,United Kingdom,2011-04-10 15:25:00,1,560.67,264,1,1,3,5,Hibernating
15656,United Kingdom,2011-10-25 14:56:00,4,748.5,66,3,4,3,10,Loyal Customers
15657,United Kingdom,2011-11-17 12:19:00,1,30.0,43,4,1,1,6,New Customers
15658,United Kingdom,2011-06-02 15:22:00,5,1024.1,211,1,4,4,9,At Risk
15659,United Kingdom,2011-10-27 09:23:00,1,306.45,64,3,1,2,6,Needs Attention
15660,United Kingdom,2011-11-14 16:58:00,9,1600.86,46,4,5,4,13,Champions
15661,United Kingdom,2011-01-26 13:56:00,2,309.8,338,1,3,2,6,At Risk
15663,United Kingdom,2011-08-25 15:50:00,1,138.14,127,2,1,1,4,Hibernating
15664,United Kingdom,2011-10-20 10:57:00,1,386.43,71,3,1,2,6,Needs Attention
15665,United Kingdom,2011-06-24 14:57:00,2,2242.01,189,2,3,5,10,At Risk
15667,United Kingdom,2011-10-31 10:56:00,1,301.32,60,3,1,2,6,Needs Attention
15668,United Kingdom,2011-05-06 10:39:00,1,76.32,238,1,1,1,3,Hibernating
15669,United Kingdom,2011-10-30 16:03:00,4,684.34,61,3,4,3,10,Loyal Customers
15670,United Kingdom,2011-02-16 10:50:00,1,173.05,317,1,1,1,3,Hibernating
15671,United Kingdom,2011-11-21 12:43:00,7,2657.13,39,4,5,5,14,Champions
15673,United Kingdom,2011-09-12 16:12:00,4,2881.02,109,2,4,5,11,At Risk
15674,United Kingdom,2011-09-27 15:17:00,5,2446.6,94,2,4,5,11,At Risk
15675,United Kingdom,2011-09-19 13:48:00,3,323.69,102,2,3,2,7,At Risk
15676,United Kingdom,2011-11-21 12:40:00,3,3435.76,39,4,3,5,12,Loyal Customers
15677,United Kingdom,2011-10-21 15:36:00,1,657.23,70,3,1,3,7,Potential Loyalists
15678,United Kingdom,2011-10-18 09:25:00,1,352.7,73,3,1,2,6,Needs Attention
15679,United Kingdom,2011-11-15 16:19:00,4,781.28,45,4,4,3,11,Loyal Customers
15680,United Kingdom,2011-11-30 13:46:00,3,1333.68,30,5,3,4,12,Loyal Customers
15681,United Kingdom,2011-11-14 16:30:00,5,1426.16,46,4,4,4,12,Champions
15683,United Kingdom,2011-08-14 12:56:00,1,193.75,138,2,1,1,4,Hibernating
15687,United Kingdom,2011-12-01 08:33:00,9,2993.1,29,5,5,5,15,Champions
15689,United Kingdom,2011-08-12 09:37:00,2,254.1,140,2,3,2,7,At Risk
15690,United Kingdom,2011-12-05 15:59:00,2,239.76,25,5,3,1,9,Loyal Customers
15691,United Kingdom,2011-04-01 15:13:00,1,136.8,273,1,1,1,3,Hibernating
15692,United Kingdom,2011-11-11 14:12:00,1,191.04,49,4,1,1,6,New Customers
15694,United Kingdom,2011-12-09 09:44:00,14,6479.4,21,5,5,5,15,Champions
15695,United Kingdom,2011-03-18 08:32:00,2,409.98,287,1,3,2,6,At Risk
15696,United Kingdom,2011-11-06 14:02:00,8,2736.46,54,3,5,5,13,Loyal Customers
15699,United Kingdom,2011-11-22 08:26:00,1,309.65,38,4,1,2,7,New Customers
15700,United Kingdom,2011-06-20 16:53:00,2,696.68,193,2,3,3,8,At Risk
15701,United Kingdom,2011-12-07 14:39:00,4,1542.14,23,5,4,4,13,Champions
15703,United Kingdom,2011-03-20 10:51:00,1,211.5,285,1,1,1,3,Hibernating
15704,United Kingdom,2011-07-22 13:35:00,4,2293.62,161,2,4,5,11,At Risk
15705,United Kingdom,2011-05-22 15:37:00,1,143.1,222,1,1,1,3,Hibernating
15706,United Kingdom,2011-10-07 10:09:00,4,1060.56,84,3,4,4,11,Loyal Customers
15707,United Kingdom,2011-11-04 14:35:00,4,945.58,56,3,4,4,11,Loyal Customers
15708,United Kingdom,2011-10-30 10:54:00,7,3364.24,61,3,5,5,13,Loyal Customers
15709,United Kingdom,2011-03-01 10:38:00,1,133.25,304,1,1,1,3,Hibernating
15712,United Kingdom,2011-11-30 14:09:00,5,1072.36,30,5,4,4,13,Champions
15713,United Kingdom,2011-07-19 13:34:00,2,356.7,164,2,3,2,7,At Risk
15714,United Kingdom,2011-11-28 11:26:00,2,330.88,32,5,3,2,10,Loyal Customers
15716,United Kingdom,2011-07-17 11:59:00,4,1118.81,166,2,4,4,10,At Risk
15717,United Kingdom,2011-04-19 13:21:00,1,150.3,255,1,1,1,3,Hibernating
15719,United Kingdom,2011-11-07 12:29:00,13,5045.61,53,4,5,5,14,Champions
15720,United Kingdom,2011-11-15 14:48:00,1,598.73,45,4,1,3,8,New Customers
15721,United Kingdom,2011-11-28 12:14:00,1,507.08,32,5,1,3,9,New Customers
15722,United Kingdom,2011-11-04 11:43:00,5,2222.56,56,3,4,5,12,Loyal Customers
15723,United Kingdom,2010-12-10 11:12:00,1,203.1,385,1,1,1,3,Hibernating
15724,United Kingdom,2011-05-22 14:40:00,2,218.25,222,1,3,1,5,At Risk
15725,United Kingdom,2011-11-24 14:51:00,1,415.25,36,4,1,2,7,New Customers
15727,United Kingdom,2011-11-23 12:36:00,7,5178.96,37,4,5,5,14,Champions
15729,United Kingdom,2011-05-11 12:36:00,1,85.0,233,1,1,1,3,Hibernating
15730,United Kingdom,2011-10-05 12:31:00,3,1120.88,86,3,3,4,10,Loyal Customers
15732,United Kingdom,2011-05-11 14:24:00,2,294.12,233,1,3,2,6,At Risk
15733,United Kingdom,2011-03-02 09:05:00,1,162.3,303,1,1,1,3,Hibernating
15734,United Kingdom,2011-08-17 10:50:00,2,1339.45,135,2,3,4,9,At Risk
15737,United Kingdom,2011-11-25 11:21:00,8,1205.12,35,4,5,4,13,Champions
15738,United Kingdom,2011-11-21 08:26:00,16,4812.42,39,4,5,5,14,Champions
15739,United Kingdom,2011-10-04 13:42:00,1,449.12,87,3,1,2,6,Needs Attention
15740,United Kingdom,2011-10-21 14:29:00,1,154.88,70,3,1,1,5,Needs Attention
15743,United Kingdom,2011-11-23 17:19:00,4,784.46,37,4,4,3,11,Loyal Customers
15744,United Kingdom,2011-09-23 09:52:00,1,34.8,98,2,1,1,4,Hibernating
15745,United Kingdom,2011-11-20 13:45:00,4,1094.59,40,4,4,4,12,Champions
15746,United Kingdom,2011-07-28 15:21:00,1,196.88,155,2,1,1,4,Hibernating
15747,United Kingdom,2011-11-27 12:26:00,3,974.04,33,5,3,4,12,Loyal Customers
15748,United Kingdom,2011-10-30 12:51:00,1,149.31,61,3,1,1,5,Needs Attention
15749,United Kingdom,2011-04-18 13:20:00,3,44534.3,256,1,3,5,9,At Risk
15750,United Kingdom,2011-12-07 12:34:00,8,2465.48,23,5,5,5,15,Champions
15752,United Kingdom,2011-10-31 11:37:00,7,2637.38,60,3,5,5,13,Loyal Customers
15753,United Kingdom,2011-02-08 12:41:00,1,79.2,325,1,1,1,3,Hibernating
15754,United Kingdom,2011-10-19 14:40:00,3,458.57,72,3,3,2,8,Loyal Customers
15755,United Kingdom,2011-11-29 14:57:00,6,2364.25,31,5,5,5,15,Champions
15756,United Kingdom,2011-10-09 13:30:00,4,532.96,82,3,4,3,10,Loyal Customers
15757,United Kingdom,2011-10-05 12:14:00,2,714.42,86,3,3,3,9,Loyal Customers
15758,United Kingdom,2011-11-15 10:48:00,1,205.25,45,4,2,1,7,New Customers
15759,United Kingdom,2011-05-05 15:13:00,3,253.04,239,1,3,2,6,At Risk
15762,United Kingdom,2011-10-05 16:15:00,2,583.75,86,3,3,3,9,Loyal Customers
15763,United Kingdom,2011-11-08 09:44:00,2,1086.92,52,4,3,4,11,Loyal Customers
15764,United Kingdom,2011-09-12 17:58:00,6,3279.97,109,2,5,5,12,At Risk
15766,United Kingdom,2011-10-06 17:03:00,1,315.06,85,3,2,2,7,Needs Attention
15768,United Kingdom,2011-08-16 10:48:00,3,621.83,136,2,4,3,9,At Risk
15769,United Kingdom,2011-12-02 13:52:00,26,56252.72,28,5,5,5,15,Champions
15773,United Kingdom,2011-12-04 12:48:00,1,635.68,26,5,2,3,10,New Customers
15774,United Kingdom,2011-10-02 12:04:00,1,270.8,89,3,2,2,7,Needs Attention
15775,United Kingdom,2011-04-08 12:56:00,1,104.9,266,1,2,1,4,Hibernating
15776,United Kingdom,2011-07-29 13:46:00,1,241.62,154,2,2,1,5,Hibernating
15777,United Kingdom,2011-04-12 16:43:00,4,1047.11,262,1,4,4,9,At Risk
15780,United Kingdom,2011-06-09 12:01:00,3,475.28,204,1,4,2,7,At Risk
15781,United Kingdom,2011-11-14 14:57:00,3,345.46,46,4,4,2,10,Loyal Customers
15782,United Kingdom,2011-11-30 10:49:00,3,2614.74,30,5,4,5,14,Champions
15783,United Kingdom,2011-11-29 09:50:00,1,246.3,31,5,2,1,8,New Customers
15785,United Kingdom,2011-11-07 11:33:00,5,2328.97,53,4,4,5,13,Champions
15786,United Kingdom,2011-10-24 14:13:00,3,4932.2,67,3,4,5,12,Loyal Customers
15787,United Kingdom,2011-11-13 14:55:00,3,948.05,47,4,4,4,12,Champions
15789,United Kingdom,2010-12-16 14:35:00,1,351.3,379,1,2,2,5,Hibernating
15790,United Kingdom,2011-11-29 14:53:00,1,220.85,31,5,2,1,8,New Customers
15791,United Kingdom,2011-10-27 10:14:00,2,1612.69,64,3,3,4,10,Loyal Customers
15793,United Kingdom,2011-11-25 09:31:00,3,965.61,35,4,4,4,12,Champions
15795,United Kingdom,2011-07-13 10:43:00,1,610.01,170,2,2,3,7,Hibernating
15796,United Kingdom,2011-12-08 19:55:00,8,2711.56,22,5,5,5,15,Champions
15797,United Kingdom,2011-08-18 17:04:00,4,2207.4,134,2,4,5,11,At Risk
15799,United Kingdom,2011-09-25 12:46:00,3,884.14,96,2,4,3,9,At Risk
15800,United Kingdom,2011-08-24 14:23:00,2,699.08,128,2,3,3,8,At Risk
15801,United Kingdom,2011-10-24 13:52:00,3,1063.95,67,3,4,4,11,Loyal Customers
15802,United Kingdom,2011-07-20 11:38:00,1,451.42,163,2,2,2,6,Hibernating
15803,United Kingdom,2011-10-19 14:56:00,1,415.82,72,3,2,2,7,Needs Attention
15804,United Kingdom,2011-12-09 12:31:00,13,4206.39,21,5,5,5,15,Champions
15805,United Kingdom,2011-11-16 16:32:00,17,5528.48,44,4,5,5,14,Champions
15806,United Kingdom,2011-10-24 14:35:00,3,784.58,67,3,4,3,10,Loyal Customers
15807,United Kingdom,2011-10-20 14:10:00,3,903.9,71,3,4,3,10,Loyal Customers
15808,United Kingdom,2011-02-06 14:33:00,4,3734.97,327,1,4,5,10,At Risk
15809,United Kingdom,2011-11-03 16:40:00,5,515.77,57,3,4,3,10,Loyal Customers
15810,United Kingdom,2011-09-22 09:38:00,4,1391.98,99,2,4,4,10,At Risk
15811,United Kingdom,2011-11-17 15:31:00,6,2218.62,43,4,5,5,14,Champions
15812,United Kingdom,2011-08-24 14:19:00,5,1801.14,128,2,4,4,10,At Risk
15813,United Kingdom,2011-05-16 08:13:00,2,1303.91,228,1,3,4,8,At Risk
15814,United Kingdom,2011-11-23 08:17:00,4,1945.33,37,4,4,4,12,Champions
15815,United Kingdom,2011-10-07 12:42:00,5,2100.6,84,3,4,5,12,Loyal Customers
15819,United Kingdom,2011-10-21 14:50:00,4,1905.45,70,3,4,4,11,Loyal Customers
15820,United Kingdom,2011-01-24 12:00:00,1,206.98,340,1,2,1,4,Hibernating
15821,United Kingdom,2011-10-26 15:48:00,2,570.96,65,3,3,3,9,Loyal Customers
15822,United Kingdom,2011-12-06 14:50:00,2,885.47,24,5,3,3,11,Loyal Customers
15823,United Kingdom,2010-12-02 15:08:00,1,15.0,393,1,2,1,4,Hibernating
15825,United Kingdom,2011-06-20 13:27:00,1,532.94,193,2,2,3,7,Hibernating
15826,United Kingdom,2011-10-14 16:05:00,3,1654.31,77,3,4,4,11,Loyal Customers
15827,United Kingdom,2011-09-27 15:35:00,14,1836.09,94,2,5,4,11,At Risk
15829,United Kingdom,2011-09-01 16:45:00,2,636.14,120,2,3,3,8,At Risk
15830,United Kingdom,2011-11-02 10:40:00,1,576.0,58,3,2,3,8,Potential Loyalists
15831,United Kingdom,2011-10-12 13:14:00,3,801.76,79,3,4,3,10,Loyal Customers
15832,United Kingdom,2011-03-30 15:29:00,1,836.79,275,1,2,3,6,Hibernating
15834,United Kingdom,2011-09-30 14:41:00,4,2233.75,91,3,4,5,12,Loyal Customers
15835,United Kingdom,2011-10-26 15:47:00,4,954.09,65,3,4,4,11,Loyal Customers
15836,United Kingdom,2011-10-20 17:13:00,1,137.37,71,3,2,1,6,Needs Attention
15837,United Kingdom,2011-10-06 09:01:00,1,391.98,85,3,2,2,7,Needs Attention
15838,United Kingdom,2011-11-28 14:00:00,19,33643.08,32,5,5,5,15,Champions
15839,United Kingdom,2011-11-06 13:54:00,3,1048.49,54,3,4,4,11,Loyal Customers
15840,United Kingdom,2011-10-12 09:08:00,2,355.56,79,3,3,2,8,Loyal Customers
15841,United Kingdom,2011-09-28 12:15:00,4,1224.06,93,2,4,4,10,At Risk
15843,United Kingdom,2011-02-09 10:19:00,1,118.95,324,1,2,1,4,Hibernating
15844,United Kingdom,2011-10-24 15:19:00,1,130.74,67,3,2,1,6,Needs Attention
15845,United Kingdom,2011-11-22 09:42:00,8,3711.77,38,4,5,5,14,Champions
15847,United Kingdom,2011-11-01 14:41:00,2,389.27,59,3,3,2,8,Loyal Customers
15850,United Kingdom,2011-11-20 14:14:00,2,238.85,40,4,3,1,8,Loyal Customers
15852,United Kingdom,2011-06-06 11:22:00,2,160.71,207,1,3,1,5,At Risk
15853,United Kingdom,2011-10-19 10:38:00,1,110.8,72,3,2,1,6,Needs Attention
15854,United Kingdom,2011-12-05 13:39:00,12,2974.65,25,5,5,5,15,Champions
15855,United Kingdom,2011-07-26 10:20:00,5,712.24,157,2,4,3,9,At Risk
15856,United Kingdom,2011-12-05 17:09:00,27,16387.57,25,5,5,5,15,Champions
15857,United Kingdom,2011-11-21 12:18:00,1,297.0,39,4,2,2,8,New Customers
15858,United Kingdom,2011-11-24 12:48:00,5,1438.85,36,4,4,4,12,Champions
15860,United Kingdom,2011-10-30 11:25:00,8,977.21,61,3,5,4,12,Loyal Customers
15861,United Kingdom,2011-11-27 15:59:00,8,3165.36,33,5,5,5,15,Champions
15862,United Kingdom,2011-12-01 13:28:00,4,832.88,29,5,4,3,12,Loyal Customers
15863,United Kingdom,2011-11-14 12:49:00,2,68.84,46,4,3,1,8,Loyal Customers
15864,United Kingdom,2011-11-17 13:32:00,6,1936.32,43,4,5,4,13,Champions
15865,United Kingdom,2011-10-30 12:43:00,3,895.13,61,3,4,3,10,Loyal Customers
15866,United Kingdom,2011-08-30 14:09:00,1,230.53,122,2,2,1,5,Hibernating
15867,United Kingdom,2011-12-04 13:32:00,15,3812.64,26,5,5,5,15,Champions
15869,United Kingdom,2011-03-07 17:23:00,2,149.64,298,1,3,1,5,At Risk
15870,United Kingdom,2011-11-07 10:58:00,1,354.09,53,4,2,2,8,New Customers
15872,United Kingdom,2011-11-25 11:55:00,2,360.93,35,4,3,2,9,Loyal Customers
15874,United Kingdom,2011-10-07 12:31:00,7,4405.88,84,3,5,5,13,Loyal Customers
15877,United Kingdom,2011-12-08 11:53:00,2,493.28,22,5,3,3,11,Loyal Customers
15880,United Kingdom,2010-12-05 13:00:00,1,343.28,390,1,2,2,5,Hibernating
15881,United Kingdom,2011-01-31 16:59:00,5,501.39,333,1,4,3,8,At Risk
15882,United Kingdom,2011-05-25 11:35:00,4,516.36,219,1,4,3,8,At Risk
15883,United Kingdom,2011-12-07 17:05:00,2,396.48,23,5,3,2,10,Loyal Customers
15885,United Kingdom,2011-09-08 10:43:00,3,379.35,113,2,4,2,8,At Risk
15886,United Kingdom,2011-10-10 14:25:00,1,181.09,81,3,2,1,6,Needs Attention
15888,United Kingdom,2011-09-20 12:30:00,1,168.31,101,2,2,1,5,Hibernating
15889,United Kingdom,2011-07-06 11:10:00,2,446.87,177,2,3,2,7,At Risk
15891,United Kingdom,2011-04-27 12:35:00,1,524.52,247,1,2,3,6,Hibernating
15894,United Kingdom,2011-03-31 13:50:00,2,263.55,274,1,3,2,6,At Risk
15895,United Kingdom,2011-07-13 10:27:00,1,179.17,170,2,2,1,5,Hibernating
15897,United Kingdom,2011-05-29 13:50:00,2,222.05,215,1,3,1,5,At Risk
15898,United Kingdom,2011-12-08 15:23:00,5,1388.88,22,5,4,4,13,Champions
15899,United Kingdom,2010-12-06 10:36:00,1,56.25,389,1,2,1,4,Hibernating
15900,United Kingdom,2011-11-16 12:19:00,1,351.11,44,4,2,2,8,New Customers
15901,United Kingdom,2011-11-23 12:43:00,3,363.88,37,4,4,2,10,Loyal Customers
15903,United Kingdom,2011-11-30 08:08:00,7,5126.76,30,5,5,5,15,Champions
15904,United Kingdom,2011-12-01 14:50:00,1,164.68,29,5,2,1,8,New Customers
15906,United Kingdom,2011-11-20 12:24:00,7,1567.69,40,4,5,4,13,Champions
15907,United Kingdom,2011-12-06 12:21:00,3,967.45,24,5,4,4,13,Champions
15909,United Kingdom,2011-06-19 10:38:00,1,191.94,194,2,2,1,5,Hibernating
15910,United Kingdom,2011-12-09 10:51:00,8,1232.18,21,5,5,4,14,Champions
15912,United Kingdom,2011-06-14 14:29:00,2,264.62,199,2,3,2,7,At Risk
15916,United Kingdom,2011-11-23 13:46:00,8,1528.09,37,4,5,4,13,Champions
15917,United Kingdom,2011-04-06 10:40:00,1,123.1,268,1,2,1,4,Hibernating
15918,United Kingdom,2011-06-02 11:42:00,2,334.23,211,1,3,2,6,At Risk
15919,United Kingdom,2011-11-20 11:28:00,2,639.89,40,4,3,3,10,Loyal Customers
15920,United Kingdom,2011-07-08 15:31:00,4,167.5,175,2,4,1,7,At Risk
15921,United Kingdom,2011-06-20 11:03:00,1,336.03,193,2,2,2,6,Hibernating
15922,United Kingdom,2010-12-01 13:51:00,1,369.5,394,1,2,2,5,Hibernating
15923,United Kingdom,2010-12-02 12:16:00,1,127.08,393,1,2,1,4,Hibernating
15925,United Kingdom,2011-05-29 15:35:00,1,207.15,215,1,2,1,4,Hibernating
15930,United Kingdom,2011-10-03 14:52:00,1,426.63,88,3,2,2,7,Needs Attention
15932,United Kingdom,2011-12-05 17:13:00,8,2495.87,25,5,5,5,15,Champions
15933,United Kingdom,2011-11-18 13:14:00,3,1107.46,42,4,4,4,12,Champions
15935,United Kingdom,2011-04-14 13:27:00,2,416.86,260,1,3,2,6,At Risk
15937,United Kingdom,2011-10-06 15:48:00,1,145.35,85,3,2,1,6,Needs Attention
15938,United Kingdom,2011-08-19 12:56:00,5,404.58,133,2,4,2,8,At Risk
15939,United Kingdom,2011-09-11 11:30:00,15,6115.01,110,2,5,5,12,At Risk
15940,United Kingdom,2011-02-01 16:18:00,1,35.8,332,1,2,1,4,Hibernating
15942,United Kingdom,2011-07-29 09:01:00,1,337.44,154,2,2,2,6,Hibernating
15944,United Kingdom,2011-03-08 10:33:00,1,325.1,297,1,2,2,5,Hibernating
15945,United Kingdom,2010-12-09 13:14:00,1,181.0,386,1,2,1,4,Hibernating
15947,United Kingdom,2011-09-18 10:46:00,1,1708.24,103,2,2,4,8,Hibernating
15948,United Kingdom,2011-12-01 15:32:00,2,955.24,29,5,3,4,12,Loyal Customers
15949,United Kingdom,2011-11-23 09:09:00,2,364.72,37,4,3,2,9,Loyal Customers
15950,United Kingdom,2011-11-08 11:09:00,4,1765.51,52,4,4,4,12,Champions
15951,United Kingdom,2011-12-01 08:34:00,2,708.22,29,5,3,3,11,Loyal Customers
15952,United Kingdom,2011-11-06 11:18:00,4,806.57,54,3,4,3,10,Loyal Customers
15953,United Kingdom,2011-11-24 15:32:00,8,1659.38,36,4,5,4,13,Champions
15955,United Kingdom,2011-11-15 14:15:00,14,4416.26,45,4,5,5,14,Champions
15957,United Kingdom,2011-11-08 12:14:00,1,428.89,52,4,2,2,8,New Customers
15958,United Kingdom,2011-09-26 13:41:00,1,104.35,95,2,2,1,5,Hibernating
15963,United Kingdom,2011-11-20 11:33:00,2,470.76,40,4,3,2,9,Loyal Customers
15965,United Kingdom,2011-11-22 16:44:00,4,845.64,38,4,4,3,11,Loyal Customers
15967,United Kingdom,2011-11-16 15:41:00,2,418.83,44,4,3,2,9,Loyal Customers
15969,United Kingdom,2011-12-07 11:06:00,3,666.1,23,5,4,3,12,Loyal Customers
15970,United Kingdom,2011-02-09 12:08:00,1,314.1,324,1,2,2,5,Hibernating
15971,United Kingdom,2011-11-22 12:50:00,12,4199.85,38,4,5,5,14,Champions
15973,United Kingdom,2010-12-08 11:42:00,1,307.82,387,1,2,2,5,Hibernating
15974,United Kingdom,2011-10-31 13:13:00,7,3442.15,60,3,5,5,13,Loyal Customers
15975,United Kingdom,2011-09-16 13:33:00,1,371.01,105,2,2,2,6,Hibernating
15976,United Kingdom,2011-06-27 13:00:00,2,430.94,186,2,3,2,7,At Risk
15977,United Kingdom,2011-11-22 13:29:00,2,1054.73,38,4,3,4,11,Loyal Customers
15978,United Kingdom,2011-09-23 15:21:00,1,1098.78,98,2,2,4,8,Hibernating
15980,United Kingdom,2011-09-12 09:41:00,3,2398.86,109,2,4,5,11,At Risk
15981,United Kingdom,2011-11-15 08:00:00,8,3408.48,45,4,5,5,14,Champions
15983,United Kingdom,2011-11-17 17:34:00,4,1475.02,43,4,4,4,12,Champions
15984,United Kingdom,2011-12-07 12:16:00,10,2837.67,23,5,5,5,15,Champions
15985,United Kingdom,2011-08-08 16:31:00,2,1142.42,144,2,3,4,9,At Risk
15986,United Kingdom,2011-11-09 15:17:00,1,168.12,51,4,2,1,7,New Customers
15987,United Kingdom,2011-11-27 15:38:00,7,1451.28,33,5,5,4,14,Champions
15988,United Kingdom,2011-11-20 13:23:00,1,158.03,40,4,2,1,7,New Customers
15990,United Kingdom,2011-10-26 15:58:00,2,792.11,65,3,3,3,9,Loyal Customers
15992,United Kingdom,2011-12-06 11:00:00,1,41.99,24,5,2,1,8,New Customers
15993,United Kingdom,2011-12-01 10:45:00,7,2797.57,29,5,5,5,15,Champions
15994,United Kingdom,2011-10-16 12:28:00,1,427.07,75,3,2,2,7,Needs Attention
15996,United Kingdom,2011-09-12 15:14:00,6,1060.68,109,2,5,4,11,At Risk
15998,United Kingdom,2011-11-03 12:45:00,5,3089.97,57,3,4,5,12,Loyal Customers
16000,United Kingdom,2011-12-07 12:17:00,3,12393.7,23,5,4,5,14,Champions
16003,United Kingdom,2011-11-10 09:57:00,5,2735.37,50,4,4,5,13,Champions
16005,United Kingdom,2011-11-27 13:47:00,4,615.39,33,5,4,3,12,Loyal Customers
16006,United Kingdom,2011-05-12 13:12:00,1,101.4,232,1,2,1,4,Hibernating
16007,United Kingdom,2011-10-23 11:05:00,4,1701.94,68,3,4,4,11,Loyal Customers
16008,United Kingdom,2011-11-16 10:32:00,3,478.78,44,4,4,2,10,Loyal Customers
16009,United Kingdom,2011-11-17 16:51:00,4,992.71,43,4,4,4,12,Champions
16010,United Kingdom,2011-04-08 10:14:00,3,407.5,266,1,4,2,7,At Risk
16011,United Kingdom,2011-12-01 16:31:00,16,3362.71,29,5,5,5,15,Champions
16012,United Kingdom,2011-11-04 13:25:00,3,1415.29,56,3,4,4,11,Loyal Customers
16013,United Kingdom,2011-12-06 10:36:00,47,37130.6,24,5,5,5,15,Champions
16014,United Kingdom,2011-11-02 12:04:00,3,662.38,58,3,4,3,10,Loyal Customers
16015,United Kingdom,2011-12-06 10:58:00,3,705.39,24,5,4,3,12,Loyal Customers
16016,United Kingdom,2011-12-06 14:35:00,8,1508.76,24,5,5,4,14,Champions
16017,United Kingdom,2011-10-23 12:56:00,1,211.88,68,3,2,1,6,Needs Attention
16018,United Kingdom,2011-10-31 14:13:00,2,408.9,60,3,3,2,8,Loyal Customers
16019,United Kingdom,2011-10-24 11:51:00,9,3786.24,67,3,5,5,13,Loyal Customers
16020,United Kingdom,2011-11-23 11:18:00,3,851.01,37,4,4,3,11,Loyal Customers
16022,United Kingdom,2011-03-24 13:16:00,1,628.28,281,1,2,3,6,Hibernating
16023,United Kingdom,2011-10-24 16:34:00,3,719.81,67,3,4,3,10,Loyal Customers
16024,United Kingdom,2011-11-27 13:26:00,1,251.24,33,5,2,2,9,New Customers
16025,United Kingdom,2011-11-10 11:45:00,1,439.66,50,4,2,2,8,New Customers
16026,United Kingdom,2011-10-27 13:53:00,1,236.09,64,3,2,1,6,Needs Attention
16027,United Kingdom,2011-09-09 10:47:00,6,934.62,112,2,5,3,10,At Risk
16029,United Kingdom,2011-11-01 10:27:00,63,81024.84,59,3,5,5,13,Loyal Customers
16030,United Kingdom,2011-02-03 11:28:00,1,331.24,330,1,2,2,5,Hibernating
16031,United Kingdom,2011-09-08 13:07:00,2,548.94,113,2,3,3,8,At Risk
16033,United Kingdom,2011-12-04 12:44:00,20,8816.4,26,5,5,5,15,Champions
16034,United Kingdom,2011-05-27 16:17:00,3,437.7,217,1,4,2,7,At Risk
16036,United Kingdom,2011-09-13 14:53:00,2,758.92,108,2,3,3,8,At Risk
16037,United Kingdom,2011-03-15 09:13:00,3,855.02,290,1,4,3,8,At Risk
16038,United Kingdom,2011-12-02 12:40:00,3,471.78,28,5,4,2,11,Loyal Customers
16040,United Kingdom,2011-10-05 13:47:00,3,1313.55,86,3,4,4,11,Loyal Customers
16041,United Kingdom,2011-11-09 12:25:00,3,3166.4,51,4,4,5,13,Champions
16042,United Kingdom,2011-11-17 17:50:00,5,1197.27,43,4,4,4,12,Champions
16043,United Kingdom,2011-11-02 12:50:00,4,773.99,58,3,4,3,10,Loyal Customers
16045,United Kingdom,2011-08-12 12:41:00,4,1340.7,140,2,4,4,10,At Risk
16048,United Kingdom,2010-12-01 15:28:00,2,256.44,394,1,3,2,6,At Risk
16049,United Kingdom,2011-10-30 13:19:00,3,1111.79,61,3,4,4,11,Loyal Customers
16050,United Kingdom,2011-06-19 11:44:00,1,137.9,194,2,2,1,5,Hibernating
16052,United Kingdom,2011-10-16 15:13:00,1,362.06,75,3,2,2,7,Needs Attention
16053,United Kingdom,2011-11-07 11:21:00,2,1511.95,53,4,3,4,11,Loyal Customers
16054,United Kingdom,2011-07-17 13:08:00,1,783.9,166,2,2,3,7,Hibernating
16055,United Kingdom,2011-05-03 09:26:00,1,134.8,241,1,2,1,4,Hibernating
16056,United Kingdom,2011-10-25 15:19:00,1,664.85,66,3,2,3,8,Potential Loyalists
16057,United Kingdom,2011-11-23 15:23:00,7,2263.12,37,4,5,5,14,Champions
16059,United Kingdom,2011-10-05 09:56:00,6,1459.86,86,3,5,4,12,Loyal Customers
16062,United Kingdom,2011-11-30 12:15:00,4,1153.62,30,5,4,4,13,Champions
16063,United Kingdom,2011-03-24 14:56:00,1,335.32,281,1,2,2,5,Hibernating
16065,United Kingdom,2010-12-09 13:03:00,1,372.09,386,1,2,2,5,Hibernating
16066,United Kingdom,2011-11-23 11:54:00,5,1521.87,37,4,4,4,12,Champions
16070,United Kingdom,2011-11-17 15:50:00,2,852.15,43,4,3,3,10,Loyal Customers
16071,United Kingdom,2011-10-26 11:14:00,1,326.24,65,3,2,2,7,Needs Attention
16072,United Kingdom,2011-02-24 14:32:00,1,584.32,309,1,2,3,6,Hibernating
16073,United Kingdom,2011-02-15 15:41:00,1,122.4,318,1,2,1,4,Hibernating
16076,United Kingdom,2011-12-06 14:59:00,10,2234.73,24,5,5,5,15,Champions
16078,United Kingdom,2011-03-01 09:47:00,1,79.2,304,1,2,1,4,Hibernating
16079,United Kingdom,2011-11-23 12:48:00,3,1352.0,37,4,4,4,12,Champions
16080,United Kingdom,2011-09-19 10:42:00,2,217.16,102,2,3,1,6,At Risk
16081,United Kingdom,2011-10-14 13:06:00,5,2806.9,77,3,4,5,12,Loyal Customers
16083,United Kingdom,2011-08-31 10:47:00,2,1317.62,121,2,3,4,9,At Risk
16084,United Kingdom,2011-02-13 16:05:00,1,436.18,320,1,2,2,5,Hibernating
16085,United Kingdom,2011-11-16 13:24:00,5,981.51,44,4,4,4,12,Champions
16086,United Kingdom,2011-10-11 13:09:00,5,1121.39,80,3,4,4,11,Loyal Customers
16091,United Kingdom,2011-07-08 08:45:00,2,315.06,175,2,3,2,7,At Risk
16092,United Kingdom,2011-08-17 10:46:00,3,817.86,135,2,4,3,9,At Risk
16093,United Kingdom,2011-08-25 11:09:00,1,17.0,127,2,2,1,5,Hibernating
16094,United Kingdom,2011-11-28 12:45:00,4,1078.23,32,5,4,4,13,Champions
16096,United Kingdom,2011-03-20 13:38:00,1,320.62,285,1,2,2,5,Hibernating
16097,United Kingdom,2011-04-13 13:47:00,1,185.05,261,1,2,1,4,Hibernating
16098,United Kingdom,2011-09-13 09:59:00,7,2005.63,108,2,5,4,11,At Risk
16099,United Kingdom,2011-10-20 13:13:00,3,731.9,71,3,4,3,10,Loyal Customers
16101,United Kingdom,2011-09-30 10:18:00,1,1290.7,91,3,2,4,9,Potential Loyalists
16102,United Kingdom,2011-10-28 13:19:00,3,1842.14,63,3,4,4,11,Loyal Customers
16103,United Kingdom,2011-12-02 14:16:00,6,1429.64,28,5,5,4,14,Champions
16104,United Kingdom,2011-10-09 10:23:00,1,302.36,82,3,2,2,7,Needs Attention
16105,United Kingdom,2011-04-05 10:13:00,1,336.96,269,1,2,2,5,Hibernating
16106,United Kingdom,2011-10-05 10:37:00,1,108.38,86,3,2,1,6,Needs Attention
16107,United Kingdom,2011-11-22 09:40:00,7,3204.16,38,4,5,5,14,Champions
16108,United Kingdom,2011-09-16 11:48:00,1,842.5,105,2,2,3,7,Hibernating
16109,United Kingdom,2011-05-05 09:17:00,2,611.88,239,1,3,3,7,At Risk
16110,United Kingdom,2011-10-25 14:35:00,3,1337.48,66,3,4,4,11,Loyal Customers
16112,United Kingdom,2011-07-19 14:28:00,4,195.74,164,2,4,1,7,At Risk
16113,United Kingdom,2011-06-09 16:16:00,1,161.38,204,1,2,1,4,Hibernating
16114,United Kingdom,2011-06-22 10:13:00,1,135.75,191,2,2,1,5,Hibernating
16115,United Kingdom,2011-11-30 11:32:00,8,1667.97,30,5,5,4,14,Champions
16116,United Kingdom,2011-05-12 12:01:00,1,612.78,232,1,2,3,6,Hibernating
16117,United Kingdom,2011-06-03 11:42:00,1,232.21,210,1,2,1,4,Hibernating
16119,United Kingdom,2011-12-01 15:11:00,2,423.36,29,5,3,2,10,Loyal Customers
16120,United Kingdom,2011-10-11 14:22:00,4,1309.14,80,3,4,4,11,Loyal Customers
16121,United Kingdom,2011-10-13 12:59:00,2,867.11,78,3,3,3,9,Loyal Customers
16122,United Kingdom,2011-09-27 15:34:00,4,684.42,94,2,4,3,9,At Risk
16123,United Kingdom,2011-10-19 09:18:00,1,307.78,72,3,2,2,7,Needs Attention
16124,United Kingdom,2011-01-26 14:45:00,1,249.0,338,1,2,1,4,Hibernating
16125,United Kingdom,2010-12-07 15:48:00,1,289.35,388,1,2,2,5,Hibernating
16126,United Kingdom,2011-11-10 16:03:00,4,6287.77,50,4,4,5,13,Champions
16127,United Kingdom,2011-10-31 13:58:00,1,656.25,60,3,2,3,8,Potential Loyalists
16128,United Kingdom,2011-11-22 11:14:00,5,1880.22,38,4,4,4,12,Champions
16131,United Kingdom,2011-10-19 11:53:00,6,3506.54,72,3,5,5,13,Loyal Customers
16133,United Kingdom,2011-12-06 11:24:00,33,14589.04,24,5,5,5,15,Champions
16134,United Kingdom,2011-11-18 10:05:00,2,618.09,42,4,3,3,10,Loyal Customers
16135,United Kingdom,2011-03-22 12:30:00,1,517.55,283,1,2,3,6,Hibernating
16136,United Kingdom,2011-10-11 09:10:00,3,709.38,80,3,4,3,10,Loyal Customers
16139,United Kingdom,2011-11-21 08:37:00,3,635.41,39,4,4,3,11,Loyal Customers
16140,United Kingdom,2011-10-05 12:15:00,2,725.18,86,3,3,3,9,Loyal Customers
16141,United Kingdom,2011-09-12 13:11:00,1,620.4,109,2,2,3,7,Hibernating
16142,United Kingdom,2011-04-04 10:16:00,1,535.34,270,1,2,3,6,Hibernating
16143,United Kingdom,2011-12-06 14:13:00,6,2424.94,24,5,5,5,15,Champions
16144,United Kingdom,2011-04-07 10:09:00,1,175.2,267,1,2,1,4,Hibernating
16145,United Kingdom,2011-12-01 10:33:00,11,3799.49,29,5,5,5,15,Champions
16146,United Kingdom,2011-07-05 14:20:00,3,734.13,178,2,4,3,9,At Risk
16147,United Kingdom,2011-07-29 09:57:00,1,375.0,154,2,2,2,6,Hibernating
16148,United Kingdom,2011-02-16 14:01:00,1,76.32,317,1,2,1,4,Hibernating
16149,United Kingdom,2011-12-05 11:29:00,2,280.52,25,5,3,2,10,Loyal Customers
16150,United Kingdom,2011-10-28 12:39:00,5,2053.02,63,3,4,4,11,Loyal Customers
16152,United Kingdom,2011-03-16 09:47:00,1,1829.04,289,1,2,4,7,Hibernating
16153,United Kingdom,2011-10-21 10:50:00,5,1824.23,70,3,4,4,11,Loyal Customers
16156,United Kingdom,2011-12-01 12:42:00,9,3122.04,29,5,5,5,15,Champions
16157,United Kingdom,2011-11-24 11:41:00,3,656.69,36,4,4,3,11,Loyal Customers
16159,United Kingdom,2011-03-03 12:27:00,1,348.2,302,1,2,2,5,Hibernating
16160,United Kingdom,2011-10-05 14:19:00,2,1025.44,86,3,3,4,10,Loyal Customers
16161,United Kingdom,2011-12-08 12:10:00,19,5575.56,22,5,5,5,15,Champions
16162,United Kingdom,2011-04-01 15:03:00,1,37.4,273,1,2,1,4,Hibernating
16163,United Kingdom,2011-04-21 15:15:00,2,856.6,253,1,3,3,7,At Risk
16164,United Kingdom,2011-11-22 15:04:00,3,822.48,38,4,4,3,11,Loyal Customers
16168,United Kingdom,2011-11-29 12:45:00,27,3787.6,31,5,5,5,15,Champions
16169,United Kingdom,2011-12-01 15:28:00,4,1822.97,29,5,4,4,13,Champions
16170,United Kingdom,2011-10-20 08:21:00,6,1885.05,71,3,5,4,12,Loyal Customers
16171,United Kingdom,2011-10-11 14:51:00,1,73.2,80,3,2,1,6,Needs Attention
16172,United Kingdom,2011-09-05 13:22:00,5,1140.21,116,2,4,4,10,At Risk
16173,United Kingdom,2011-11-24 10:53:00,6,1418.32,36,4,5,4,13,Champions
16174,United Kingdom,2011-08-05 13:26:00,3,1009.55,147,2,4,4,10,At Risk
16175,United Kingdom,2011-09-06 14:32:00,4,1037.59,115,2,4,4,10,At Risk
16177,United Kingdom,2011-10-20 12:57:00,1,331.95,71,3,2,2,7,Needs Attention
16178,United Kingdom,2011-07-24 16:05:00,1,197.9,159,2,2,1,5,Hibernating
16179,United Kingdom,2011-10-10 09:41:00,1,215.83,81,3,2,1,6,Needs Attention
16180,United Kingdom,2011-08-31 16:28:00,8,10254.18,121,2,5,5,12,At Risk
16181,United Kingdom,2011-09-27 13:38:00,1,305.54,94,2,2,2,6,Hibernating
16182,United Kingdom,2011-09-28 13:23:00,4,6617.65,93,2,4,5,11,At Risk
16183,United Kingdom,2011-10-03 14:59:00,1,338.71,88,3,2,2,7,Needs Attention
16184,United Kingdom,2011-10-06 17:43:00,6,1158.79,85,3,5,4,12,Loyal Customers
16185,United Kingdom,2011-11-23 09:41:00,2,529.41,37,4,3,3,10,Loyal Customers
16186,United Kingdom,2011-11-17 12:43:00,12,4006.94,43,4,5,5,14,Champions
16187,United Kingdom,2011-11-08 09:50:00,15,6911.44,52,4,5,5,14,Champions
16188,United Kingdom,2011-10-26 12:19:00,4,981.86,65,3,4,4,11,Loyal Customers
16189,United Kingdom,2011-11-24 11:47:00,2,215.48,36,4,3,1,8,Loyal Customers
16190,United Kingdom,2011-10-30 15:59:00,1,215.08,61,3,2,1,6,Needs Attention
16191,United Kingdom,2011-12-07 11:26:00,13,5180.52,23,5,5,5,15,Champions
16193,United Kingdom,2011-04-17 11:45:00,1,314.45,257,1,2,2,5,Hibernating
16198,United Kingdom,2011-09-25 14:58:00,1,400.68,96,2,2,2,6,Hibernating
16200,United Kingdom,2011-12-05 14:40:00,2,1080.62,25,5,3,4,12,Loyal Customers
16201,United Kingdom,2011-12-06 16:02:00,4,1863.47,24,5,4,4,13,Champions
16202,United Kingdom,2010-12-14 10:43:00,1,365.27,381,1,2,2,5,Hibernating
16203,United Kingdom,2011-10-12 12:31:00,4,592.9,79,3,4,3,10,Loyal Customers
16204,United Kingdom,2011-11-16 13:40:00,1,405.71,44,4,2,2,8,New Customers
16205,United Kingdom,2011-11-09 09:32:00,4,761.38,51,4,4,3,11,Loyal Customers
16206,United Kingdom,2011-10-16 10:41:00,4,537.06,75,3,4,3,10,Loyal Customers
16207,United Kingdom,2011-11-14 13:51:00,1,394.38,46,4,2,2,8,New Customers
16208,United Kingdom,2011-10-26 11:36:00,2,664.26,65,3,3,3,9,Loyal Customers
16209,United Kingdom,2011-09-12 11:58:00,5,2262.62,109,2,4,5,11,At Risk
16210,United Kingdom,2011-12-08 12:36:00,18,21086.3,22,5,5,5,15,Champions
16211,United Kingdom,2011-09-12 12:11:00,1,547.02,109,2,2,3,7,Hibernating
16212,United Kingdom,2011-11-20 13:00:00,2,690.34,40,4,3,3,10,Loyal Customers
16213,United Kingdom,2011-09-22 10:03:00,1,159.0,99,2,2,1,5,Hibernating
16214,United Kingdom,2011-06-22 11:30:00,3,1062.75,191,2,4,4,10,At Risk
16215,United Kingdom,2011-09-20 10:18:00,1,242.35,101,2,2,1,5,Hibernating
16216,United Kingdom,2011-03-17 15:34:00,1,914.93,288,1,2,3,6,Hibernating
16217,United Kingdom,2011-04-18 13:31:00,2,304.25,256,1,3,2,6,At Risk
16218,United Kingdom,2011-11-10 09:59:00,7,3084.68,50,4,5,5,14,Champions
16221,United Kingdom,2011-11-03 11:43:00,3,864.86,57,3,4,3,10,Loyal Customers
16222,United Kingdom,2011-01-25 13:38:00,1,846.72,339,1,2,3,6,Hibernating
16224,United Kingdom,2011-10-13 17:51:00,4,1295.3,78,3,4,4,11,Loyal Customers
16225,United Kingdom,2011-10-26 08:30:00,5,1096.32,65,3,4,4,11,Loyal Customers
16226,United Kingdom,2011-05-20 14:41:00,3,255.12,224,1,4,2,7,At Risk
16227,United Kingdom,2011-04-28 13:33:00,1,314.22,246,1,2,2,5,Hibernating
16229,United Kingdom,2011-09-13 17:16:00,2,1010.6,108,2,3,4,9,At Risk
16230,United Kingdom,2011-06-03 10:06:00,2,542.03,210,1,3,3,7,At Risk
16232,United Kingdom,2011-10-27 12:16:00,4,990.88,64,3,4,4,11,Loyal Customers
16233,United Kingdom,2011-09-29 17:27:00,3,536.68,92,3,4,3,10,Loyal Customers
16235,United Kingdom,2011-10-30 10:56:00,5,867.31,61,3,4,3,10,Loyal Customers
16236,United Kingdom,2011-09-22 14:10:00,1,432.2,99,2,2,2,6,Hibernating
16239,United Kingdom,2011-10-14 08:29:00,2,414.2,77,3,3,2,8,Loyal Customers
16240,United Kingdom,2011-11-15 14:30:00,2,3718.8,45,4,3,5,12,Loyal Customers
16241,United Kingdom,2011-11-30 11:08:00,13,2607.87,30,5,5,5,15,Champions
16242,United Kingdom,2011-12-01 15:12:00,7,3603.21,29,5,5,5,15,Champions
16243,United Kingdom,2011-11-06 12:32:00,2,409.1,54,3,3,2,8,Loyal Customers
16244,United Kingdom,2011-05-12 10:18:00,2,1522.75,232,1,3,4,8,At Risk
16245,United Kingdom,2011-11-16 10:14:00,3,1413.66,44,4,4,4,12,Champions
16247,United Kingdom,2011-06-22 14:23:00,1,114.56,191,2,2,1,5,Hibernating
16248,United Kingdom,2011-10-09 11:32:00,1,152.94,82,3,2,1,6,Needs Attention
16249,United Kingdom,2011-10-18 10:07:00,5,1800.07,73,3,4,4,11,Loyal Customers
16250,United Kingdom,2011-03-23 15:07:00,2,389.44,282,1,3,2,6,At Risk
16253,United Kingdom,2011-10-04 09:09:00,2,3683.86,87,3,3,5,11,Loyal Customers
16255,United Kingdom,2011-11-23 12:40:00,8,2619.91,37,4,5,5,14,Champions
16256,United Kingdom,2011-03-18 12:18:00,1,752.43,287,1,2,3,6,Hibernating
16257,United Kingdom,2011-06-16 10:11:00,1,46.95,197,2,2,1,5,Hibernating
16258,United Kingdom,2011-10-25 13:30:00,5,5203.51,66,3,4,5,12,Loyal Customers
16260,United Kingdom,2011-10-20 09:40:00,1,1035.45,71,3,2,4,9,Potential Loyalists
16261,United Kingdom,2011-11-22 17:23:00,4,746.83,38,4,4,3,11,Loyal Customers
16265,United Kingdom,2011-11-30 16:41:00,9,5447.0,30,5,5,5,15,Champions
16266,United Kingdom,2011-09-27 12:08:00,7,861.89,94,2,5,3,10,At Risk
16268,United Kingdom,2011-09-29 18:30:00,2,667.65,92,3,3,3,9,Loyal Customers
16270,United Kingdom,2010-12-21 14:26:00,1,1141.24,374,1,2,4,7,Hibernating
16271,United Kingdom,2011-12-07 12:45:00,5,1429.24,23,5,4,4,13,Champions
16272,United Kingdom,2011-08-15 10:54:00,1,411.7,137,2,2,2,6,Hibernating
16274,United Kingdom,2010-12-01 15:35:00,1,357.95,394,1,2,2,5,Hibernating
16275,United Kingdom,2011-05-27 12:41:00,1,559.87,217,1,2,3,6,Hibernating
16276,United Kingdom,2011-06-16 09:34:00,1,810.6,197,2,2,3,7,Hibernating
16278,United Kingdom,2011-08-31 17:12:00,1,566.38,121,2,2,3,7,Hibernating
16279,United Kingdom,2011-11-18 15:00:00,3,1509.58,42,4,4,4,12,Champions
16281,United Kingdom,2011-09-28 14:57:00,1,2062.06,93,2,2,5,9,Hibernating
16282,United Kingdom,2011-01-04 11:42:00,1,168.3,360,1,2,1,4,Hibernating
16283,United Kingdom,2011-12-04 12:08:00,5,1570.81,26,5,4,4,13,Champions
16284,United Kingdom,2011-11-08 16:12:00,2,823.97,52,4,3,3,10,Loyal Customers
16287,United Kingdom,2011-06-23 09:08:00,1,142.5,190,2,2,1,5,Hibernating
16292,United Kingdom,2011-08-10 12:24:00,1,302.25,142,2,2,2,6,Hibernating
16293,United Kingdom,2011-11-18 09:58:00,10,2248.99,42,4,5,5,14,Champions
16295,United Kingdom,2011-11-30 08:17:00,4,1328.55,30,5,4,4,13,Champions
16297,United Kingdom,2011-03-16 08:29:00,1,301.9,289,1,2,2,5,Hibernating
16298,United Kingdom,2011-11-17 11:59:00,3,598.2,43,4,4,3,11,Loyal Customers
16302,United Kingdom,2011-08-05 09:44:00,1,233.22,147,2,2,1,5,Hibernating
16303,United Kingdom,2011-11-14 10:49:00,3,5360.63,46,4,4,5,13,Champions
16305,United Kingdom,2011-07-24 12:18:00,1,361.22,159,2,2,2,6,Hibernating
16306,United Kingdom,2011-05-10 12:12:00,6,632.27,234,1,5,3,9,At Risk
16308,United Kingdom,2011-11-02 11:24:00,4,2560.0,58,3,4,5,12,Loyal Customers
16309,United Kingdom,2011-08-25 15:35:00,2,706.57,127,2,3,3,8,At Risk
16311,United Kingdom,2011-11-22 08:54:00,2,616.26,38,4,3,3,10,Loyal Customers
16313,United Kingdom,2011-12-06 13:02:00,2,274.15,24,5,3,2,10,Loyal Customers
16315,United Kingdom,2011-01-13 11:57:00,1,226.37,351,1,2,1,4,Hibernating
16316,United Kingdom,2011-10-06 13:48:00,8,2938.91,85,3,5,5,13,Loyal Customers
16317,United Kingdom,2011-08-12 12:46:00,3,1341.65,140,2,4,4,10,At Risk
16318,United Kingdom,2011-11-04 13:05:00,1,328.15,56,3,2,2,7,Needs Attention
16319,United Kingdom,2011-05-06 11:27:00,1,404.4,238,1,2,2,5,Hibernating
16320,Unspecified,2011-06-20 15:25:00,2,1038.46,193,2,3,4,9,At Risk
16321,Australia,2011-09-28 14:55:00,5,373.65,93,2,4,2,8,At Risk
16322,United Kingdom,2011-12-08 15:41:00,2,326.75,22,5,3,2,10,Loyal Customers
16323,United Kingdom,2011-05-27 14:48:00,1,207.5,217,1,2,1,4,Hibernating
16324,United Kingdom,2011-08-03 12:58:00,3,428.68,149,2,4,2,8,At Risk
16325,United Kingdom,2011-10-24 08:48:00,3,594.24,67,3,4,3,10,Loyal Customers
16326,United Kingdom,2011-12-04 10:11:00,14,3110.96,26,5,5,5,15,Champions
16327,United Kingdom,2011-11-25 13:23:00,6,3844.22,35,4,5,5,14,Champions
16330,United Kingdom,2011-11-22 12:24:00,3,251.91,38,4,4,2,10,Loyal Customers
16332,United Kingdom,2011-11-11 14:22:00,7,1593.2,49,4,5,4,13,Champions
16333,United Kingdom,2011-12-02 12:19:00,22,26626.8,28,5,5,5,15,Champions
16337,United Kingdom,2011-11-03 10:03:00,1,151.05,57,3,2,1,6,Needs Attention
16338,United Kingdom,2011-07-05 13:56:00,1,214.8,178,2,2,1,5,Hibernating
16339,United Kingdom,2011-02-28 13:41:00,1,109.95,305,1,2,1,4,Hibernating
16340,United Kingdom,2011-08-24 14:53:00,1,549.07,128,2,2,3,7,Hibernating
16341,United Kingdom,2011-11-15 09:12:00,4,1971.87,45,4,4,4,12,Champions
16342,United Kingdom,2011-09-25 14:36:00,4,322.41,96,2,4,2,8,At Risk
16343,United Kingdom,2011-11-23 17:45:00,2,370.48,37,4,3,2,9,Loyal Customers
16344,United Kingdom,2011-07-04 15:50:00,1,101.1,179,2,2,1,5,Hibernating
16345,United Kingdom,2011-10-26 16:03:00,1,575.41,65,3,2,3,8,Potential Loyalists
16347,United Kingdom,2011-11-28 13:14:00,2,887.65,32,5,3,3,11,Loyal Customers
16348,United Kingdom,2011-11-07 15:44:00,7,1469.45,53,4,5,4,13,Champions
16349,United Kingdom,2011-02-22 12:40:00,1,53.5,311,1,2,1,4,Hibernating
16350,United Kingdom,2011-11-18 15:53:00,4,1116.47,42,4,4,4,12,Champions
16351,United Kingdom,2011-01-11 10:26:00,1,153.9,353,1,2,1,4,Hibernating
16352,United Kingdom,2011-11-22 10:32:00,2,494.44,38,4,3,3,10,Loyal Customers
16353,United Kingdom,2011-12-06 12:23:00,23,6675.71,24,5,5,5,15,Champions
16354,United Kingdom,2011-10-07 14:28:00,2,395.8,84,3,3,2,8,Loyal Customers
16356,United Kingdom,2011-05-26 11:51:00,3,211.77,218,1,4,1,6,At Risk
16357,United Kingdom,2011-11-06 16:04:00,3,658.88,54,3,4,3,10,Loyal Customers
16358,United Kingdom,2011-12-08 15:09:00,4,2027.5,22,5,4,4,13,Champions
16359,United Kingdom,2011-12-02 17:04:00,9,1750.92,28,5,5,4,14,Champions
16360,United Kingdom,2011-12-05 12:16:00,6,3512.53,25,5,5,5,15,Champions
16361,United Kingdom,2011-11-30 12:32:00,4,896.66,30,5,4,3,12,Loyal Customers
16362,United Kingdom,2011-11-07 13:01:00,5,734.77,53,4,4,3,11,Loyal Customers
16363,United Kingdom,2011-10-17 14:14:00,1,109.36,74,3,2,1,6,Needs Attention
16364,United Kingdom,2011-11-28 11:27:00,2,707.04,32,5,3,3,11,Loyal Customers
16365,United Kingdom,2011-11-22 11:24:00,9,1540.42,38,4,5,4,13,Champions
16366,United Kingdom,2011-11-21 08:19:00,1,327.3,39,4,2,2,8,New Customers
16367,United Kingdom,2011-11-02 13:13:00,2,804.49,58,3,3,3,9,Loyal Customers
16368,United Kingdom,2011-12-07 13:12:00,2,497.43,23,5,3,3,11,Loyal Customers
16369,United Kingdom,2011-11-21 16:25:00,3,1553.66,39,4,4,4,12,Champions
16370,United Kingdom,2011-09-18 15:55:00,4,1320.56,103,2,4,4,10,At Risk
16372,United Kingdom,2011-11-06 13:08:00,2,367.93,54,3,3,2,8,Loyal Customers
16374,United Kingdom,2011-10-04 15:21:00,2,473.03,87,3,3,2,8,Loyal Customers
16376,United Kingdom,2011-12-01 11:38:00,2,987.01,29,5,3,4,12,Loyal Customers
16377,United Kingdom,2011-03-17 15:41:00,1,676.2,288,1,2,3,6,Hibernating
16378,United Kingdom,2011-04-06 15:07:00,3,362.95,268,1,4,2,7,At Risk
16379,United Kingdom,2011-12-05 15:38:00,4,2157.4,25,5,4,5,14,Champions
16380,United Kingdom,2011-10-09 15:40:00,1,1780.59,82,3,2,4,9,Potential Loyalists
16383,United Kingdom,2011-09-26 12:45:00,2,668.36,95,2,3,3,8,At Risk
16384,United Kingdom,2011-09-11 11:19:00,2,584.5,110,2,3,3,8,At Risk
16385,United Kingdom,2011-10-10 13:12:00,3,555.89,81,3,4,3,10,Loyal Customers
16386,United Kingdom,2011-11-11 12:28:00,2,317.2,49,4,3,2,9,Loyal Customers
16387,United Kingdom,2011-01-21 11:34:00,1,94.36,343,1,2,1,4,Hibernating
16389,United Kingdom,2011-10-17 14:41:00,4,1382.07,74,3,4,4,11,Loyal Customers
16392,United Kingdom,2011-03-15 12:11:00,1,221.19,290,1,2,1,4,Hibernating
16393,United Kingdom,2011-12-07 12:51:00,13,3046.21,23,5,5,5,15,Champions
16394,United Kingdom,2011-10-14 09:48:00,5,1555.34,77,3,4,4,11,Loyal Customers
16395,United Kingdom,2011-10-10 12:50:00,5,1486.9,81,3,4,4,11,Loyal Customers
16398,United Kingdom,2011-07-08 15:16:00,2,1705.8,175,2,3,4,9,At Risk
16399,United Kingdom,2011-11-20 16:12:00,2,408.57,40,4,3,2,9,Loyal Customers
16400,United Kingdom,2011-09-06 12:27:00,1,303.93,115,2,2,2,6,Hibernating
16401,United Kingdom,2011-12-08 18:15:00,12,4098.32,22,5,5,5,15,Champions
16402,United Kingdom,2011-03-20 12:25:00,2,299.6,285,1,3,2,6,At Risk
16403,United Kingdom,2011-01-31 13:39:00,1,177.5,333,1,2,1,4,Hibernating
16404,United Kingdom,2011-09-30 14:55:00,1,443.05,91,3,2,2,7,Needs Attention
16405,United Kingdom,2011-02-10 15:24:00,2,167.25,323,1,3,1,5,At Risk
16406,United Kingdom,2011-11-21 11:57:00,1,163.07,39,4,2,1,7,New Customers
16407,United Kingdom,2011-11-27 11:05:00,10,2126.93,33,5,5,5,15,Champions
16409,United Kingdom,2011-11-03 16:45:00,5,2028.88,57,3,4,4,11,Loyal Customers
16411,United Kingdom,2011-11-20 13:23:00,2,214.65,40,4,3,1,8,Loyal Customers
16412,United Kingdom,2011-10-17 12:35:00,1,151.83,74,3,2,1,6,Needs Attention
16413,United Kingdom,2011-10-14 12:08:00,1,262.2,77,3,2,2,7,Needs Attention
16414,United Kingdom,2011-11-18 09:42:00,2,126.25,42,4,3,1,8,Loyal Customers
16415,United Kingdom,2011-10-26 13:35:00,1,210.35,65,3,2,1,6,Needs Attention
16416,United Kingdom,2011-11-13 12:50:00,3,1051.4,47,4,4,4,12,Champions
16418,United Kingdom,2011-10-26 12:39:00,3,675.27,65,3,4,3,10,Loyal Customers
16419,United Kingdom,2011-08-19 12:33:00,6,972.23,133,2,5,4,11,At Risk
16422,United Kingdom,2011-11-22 14:00:00,51,34684.4,38,4,5,5,14,Champions
16423,United Kingdom,2011-11-15 09:21:00,1,346.12,45,4,2,2,8,New Customers
16424,United Kingdom,2011-06-01 13:40:00,1,133.56,212,1,2,1,4,Hibernating
16425,United Kingdom,2011-02-10 14:30:00,1,302.7,323,1,2,2,5,Hibernating
16426,United Kingdom,2011-12-07 14:01:00,10,1908.25,23,5,5,4,14,Champions
16427,United Kingdom,2011-03-21 17:10:00,2,241.06,284,1,3,1,5,At Risk
16429,United Kingdom,2011-08-25 13:54:00,1,284.55,127,2,2,2,6,Hibernating
16430,United Kingdom,2011-10-13 14:47:00,1,300.85,78,3,2,2,7,Needs Attention
16431,United Kingdom,2011-05-10 14:09:00,3,642.81,234,1,4,3,8,At Risk
16432,United Kingdom,2011-10-06 13:59:00,1,287.4,85,3,2,2,7,Needs Attention
16433,United Kingdom,2011-11-11 14:09:00,1,184.26,49,4,2,1,7,New Customers
16434,United Kingdom,2011-11-10 14:28:00,7,1522.25,50,4,5,4,13,Champions
16438,United Kingdom,2011-12-04 10:51:00,5,798.35,26,5,4,3,12,Loyal Customers
16440,United Kingdom,2011-12-02 12:02:00,5,3640.67,28,5,4,5,14,Champions
16441,United Kingdom,2011-10-03 17:48:00,2,381.2,88,3,3,2,8,Loyal Customers
16442,United Kingdom,2011-12-08 11:43:00,3,616.79,22,5,4,3,12,Loyal Customers
16444,United Kingdom,2011-10-24 13:50:00,4,654.67,67,3,4,3,10,Loyal Customers
16445,United Kingdom,2011-11-06 12:32:00,1,230.51,54,3,2,1,6,Needs Attention
16446,United Kingdom,2011-12-09 09:15:00,2,168472.5,21,5,3,5,13,Loyal Customers
16447,United Kingdom,2011-07-27 12:45:00,1,259.01,156,2,2,2,6,Hibernating
16448,United Kingdom,2011-05-25 16:28:00,1,188.89,219,1,2,1,4,Hibernating
16449,United Kingdom,2011-05-26 10:25:00,2,707.69,218,1,3,3,7,At Risk
16450,United Kingdom,2011-07-13 11:47:00,1,311.92,170,2,2,2,6,Hibernating
16451,United Kingdom,2011-09-13 09:17:00,1,266.97,108,2,2,2,6,Hibernating
16454,United Kingdom,2011-10-26 11:40:00,2,6.9,65,3,3,1,7,Loyal Customers
16455,United Kingdom,2011-10-07 12:17:00,7,1841.18,84,3,5,4,12,Loyal Customers
16456,United Kingdom,2011-09-01 13:50:00,5,2158.37,120,2,4,5,11,At Risk
16457,United Kingdom,2011-05-05 13:19:00,1,208.36,239,1,2,1,4,Hibernating
16458,United Kingdom,2011-12-07 09:34:00,18,3482.74,23,5,5,5,15,Champions
16460,United Kingdom,2011-11-11 13:46:00,3,814.72,49,4,4,3,11,Loyal Customers
16461,United Kingdom,2011-06-15 12:07:00,1,151.42,198,2,2,1,5,Hibernating
16462,United Kingdom,2011-09-27 10:24:00,3,136.0,94,2,4,1,7,At Risk
16463,United Kingdom,2011-11-18 14:01:00,4,1422.4,42,4,4,4,12,Champions
16464,United Kingdom,2011-11-20 12:11:00,3,1314.68,40,4,4,4,12,Champions
16466,United Kingdom,2011-11-06 11:35:00,7,1603.46,54,3,5,4,12,Loyal Customers
16468,United Kingdom,2011-09-26 14:13:00,1,74.9,95,2,2,1,5,Hibernating
16469,United Kingdom,2011-11-16 12:25:00,4,650.43,44,4,4,3,11,Loyal Customers
16470,United Kingdom,2011-10-19 12:11:00,4,762.39,72,3,4,3,10,Loyal Customers
16471,United Kingdom,2011-03-10 09:41:00,1,223.95,295,1,2,1,4,Hibernating
16473,United Kingdom,2011-06-28 09:10:00,3,316.11,185,2,4,2,8,At Risk
16474,United Kingdom,2011-12-02 13:02:00,7,1871.5,28,5,5,4,14,Champions
16475,United Kingdom,2011-09-12 14:37:00,4,544.3,109,2,4,3,9,At Risk
16477,United Kingdom,2011-10-07 09:44:00,7,2494.46,84,3,5,5,13,Loyal Customers
16478,United Kingdom,2011-11-14 15:51:00,3,331.0,46,4,4,2,10,Loyal Customers
16479,United Kingdom,2011-11-29 13:40:00,2,300.83,31,5,3,2,10,Loyal Customers
16480,United Kingdom,2011-09-25 11:40:00,1,769.29,96,2,2,3,7,Hibernating
16482,United Kingdom,2011-11-24 12:33:00,1,220.62,36,4,2,1,7,New Customers
16483,United Kingdom,2011-05-31 13:08:00,1,139.35,213,1,2,1,4,Hibernating
16484,United Kingdom,2011-06-19 12:06:00,2,404.3,194,2,3,2,7,At Risk
16485,United Kingdom,2011-09-23 15:50:00,1,363.65,98,2,2,2,6,Hibernating
16488,United Kingdom,2011-11-06 13:42:00,3,498.8,54,3,4,3,10,Loyal Customers
16491,United Kingdom,2011-10-24 10:18:00,1,731.5,67,3,2,3,8,Potential Loyalists
16493,United Kingdom,2011-09-21 11:10:00,4,1351.63,100,2,4,4,10,At Risk
16494,United Kingdom,2011-02-16 12:49:00,1,826.53,317,1,2,3,6,Hibernating
16495,United Kingdom,2011-12-06 13:20:00,3,684.41,24,5,4,3,12,Loyal Customers
16496,United Kingdom,2011-12-01 10:31:00,3,1599.52,29,5,4,4,13,Champions
16497,United Kingdom,2011-10-21 10:55:00,6,2965.69,70,3,5,5,13,Loyal Customers
16498,United Kingdom,2011-07-01 15:07:00,2,100.97,182,2,3,1,6,At Risk
16499,United Kingdom,2010-12-14 13:31:00,2,365.45,381,1,3,2,6,At Risk
16500,United Kingdom,2011-12-05 12:04:00,6,400.86,25,5,5,2,12,Loyal Customers
16503,United Kingdom,2011-08-25 11:46:00,4,1431.93,127,2,4,4,10,At Risk
16504,United Kingdom,2011-11-14 15:18:00,1,484.38,46,4,2,2,8,New Customers
16505,United Kingdom,2011-11-08 12:14:00,1,777.6,52,4,2,3,9,New Customers
16506,United Kingdom,2011-11-20 12:17:00,2,90.3,40,4,3,1,8,Loyal Customers
16509,United Kingdom,2011-02-16 09:25:00,1,363.7,317,1,2,2,5,Hibernating
16510,United Kingdom,2010-12-02 13:39:00,1,248.1,393,1,2,1,4,Hibernating
16511,United Kingdom,2011-11-18 10:41:00,3,950.26,42,4,4,4,12,Champions
16513,United Kingdom,2011-12-05 10:18:00,4,874.59,25,5,4,3,12,Loyal Customers
16515,United Kingdom,2011-10-18 13:10:00,5,1627.13,73,3,4,4,11,Loyal Customers
16516,United Kingdom,2011-11-09 14:59:00,1,101.7,51,4,2,1,7,New Customers
16517,United Kingdom,2011-03-07 13:50:00,1,162.7,298,1,2,1,4,Hibernating
16518,United Kingdom,2011-10-09 15:04:00,2,484.32,82,3,3,2,8,Loyal Customers
16519,United Kingdom,2011-11-14 15:41:00,2,215.08,46,4,3,1,8,Loyal Customers
16520,United Kingdom,2011-06-06 13:24:00,3,1046.57,207,1,4,4,9,At Risk
16523,United Kingdom,2011-12-08 09:06:00,21,9418.47,22,5,5,5,15,Champions
16525,United Kingdom,2011-12-07 15:07:00,26,13027.45,23,5,5,5,15,Champions
16526,United Kingdom,2011-06-21 12:02:00,1,290.36,192,2,2,2,6,Hibernating
16527,United Kingdom,2011-09-19 16:21:00,1,228.06,102,2,2,1,5,Hibernating
16528,United Kingdom,2011-12-06 12:45:00,1,244.41,24,5,2,1,8,New Customers
16529,United Kingdom,2011-06-02 17:23:00,1,455.25,211,1,2,2,5,Hibernating
16531,United Kingdom,2011-11-17 16:29:00,7,1244.59,43,4,5,4,13,Champions
16532,United Kingdom,2011-11-22 11:08:00,3,6748.8,38,4,4,5,13,Champions
16533,United Kingdom,2011-11-20 13:08:00,3,1095.56,40,4,4,4,12,Champions
16535,United Kingdom,2011-12-04 15:18:00,1,593.75,26,5,2,3,10,New Customers
16536,United Kingdom,2011-08-21 15:54:00,1,548.97,131,2,2,3,7,Hibernating
16539,United Kingdom,2011-12-07 08:41:00,4,1388.81,23,5,4,4,13,Champions
16542,United Kingdom,2011-10-17 10:47:00,1,119.62,74,3,2,1,6,Needs Attention
16545,United Kingdom,2011-06-28 10:37:00,1,339.3,185,2,2,2,6,Hibernating
16546,United Kingdom,2011-02-22 11:20:00,2,787.15,311,1,3,3,7,At Risk
16549,United Kingdom,2011-11-29 15:06:00,10,4154.64,31,5,5,5,15,Champions
16550,United Kingdom,2011-08-23 11:12:00,5,2298.97,129,2,4,5,11,At Risk
16551,United Kingdom,2011-09-05 09:38:00,3,922.12,116,2,4,3,9,At Risk
16552,United Kingdom,2011-04-11 10:04:00,2,379.73,263,1,3,2,6,At Risk
16553,United Kingdom,2011-06-29 15:42:00,12,5719.82,184,2,5,5,12,At Risk
16554,United Kingdom,2011-10-28 14:51:00,3,837.1,63,3,4,3,10,Loyal Customers
16555,United Kingdom,2011-11-04 14:31:00,2,285.89,56,3,3,2,8,Loyal Customers
16556,United Kingdom,2011-10-04 11:36:00,7,3313.79,87,3,5,5,13,Loyal Customers
16557,United Kingdom,2011-11-15 14:04:00,2,281.85,45,4,3,2,9,Loyal Customers
16558,United Kingdom,2011-12-09 10:20:00,20,8338.49,21,5,5,5,15,Champions
16560,United Kingdom,2011-11-13 10:35:00,2,841.41,47,4,3,3,10,Loyal Customers
16561,United Kingdom,2011-12-04 11:50:00,2,511.12,26,5,3,3,11,Loyal Customers
16563,United Kingdom,2011-10-17 11:51:00,1,1077.74,74,3,2,4,9,Potential Loyalists
16565,United Kingdom,2010-12-10 15:21:00,1,173.7,385,1,2,1,4,Hibernating
16566,United Kingdom,2011-11-24 16:34:00,5,614.66,36,4,4,3,11,Loyal Customers
16567,United Kingdom,2011-05-29 13:57:00,2,865.6,215,1,3,3,7,At Risk
16569,United Kingdom,2011-12-06 15:32:00,1,124.2,24,5,2,1,8,New Customers
16570,United Kingdom,2011-11-24 17:02:00,10,3738.4,36,4,5,5,14,Champions
16571,United Kingdom,2011-11-13 11:46:00,3,1421.69,47,4,4,4,12,Champions
16572,United Kingdom,2011-08-04 16:34:00,3,1009.6,148,2,4,4,10,At Risk
16573,United Kingdom,2011-09-16 09:13:00,2,663.61,105,2,3,3,8,At Risk
16574,United Kingdom,2011-09-29 13:39:00,1,451.44,92,3,2,2,7,Needs Attention
16581,United Kingdom,2011-06-10 10:05:00,1,105.84,203,1,2,1,4,Hibernating
16582,United Kingdom,2011-08-18 17:02:00,1,313.62,134,2,2,2,6,Hibernating
16583,United Kingdom,2010-12-01 12:03:00,1,233.45,394,1,2,1,4,Hibernating
16584,United Kingdom,2011-09-20 13:45:00,2,936.08,101,2,3,3,8,At Risk
16586,United Kingdom,2011-04-05 09:32:00,1,463.95,269,1,2,2,5,Hibernating
16587,United Kingdom,2011-04-21 15:51:00,1,225.15,253,1,2,1,4,Hibernating
16589,United Kingdom,2011-09-29 14:50:00,3,459.24,92,3,4,2,9,Loyal Customers
16591,United Kingdom,2011-10-02 10:43:00,1,213.5,89,3,2,1,6,Needs Attention
16592,United Kingdom,2011-12-05 13:49:00,16,4113.68,25,5,5,5,15,Champions
16593,United Kingdom,2011-10-20 12:41:00,3,330.03,71,3,4,2,9,Loyal Customers
16594,United Kingdom,2011-09-25 14:08:00,1,181.09,96,2,2,1,5,Hibernating
16595,United Kingdom,2011-10-09 13:15:00,1,360.16,82,3,2,2,7,Needs Attention
16596,United Kingdom,2011-11-24 10:02:00,2,250.15,36,4,3,1,8,Loyal Customers
16597,United Kingdom,2011-12-05 15:44:00,1,90.04,25,5,2,1,8,New Customers
16598,United Kingdom,2011-02-27 11:42:00,1,145.05,306,1,2,1,4,Hibernating
16600,United Kingdom,2011-12-05 16:00:00,6,813.52,25,5,5,3,13,Loyal Customers
16601,United Kingdom,2011-10-30 11:09:00,1,244.8,61,3,2,1,6,Needs Attention
16602,United Kingdom,2011-11-03 15:54:00,1,528.08,57,3,2,3,8,Potential Loyalists
16603,United Kingdom,2011-09-26 10:06:00,2,482.47,95,2,3,2,7,At Risk
16607,United Kingdom,2011-11-22 10:24:00,14,3347.71,38,4,5,5,14,Champions
16609,United Kingdom,2011-11-24 13:32:00,7,5493.46,36,4,5,5,14,Champions
16610,United Kingdom,2011-05-04 13:13:00,1,75.66,240,1,2,1,4,Hibernating
16611,United Kingdom,2011-06-06 15:46:00,1,129.49,207,1,2,1,4,Hibernating
16612,United Kingdom,2011-11-07 07:38:00,4,1187.66,53,4,4,4,12,Champions
16613,United Kingdom,2011-09-30 15:52:00,1,618.59,91,3,2,3,8,Potential Loyalists
16614,United Kingdom,2011-06-10 11:36:00,1,506.19,203,1,2,3,6,Hibernating
16616,United Kingdom,2011-11-24 16:31:00,2,500.42,36,4,3,3,10,Loyal Customers
16617,United Kingdom,2011-04-18 10:35:00,1,151.85,256,1,2,1,4,Hibernating
16618,United Kingdom,2011-11-08 13:52:00,5,2647.59,52,4,4,5,13,Champions
16619,United Kingdom,2011-03-21 08:18:00,1,226.21,284,1,2,1,4,Hibernating
16620,United Kingdom,2011-12-06 12:19:00,2,178.96,24,5,3,1,9,Loyal Customers
16621,United Kingdom,2011-10-19 11:38:00,4,813.48,72,3,4,3,10,Loyal Customers
16623,United Kingdom,2011-04-08 10:09:00,1,129.45,266,1,2,1,4,Hibernating
16624,United Kingdom,2011-09-20 12:39:00,2,810.57,101,2,3,3,8,At Risk
16625,United Kingdom,2011-03-10 12:50:00,1,333.08,295,1,2,2,5,Hibernating
16626,United Kingdom,2011-12-09 11:56:00,17,4413.1,21,5,5,5,15,Champions
16627,United Kingdom,2011-09-21 14:38:00,1,322.8,100,2,2,2,6,Hibernating
16628,United Kingdom,2011-11-10 12:45:00,5,2188.05,50,4,4,5,13,Champions
16629,United Kingdom,2011-09-27 10:34:00,2,417.73,94,2,3,2,7,At Risk
16633,United Kingdom,2011-11-22 13:41:00,6,2883.1,38,4,5,5,14,Champions
16634,United Kingdom,2011-05-01 12:09:00,2,217.9,243,1,3,1,5,At Risk
16637,United Kingdom,2011-11-07 13:17:00,4,1154.47,53,4,4,4,12,Champions
16638,United Kingdom,2011-11-17 11:09:00,10,1680.72,43,4,5,4,13,Champions
16639,United Kingdom,2011-11-08 13:20:00,3,1257.51,52,4,4,4,12,Champions
16641,United Kingdom,2011-08-26 12:49:00,1,231.1,126,2,2,1,5,Hibernating
16642,United Kingdom,2011-12-05 11:31:00,2,688.33,25,5,3,3,11,Loyal Customers
16643,United Kingdom,2011-04-08 08:24:00,1,487.51,266,1,2,2,5,Hibernating
16644,United Kingdom,2011-06-15 12:39:00,2,833.78,198,2,3,3,8,At Risk
16647,United Kingdom,2011-06-23 11:47:00,2,214.06,190,2,3,1,6,At Risk
16648,United Kingdom,2011-10-28 08:58:00,1,290.66,63,3,2,2,7,Needs Attention
16650,United Kingdom,2011-09-29 09:51:00,1,518.42,92,3,2,3,8,Potential Loyalists
16652,United Kingdom,2011-10-12 09:38:00,7,6773.97,79,3,5,5,13,Loyal Customers
16653,United Kingdom,2011-11-23 14:51:00,2,1212.66,37,4,3,4,11,Loyal Customers
16654,United Kingdom,2011-07-21 15:23:00,4,601.27,162,2,4,3,9,At Risk
16655,United Kingdom,2011-11-22 11:25:00,6,3794.52,38,4,5,5,14,Champions
16656,United Kingdom,2011-11-17 14:43:00,15,8625.8,43,4,5,5,14,Champions
16657,United Kingdom,2011-11-30 11:48:00,4,933.62,30,5,4,3,12,Loyal Customers
16658,United Kingdom,2010-12-06 13:47:00,1,123.24,389,1,2,1,4,Hibernating
16659,United Kingdom,2011-06-03 15:03:00,1,39.12,210,1,2,1,4,Hibernating
16660,United Kingdom,2011-11-23 14:53:00,4,1267.65,37,4,4,4,12,Champions
16665,United Kingdom,2010-12-12 14:03:00,1,135.4,383,1,2,1,4,Hibernating
16666,United Kingdom,2011-11-20 14:01:00,1,118.98,40,4,2,1,7,New Customers
16667,United Kingdom,2011-10-02 15:26:00,2,570.13,89,3,3,3,9,Loyal Customers
16668,United Kingdom,2011-11-24 17:43:00,6,306.72,36,4,5,2,11,Loyal Customers
16669,United Kingdom,2011-11-16 12:26:00,3,1374.87,44,4,4,4,12,Champions
16670,United Kingdom,2011-11-23 09:34:00,11,4095.9,37,4,5,5,14,Champions
16671,United Kingdom,2011-11-11 13:40:00,3,1692.27,49,4,4,4,12,Champions
16672,United Kingdom,2011-12-07 16:29:00,20,8134.94,23,5,5,5,15,Champions
16674,United Kingdom,2011-10-16 11:31:00,2,319.61,75,3,3,2,8,Loyal Customers
16676,United Kingdom,2011-11-06 12:01:00,4,1592.12,54,3,4,4,11,Loyal Customers
16678,United Kingdom,2011-12-07 12:17:00,12,3109.99,23,5,5,5,15,Champions
16679,United Kingdom,2010-12-08 13:51:00,1,129.75,387,1,2,1,4,Hibernating
16680,United Kingdom,2011-10-27 17:35:00,1,183.7,64,3,2,1,6,Needs Attention
16681,United Kingdom,2011-09-28 11:11:00,6,1770.34,93,2,5,4,11,At Risk
16682,United Kingdom,2011-12-05 12:13:00,5,1028.0,25,5,4,4,13,Champions
16684,United Kingdom,2011-12-05 14:06:00,28,66653.56,25,5,5,5,15,Champions
16685,United Kingdom,2011-10-09 13:58:00,2,324.24,82,3,3,2,8,Loyal Customers
16686,United Kingdom,2011-10-23 13:49:00,7,3062.83,68,3,5,5,13,Loyal Customers
16688,United Kingdom,2011-12-08 15:24:00,4,1260.86,22,5,4,4,13,Champions
16689,United Kingdom,2011-09-25 11:39:00,2,422.6,96,2,3,2,7,At Risk
16690,United Kingdom,2011-09-28 15:02:00,2,225.58,93,2,3,1,6,At Risk
16692,United Kingdom,2011-03-28 14:46:00,2,1276.0,277,1,3,4,8,At Risk
16693,United Kingdom,2011-10-02 11:10:00,2,482.01,89,3,3,2,8,Loyal Customers
16696,United Kingdom,2011-07-27 14:23:00,4,657.9,156,2,4,3,9,At Risk
16697,United Kingdom,2011-04-12 17:12:00,1,112.75,262,1,2,1,4,Hibernating
16698,United Kingdom,2011-04-27 10:52:00,2,1998.0,247,1,3,4,8,At Risk
16700,United Kingdom,2011-12-01 11:00:00,13,5076.55,29,5,5,5,15,Champions
16701,United Kingdom,2011-12-01 11:10:00,13,5398.3,29,5,5,5,15,Champions
16705,United Kingdom,2011-12-09 12:08:00,20,14034.99,21,5,5,5,15,Champions
16706,United Kingdom,2011-11-02 13:50:00,3,531.35,58,3,4,3,10,Loyal Customers
16708,United Kingdom,2011-10-25 12:20:00,1,656.63,66,3,2,3,8,Potential Loyalists
16709,United Kingdom,2011-09-16 10:56:00,5,3029.87,105,2,4,5,11,At Risk
16710,United Kingdom,2011-11-20 14:50:00,10,2483.04,40,4,5,5,14,Champions
16711,United Kingdom,2011-12-06 16:32:00,5,1651.03,24,5,4,4,13,Champions
16712,United Kingdom,2011-11-30 13:48:00,11,3645.43,30,5,5,5,15,Champions
16713,United Kingdom,2011-11-21 12:36:00,15,6923.13,39,4,5,5,14,Champions
16714,United Kingdom,2011-05-05 11:09:00,3,1161.53,239,1,4,4,9,At Risk
16715,United Kingdom,2011-09-22 18:15:00,1,301.72,99,2,2,2,6,Hibernating
16716,United Kingdom,2011-03-18 10:03:00,2,901.2,287,1,3,3,7,At Risk
16717,United Kingdom,2011-11-16 12:16:00,6,3858.38,44,4,5,5,14,Champions
16718,United Kingdom,2010-12-05 13:03:00,1,623.75,390,1,2,3,6,Hibernating
16719,United Kingdom,2011-11-25 09:27:00,7,1790.42,35,4,5,4,13,Champions
16720,United Kingdom,2011-11-13 16:22:00,1,155.24,47,4,2,1,7,New Customers
16721,United Kingdom,2011-03-22 16:08:00,1,292.47,283,1,2,2,5,Hibernating
16722,United Kingdom,2011-11-22 13:28:00,13,4730.81,38,4,5,5,14,Champions
16723,United Kingdom,2011-09-09 13:01:00,2,589.15,112,2,3,3,8,At Risk
16725,United Kingdom,2011-02-10 16:52:00,7,781.02,323,1,5,3,9,At Risk
16726,United Kingdom,2011-11-13 14:53:00,5,1382.02,47,4,4,4,12,Champions
16727,United Kingdom,2010-12-10 13:48:00,1,272.82,385,1,2,2,5,Hibernating
16728,United Kingdom,2011-10-24 14:36:00,4,1054.67,67,3,4,4,11,Loyal Customers
16729,United Kingdom,2011-11-01 14:29:00,21,7239.92,59,3,5,5,13,Loyal Customers
16730,United Kingdom,2011-10-18 14:11:00,3,743.11,73,3,4,3,10,Loyal Customers
16732,United Kingdom,2011-11-08 09:54:00,1,603.75,52,4,2,3,9,New Customers
16734,United Kingdom,2011-10-18 13:44:00,3,650.51,73,3,4,3,10,Loyal Customers
16735,United Kingdom,2011-09-22 11:49:00,5,2300.56,99,2,4,5,11,At Risk
16737,United Kingdom,2011-10-17 13:03:00,1,417.6,74,3,2,2,7,Needs Attention
16738,United Kingdom,2011-02-15 09:46:00,1,3.75,318,1,2,1,4,Hibernating
16739,United Kingdom,2011-06-16 09:17:00,1,323.0,197,2,2,2,6,Hibernating
16742,United Kingdom,2011-10-24 12:02:00,1,464.9,67,3,2,2,7,Needs Attention
16743,United Kingdom,2011-11-10 13:13:00,7,2238.09,50,4,5,5,14,Champions
16744,United Kingdom,2011-11-28 13:06:00,7,1304.76,32,5,5,4,14,Champions
16745,United Kingdom,2011-09-14 11:58:00,17,7194.3,107,2,5,5,12,At Risk
16746,United Kingdom,2011-12-05 12:33:00,18,6697.66,25,5,5,5,15,Champions
16747,United Kingdom,2011-11-02 11:37:00,2,836.06,58,3,3,3,9,Loyal Customers
16748,United Kingdom,2011-11-22 10:17:00,5,1515.9,38,4,4,4,12,Champions
16750,United Kingdom,2011-10-26 12:48:00,5,623.93,65,3,4,3,10,Loyal Customers
16751,United Kingdom,2011-11-09 10:48:00,1,1764.72,51,4,2,4,10,New Customers
16752,United Kingdom,2010-12-02 12:18:00,1,207.5,393,1,2,1,4,Hibernating
16753,United Kingdom,2011-10-12 13:14:00,1,223.92,79,3,2,1,6,Needs Attention
16754,United Kingdom,2010-12-02 17:38:00,1,2002.4,393,1,2,4,7,Hibernating
16755,United Kingdom,2011-08-17 13:21:00,3,1496.83,135,2,4,4,10,At Risk
16756,United Kingdom,2011-05-09 09:33:00,1,239.4,235,1,2,1,4,Hibernating
16757,United Kingdom,2011-01-25 11:59:00,1,106.83,339,1,2,1,4,Hibernating
16758,United Kingdom,2011-10-05 14:47:00,1,369.34,86,3,2,2,7,Needs Attention
16759,United Kingdom,2011-12-02 12:42:00,3,789.79,28,5,4,3,12,Loyal Customers
16761,United Kingdom,2011-09-04 11:15:00,1,316.62,117,2,2,2,6,Hibernating
16762,United Kingdom,2011-11-20 11:43:00,3,1501.38,40,4,4,4,12,Champions
16763,United Kingdom,2011-05-25 11:52:00,1,611.85,219,1,2,3,6,Hibernating
16764,United Kingdom,2011-12-06 11:41:00,13,2799.25,24,5,5,5,15,Champions
16765,United Kingdom,2011-02-18 15:41:00,1,34.0,315,1,2,1,4,Hibernating
16766,United Kingdom,2011-03-11 15:22:00,2,1145.6,294,1,3,4,8,At Risk
16767,United Kingdom,2011-11-09 09:42:00,11,5580.6,51,4,5,5,14,Champions
16768,United Kingdom,2011-10-23 10:38:00,3,478.09,68,3,4,2,9,Loyal Customers
16769,United Kingdom,2011-03-24 13:41:00,1,380.39,281,1,2,2,5,Hibernating
16770,United Kingdom,2011-10-13 12:21:00,5,770.1,78,3,4,3,10,Loyal Customers
16771,United Kingdom,2011-11-06 13:28:00,5,2246.81,54,3,4,5,12,Loyal Customers
16773,United Kingdom,2011-10-13 14:37:00,1,171.59,78,3,2,1,6,Needs Attention
16774,United Kingdom,2011-10-03 12:41:00,4,661.52,88,3,4,3,10,Loyal Customers
16775,United Kingdom,2011-11-29 15:22:00,11,1695.66,31,5,5,4,14,Champions
16776,United Kingdom,2011-10-10 13:04:00,1,388.28,81,3,2,2,7,Needs Attention
16777,United Kingdom,2011-09-20 13:41:00,2,226.35,101,2,3,1,6,At Risk
16778,United Kingdom,2011-09-26 13:48:00,2,245.94,95,2,3,1,6,At Risk
16779,United Kingdom,2011-12-07 14:54:00,22,10629.72,23,5,5,5,15,Champions
16780,United Kingdom,2011-08-31 16:09:00,2,425.19,121,2,3,2,7,At Risk
16781,United Kingdom,2010-12-02 14:26:00,1,311.25,393,1,2,2,5,Hibernating
16782,United Kingdom,2011-11-29 13:20:00,13,2279.9,31,5,5,5,15,Champions
16784,United Kingdom,2011-11-20 12:20:00,1,107.6,40,4,2,1,7,New Customers
16788,United Kingdom,2011-08-08 14:53:00,2,597.48,144,2,3,3,8,At Risk
16789,United Kingdom,2011-12-01 15:12:00,1,80.8,29,5,2,1,8,New Customers
16790,United Kingdom,2011-12-06 11:53:00,6,1545.62,24,5,5,4,14,Champions
16791,United Kingdom,2011-11-10 19:12:00,7,1721.78,50,4,5,4,13,Champions
16792,United Kingdom,2011-03-02 14:41:00,2,110.38,303,1,3,1,5,At Risk
16793,United Kingdom,2011-10-13 15:08:00,1,243.84,78,3,2,1,6,Needs Attention
16794,United Kingdom,2011-12-08 17:54:00,10,1222.71,22,5,5,4,14,Champions
16795,United Kingdom,2010-12-09 14:08:00,1,414.88,386,1,2,2,5,Hibernating
16796,United Kingdom,2011-09-11 14:01:00,1,305.62,110,2,2,2,6,Hibernating
16800,United Kingdom,2011-11-28 14:06:00,1,1201.49,32,5,2,4,11,New Customers
16801,United Kingdom,2011-06-29 15:33:00,4,1619.73,184,2,4,4,10,At Risk
16803,United Kingdom,2011-10-05 14:28:00,1,332.3,86,3,2,2,7,Needs Attention
16804,United Kingdom,2011-11-16 16:43:00,3,536.99,44,4,4,3,11,Loyal Customers
16805,United Kingdom,2011-06-19 11:23:00,2,460.59,194,2,3,2,7,At Risk
16806,United Kingdom,2011-08-28 15:27:00,4,801.49,124,2,4,3,9,At Risk
16807,United Kingdom,2011-07-20 12:00:00,3,1121.59,163,2,4,4,10,At Risk
16808,United Kingdom,2011-09-01 19:34:00,2,288.42,120,2,3,2,7,At Risk
16809,United Kingdom,2011-11-16 15:45:00,5,914.69,44,4,4,3,11,Loyal Customers
16810,United Kingdom,2011-05-31 15:32:00,1,309.54,213,1,2,2,5,Hibernating
16811,United Kingdom,2011-12-05 11:39:00,2,547.07,25,5,3,3,11,Loyal Customers
16812,United Kingdom,2010-12-14 12:35:00,1,479.35,381,1,2,2,5,Hibernating
16813,United Kingdom,2011-12-01 14:03:00,10,1692.98,29,5,5,4,14,Champions
16814,United Kingdom,2011-11-25 13:27:00,21,6509.1,35,4,5,5,14,Champions
16816,United Kingdom,2011-08-28 14:16:00,4,417.06,124,2,4,2,8,At Risk
16817,United Kingdom,2011-12-07 11:03:00,9,1604.75,23,5,5,4,14,Champions
16818,United Kingdom,2011-11-29 10:41:00,11,3349.57,31,5,5,5,15,Champions
16820,United Kingdom,2011-09-05 12:06:00,1,497.61,116,2,2,3,7,Hibernating
16823,United Kingdom,2011-04-26 15:00:00,1,358.38,248,1,2,2,5,Hibernating
16824,United Kingdom,2011-11-24 12:38:00,2,460.64,36,4,3,2,9,Loyal Customers
16825,United Kingdom,2011-11-01 11:51:00,2,775.18,59,3,3,3,9,Loyal Customers
16826,United Kingdom,2011-10-19 14:05:00,1,341.7,72,3,2,2,7,Needs Attention
16828,United Kingdom,2011-09-07 15:10:00,2,128.5,114,2,3,1,6,At Risk
16829,United Kingdom,2011-07-06 10:48:00,1,197.22,177,2,2,1,5,Hibernating
16830,United Kingdom,2011-11-01 11:35:00,1,325.91,59,3,2,2,7,Needs Attention
16832,United Kingdom,2011-06-08 15:36:00,3,199.15,205,1,4,1,6,At Risk
16833,United Kingdom,2011-12-08 14:39:00,4,1106.53,22,5,4,4,13,Champions
16834,United Kingdom,2011-04-26 09:37:00,1,413.46,248,1,2,2,5,Hibernating
16835,United Kingdom,2011-08-03 13:50:00,2,180.85,149,2,3,1,6,At Risk
16836,United Kingdom,2011-10-31 10:05:00,2,251.87,60,3,3,2,8,Loyal Customers
16837,United Kingdom,2011-11-08 14:27:00,11,3170.98,52,4,5,5,14,Champions
16838,United Kingdom,2011-05-26 13:13:00,2,588.85,218,1,3,3,7,At Risk
16839,United Kingdom,2011-12-01 09:03:00,34,16594.35,29,5,5,5,15,Champions
16841,United Kingdom,2011-11-03 11:51:00,6,1869.82,57,3,5,4,12,Loyal Customers
16842,United Kingdom,2011-08-31 10:42:00,3,1264.19,121,2,4,4,10,At Risk
16843,United Kingdom,2011-10-28 09:06:00,16,10196.57,63,3,5,5,13,Loyal Customers
16846,United Kingdom,2011-10-20 13:55:00,1,214.32,71,3,2,1,6,Needs Attention
16847,United Kingdom,2011-10-27 13:29:00,1,193.44,64,3,2,1,6,Needs Attention
16848,United Kingdom,2011-10-18 08:42:00,1,281.42,73,3,2,2,7,Needs Attention
16849,United Kingdom,2011-06-06 09:16:00,1,124.57,207,1,2,1,4,Hibernating
16850,United Kingdom,2011-01-10 11:09:00,1,332.41,354,1,2,2,5,Hibernating
16851,United Kingdom,2011-12-05 13:32:00,3,342.45,25,5,4,2,11,Loyal Customers
16852,United Kingdom,2011-11-29 13:22:00,2,144.91,31,5,3,1,9,Loyal Customers
16855,United Kingdom,2011-11-16 12:03:00,2,328.4,44,4,3,2,9,Loyal Customers
16856,United Kingdom,2011-11-25 08:59:00,1,35.4,35,4,2,1,7,New Customers
16858,United Kingdom,2010-12-06 09:52:00,1,375.69,389,1,2,2,5,Hibernating
16859,United Kingdom,2011-07-18 12:19:00,2,747.81,165,2,3,3,8,At Risk
16861,United Kingdom,2011-10-11 09:05:00,2,173.76,80,3,3,1,7,Loyal Customers
16863,United Kingdom,2011-11-08 15:26:00,2,502.8,52,4,3,3,10,Loyal Customers
16866,United Kingdom,2011-07-22 10:06:00,3,207.74,161,2,4,1,7,At Risk
16869,United Kingdom,2011-11-17 12:02:00,4,825.42,43,4,4,3,11,Loyal Customers
16871,United Kingdom,2011-11-17 19:27:00,6,2812.34,43,4,5,5,14,Champions
16872,United Kingdom,2011-09-23 16:05:00,3,680.02,98,2,4,3,9,At Risk
16873,United Kingdom,2011-12-05 12:05:00,6,7123.62,25,5,5,5,15,Champions
16875,United Kingdom,2011-10-03 13:39:00,5,2095.53,88,3,4,5,12,Loyal Customers
16877,United Kingdom,2011-11-27 13:47:00,6,853.72,33,5,5,3,13,Loyal Customers
16878,United Kingdom,2011-09-16 17:39:00,1,13.3,105,2,2,1,5,Hibernating
16880,United Kingdom,2011-11-09 11:33:00,7,1519.08,51,4,5,4,13,Champions
16881,United Kingdom,2011-10-04 10:33:00,1,432.0,87,3,2,2,7,Needs Attention
16882,United Kingdom,2011-10-04 10:42:00,3,705.12,87,3,4,3,10,Loyal Customers
16883,United Kingdom,2011-06-05 12:51:00,2,276.73,208,1,3,2,6,At Risk
16884,United Kingdom,2011-11-02 11:52:00,2,429.84,58,3,3,2,8,Loyal Customers
16885,United Kingdom,2011-11-24 13:40:00,3,471.51,36,4,4,2,10,Loyal Customers
16887,United Kingdom,2011-11-04 14:07:00,1,194.88,56,3,2,1,6,Needs Attention
16889,United Kingdom,2011-05-29 11:05:00,3,1578.67,215,1,4,4,9,At Risk
16891,United Kingdom,2011-12-08 11:15:00,5,809.7,22,5,4,3,12,Loyal Customers
16892,United Kingdom,2011-12-08 13:18:00,5,525.54,22,5,4,3,12,Loyal Customers
16893,United Kingdom,2010-12-08 12:06:00,1,145.93,387,1,2,1,4,Hibernating
16895,United Kingdom,2011-10-06 12:15:00,1,219.14,85,3,2,1,6,Needs Attention
16897,United Kingdom,2011-02-13 15:02:00,2,289.78,320,1,3,2,6,At Risk
16898,United Kingdom,2011-11-13 15:44:00,3,508.81,47,4,4,3,11,Loyal Customers
16899,United Kingdom,2011-12-02 12:03:00,6,1281.56,28,5,5,4,14,Champions
16900,United Kingdom,2011-11-23 10:32:00,3,887.11,37,4,4,3,11,Loyal Customers
16902,United Kingdom,2011-08-15 14:17:00,1,1706.88,137,2,2,4,8,Hibernating
16903,United Kingdom,2011-11-10 15:32:00,1,373.24,50,4,2,2,8,New Customers
16904,United Kingdom,2011-12-05 13:10:00,16,3754.27,25,5,5,5,15,Champions
16905,United Kingdom,2011-12-04 14:01:00,7,3102.43,26,5,5,5,15,Champions
16906,United Kingdom,2011-09-19 11:49:00,4,579.77,102,2,4,3,9,At Risk
16907,United Kingdom,2011-11-10 18:04:00,5,981.65,50,4,4,4,12,Champions
16909,United Kingdom,2011-09-28 16:45:00,1,379.14,93,2,2,2,6,Hibernating
16910,United Kingdom,2011-12-05 12:51:00,8,1510.06,25,5,5,4,14,Champions
16912,United Kingdom,2011-11-11 12:18:00,11,2575.38,49,4,5,5,14,Champions
16913,United Kingdom,2011-02-22 12:56:00,1,113.44,311,1,2,1,4,Hibernating
16914,United Kingdom,2011-11-03 15:27:00,1,208.46,57,3,2,1,6,Needs Attention
16915,United Kingdom,2011-11-30 16:39:00,6,621.68,30,5,5,3,13,Loyal Customers
16916,United Kingdom,2011-11-16 12:08:00,2,576.26,44,4,3,3,10,Loyal Customers
16917,United Kingdom,2011-03-08 11:55:00,1,391.52,297,1,2,2,5,Hibernating
16918,United Kingdom,2011-10-21 12:50:00,6,1068.82,70,3,5,4,12,Loyal Customers
16919,United Kingdom,2011-07-06 13:35:00,11,2596.45,177,2,5,5,12,At Risk
16921,United Kingdom,2011-10-09 16:22:00,1,169.79,82,3,2,1,6,Needs Attention
16923,United Kingdom,2011-11-27 13:00:00,19,7247.61,33,5,5,5,15,Champions
16924,United Kingdom,2011-11-18 12:53:00,3,846.75,42,4,4,3,11,Loyal Customers
16926,United Kingdom,2010-12-03 13:42:00,1,230.25,392,1,2,1,4,Hibernating
16927,United Kingdom,2011-08-16 11:10:00,3,543.05,136,2,4,3,9,At Risk
16928,United Kingdom,2011-09-20 15:10:00,17,2847.6,101,2,5,5,12,At Risk
16929,United Kingdom,2011-12-06 08:37:00,7,1295.39,24,5,5,4,14,Champions
16930,United Kingdom,2011-11-13 16:13:00,3,380.55,47,4,4,2,10,Loyal Customers
16931,United Kingdom,2011-12-04 13:15:00,21,4604.22,26,5,5,5,15,Champions
16932,United Kingdom,2011-10-17 14:12:00,1,161.94,74,3,2,1,6,Needs Attention
16933,United Kingdom,2011-12-08 12:54:00,2,563.23,22,5,3,3,11,Loyal Customers
16934,United Kingdom,2011-10-16 12:40:00,2,950.93,75,3,3,4,10,Loyal Customers
16936,United Kingdom,2011-11-14 11:04:00,1,262.68,46,4,2,2,8,New Customers
16938,United Kingdom,2011-12-01 10:20:00,4,2736.38,29,5,4,5,14,Champions
16940,United Kingdom,2011-10-18 13:15:00,3,3049.88,73,3,4,5,12,Loyal Customers
16942,United Kingdom,2011-11-27 12:40:00,9,1920.59,33,5,5,4,14,Champions
16943,United Kingdom,2011-05-12 11:57:00,3,816.73,232,1,4,3,8,At Risk
16945,United Kingdom,2011-11-18 11:39:00,19,4345.5,42,4,5,5,14,Champions
16947,United Kingdom,2011-04-18 09:38:00,1,406.48,256,1,2,2,5,Hibernating
16948,United Kingdom,2011-07-24 12:46:00,3,435.02,159,2,4,2,8,At Risk
16949,United Kingdom,2011-12-06 11:07:00,6,1286.27,24,5,5,4,14,Champions
16950,United Kingdom,2011-10-14 09:06:00,3,1178.56,77,3,4,4,11,Loyal Customers
16951,United Kingdom,2011-07-28 12:05:00,3,1277.75,155,2,4,4,10,At Risk
16952,United Kingdom,2011-08-22 13:03:00,2,167.61,130,2,3,1,6,At Risk
16953,United Kingdom,2011-11-09 15:54:00,1,20.8,51,4,2,1,7,New Customers
16954,United Kingdom,2011-12-09 09:46:00,9,2085.08,21,5,5,5,15,Champions
16955,United Kingdom,2011-06-08 10:36:00,4,518.67,205,1,4,3,8,At Risk
16956,United Kingdom,2011-11-22 08:56:00,1,308.74,38,4,2,2,8,New Customers
16957,United Kingdom,2011-04-14 13:56:00,2,416.64,260,1,3,2,6,At Risk
16959,United Kingdom,2011-09-13 15:03:00,1,117.35,108,2,2,1,5,Hibernating
16960,United Kingdom,2011-11-01 11:35:00,3,507.05,59,3,4,3,10,Loyal Customers
16961,United Kingdom,2011-08-15 13:46:00,1,234.17,137,2,2,1,5,Hibernating
16963,United Kingdom,2011-06-05 13:48:00,1,110.55,208,1,2,1,4,Hibernating
16965,United Kingdom,2011-04-27 12:08:00,1,201.19,247,1,2,1,4,Hibernating
16966,United Kingdom,2011-12-01 13:40:00,7,2154.97,29,5,5,5,15,Champions
16967,United Kingdom,2011-06-03 14:24:00,1,319.02,210,1,2,2,5,Hibernating
16968,United Kingdom,2011-12-05 15:02:00,2,439.43,25,5,3,2,10,Loyal Customers
16969,United Kingdom,2011-10-31 13:12:00,3,650.41,60,3,4,3,10,Loyal Customers
16971,United Kingdom,2011-11-01 15:06:00,1,357.21,59,3,2,2,7,Needs Attention
16976,United Kingdom,2011-03-17 16:33:00,1,251.52,288,1,2,2,5,Hibernating
16978,United Kingdom,2011-09-23 12:50:00,1,344.33,98,2,2,2,6,Hibernating
16979,United Kingdom,2011-12-06 12:21:00,6,1852.0,24,5,5,4,14,Champions
16980,United Kingdom,2011-03-29 16:36:00,2,1078.96,276,1,3,4,8,At Risk
16982,United Kingdom,2011-10-10 12:28:00,1,384.06,81,3,2,2,7,Needs Attention
16983,United Kingdom,2011-11-27 12:10:00,7,1931.25,33,5,5,4,14,Champions
16984,United Kingdom,2011-09-12 13:43:00,2,4481.35,109,2,3,5,10,At Risk
16985,United Kingdom,2011-11-22 13:33:00,10,5464.12,38,4,5,5,14,Champions
16986,United Kingdom,2011-11-10 11:55:00,2,1873.2,50,4,3,4,11,Loyal Customers
16987,United Kingdom,2011-12-06 17:26:00,7,1625.05,24,5,5,4,14,Champions
16988,United Kingdom,2011-12-04 16:02:00,1,126.12,26,5,2,1,8,New Customers
16989,United Kingdom,2011-12-02 16:39:00,6,1133.25,28,5,5,4,14,Champions
16990,United Kingdom,2011-05-05 08:30:00,1,179.0,239,1,2,1,4,Hibernating
16992,United Kingdom,2011-11-29 11:50:00,5,1614.31,31,5,4,4,13,Champions
16996,United Kingdom,2011-11-09 16:43:00,6,1456.96,51,4,5,4,13,Champions
16997,United Kingdom,2011-02-24 17:28:00,3,702.0,309,1,4,3,8,At Risk
16998,United Kingdom,2011-07-13 09:44:00,4,295.0,170,2,4,2,8,At Risk
16999,United Kingdom,2011-11-16 13:53:00,2,484.82,44,4,3,2,9,Loyal Customers
17001,United Kingdom,2011-12-09 09:38:00,11,3989.57,21,5,5,5,15,Champions
17002,United Kingdom,2011-09-15 12:40:00,3,1493.73,106,2,4,4,10,At Risk
17004,United Kingdom,2011-10-24 14:25:00,2,1412.94,67,3,3,4,10,Loyal Customers
17006,United Kingdom,2011-12-05 12:09:00,4,781.78,25,5,4,3,12,Loyal Customers
17007,United Kingdom,2011-10-20 10:47:00,6,889.93,71,3,5,3,11,Loyal Customers
17010,United Kingdom,2011-11-21 14:49:00,1,195.36,39,4,2,1,7,New Customers
17011,United Kingdom,2011-11-09 13:30:00,1,270.9,51,4,2,2,8,New Customers
17014,United Kingdom,2011-12-01 14:09:00,3,586.33,29,5,4,3,12,Loyal Customers
17015,United Kingdom,2011-11-11 10:45:00,3,1842.56,49,4,4,4,12,Champions
17017,United Kingdom,2011-12-07 09:32:00,20,8694.26,23,5,5,5,15,Champions
17018,United Kingdom,2011-10-30 11:42:00,2,920.1,61,3,3,3,9,Loyal Customers
17019,United Kingdom,2011-11-28 13:06:00,4,1272.61,32,5,4,4,13,Champions
17022,United Kingdom,2011-11-08 17:09:00,1,71.0,52,4,2,1,7,New Customers
17024,United Kingdom,2011-10-25 13:47:00,3,95.85,66,3,4,1,8,Loyal Customers
17025,United Kingdom,2011-10-10 09:06:00,3,357.77,81,3,4,2,9,Loyal Customers
17026,United Kingdom,2011-06-07 14:28:00,2,154.83,206,1,3,1,5,At Risk
17027,United Kingdom,2011-09-22 12:24:00,6,890.29,99,2,5,3,10,At Risk
17029,United Kingdom,2011-08-21 11:06:00,2,716.0,131,2,3,3,8,At Risk
17030,United Kingdom,2011-10-07 08:49:00,1,146.87,84,3,2,1,6,Needs Attention
17031,United Kingdom,2011-11-28 10:23:00,2,380.35,32,5,3,2,10,Loyal Customers
17033,United Kingdom,2011-09-14 14:34:00,3,1030.14,107,2,4,4,10,At Risk
17034,United Kingdom,2011-11-23 15:14:00,3,745.52,37,4,4,3,11,Loyal Customers
17035,United Kingdom,2011-04-08 11:23:00,2,433.53,266,1,3,2,6,At Risk
17037,United Kingdom,2011-09-13 12:49:00,1,1267.32,108,2,2,4,8,Hibernating
17038,United Kingdom,2011-11-09 13:50:00,1,112.4,51,4,2,1,7,New Customers
17040,United Kingdom,2011-07-25 10:19:00,1,449.73,158,2,2,2,6,Hibernating
17041,United Kingdom,2011-11-13 11:21:00,3,1081.57,47,4,4,4,12,Champions
17042,United Kingdom,2011-12-07 12:26:00,5,1044.38,23,5,4,4,13,Champions
17043,United Kingdom,2011-11-07 15:33:00,4,1735.18,53,4,4,4,12,Champions
17044,United Kingdom,2011-11-14 14:28:00,1,948.48,46,4,2,4,10,New Customers
17045,United Kingdom,2011-08-18 17:09:00,3,339.44,134,2,4,2,8,At Risk
17046,United Kingdom,2011-07-05 14:24:00,1,642.02,178,2,2,3,7,Hibernating
17047,United Kingdom,2011-09-15 13:27:00,3,1100.9,106,2,4,4,10,At Risk
17048,United Kingdom,2011-08-14 11:49:00,3,925.35,138,2,4,3,9,At Risk
17049,United Kingdom,2011-12-07 10:48:00,9,5659.98,23,5,5,5,15,Champions
17050,United Kingdom,2011-09-04 13:48:00,6,3228.84,117,2,5,5,12,At Risk
17051,United Kingdom,2011-05-29 14:13:00,1,247.14,215,1,2,1,4,Hibernating
17052,United Kingdom,2011-11-11 14:50:00,1,413.75,49,4,2,2,8,New Customers
17053,United Kingdom,2011-08-01 10:23:00,1,498.48,151,2,2,3,7,Hibernating
17054,United Kingdom,2011-11-11 12:56:00,5,1356.33,49,4,4,4,12,Champions
17058,United Kingdom,2011-09-19 10:13:00,3,1179.89,102,2,4,4,10,At Risk
17059,United Kingdom,2011-11-10 12:27:00,5,3095.04,50,4,4,5,13,Champions
17060,United Kingdom,2011-03-18 13:27:00,1,234.24,287,1,2,1,4,Hibernating
17061,United Kingdom,2011-09-27 11:24:00,11,5232.23,94,2,5,5,12,At Risk
17062,United Kingdom,2011-01-30 11:01:00,4,538.37,334,1,4,3,8,At Risk
17063,United Kingdom,2011-11-18 16:19:00,7,1461.14,42,4,5,4,13,Champions
17064,United Kingdom,2011-10-12 10:18:00,3,859.35,79,3,4,3,10,Loyal Customers
17068,United Kingdom,2011-11-27 13:14:00,21,4552.14,33,5,5,5,15,Champions
17069,United Kingdom,2011-11-11 17:13:00,9,2709.7,49,4,5,5,14,Champions
17070,United Kingdom,2011-08-17 17:01:00,1,312.14,135,2,2,2,6,Hibernating
17071,United Kingdom,2011-11-11 16:31:00,9,2429.03,49,4,5,5,14,Champions
17073,United Kingdom,2011-11-22 11:47:00,4,1446.09,38,4,4,4,12,Champions
17075,United Kingdom,2011-11-22 11:58:00,4,834.12,38,4,4,3,11,Loyal Customers
17076,United Kingdom,2011-11-03 17:53:00,3,841.08,57,3,4,3,10,Loyal Customers
17078,United Kingdom,2011-11-03 19:17:00,2,378.2,57,3,3,2,8,Loyal Customers
17079,United Kingdom,2011-09-22 15:34:00,1,118.8,99,2,2,1,5,Hibernating
17080,United Kingdom,2011-11-17 12:59:00,2,287.62,43,4,3,2,9,Loyal Customers
17081,United Kingdom,2011-11-14 12:56:00,2,290.16,46,4,3,2,9,Loyal Customers
17082,United Kingdom,2011-11-06 15:17:00,2,2003.85,54,3,3,4,10,Loyal Customers
17083,United Kingdom,2011-08-22 15:43:00,3,1405.78,130,2,4,4,10,At Risk
17084,United Kingdom,2011-11-04 14:54:00,2,2949.75,56,3,3,5,11,Loyal Customers
17085,United Kingdom,2011-08-08 14:15:00,5,1566.65,144,2,4,4,10,At Risk
17086,United Kingdom,2011-12-02 13:54:00,6,2050.08,28,5,5,4,14,Champions
17088,United Kingdom,2011-11-11 14:23:00,4,1991.01,49,4,4,4,12,Champions
17090,United Kingdom,2011-12-05 13:44:00,7,2043.95,25,5,5,4,14,Champions
17091,United Kingdom,2011-12-07 10:43:00,9,3827.76,23,5,5,5,15,Champions
17092,United Kingdom,2011-10-20 19:51:00,4,1777.78,71,3,4,4,11,Loyal Customers
17094,United Kingdom,2011-01-21 13:09:00,1,302.0,343,1,2,2,5,Hibernating
17095,United Kingdom,2011-11-17 12:21:00,3,1324.16,43,4,4,4,12,Champions
17096,United Kingdom,2011-11-24 15:01:00,4,1022.13,36,4,4,4,12,Champions
17097,Spain,2011-12-07 17:05:00,8,954.42,23,5,5,4,14,Champions
17100,United Kingdom,2011-11-21 16:36:00,2,971.74,39,4,3,4,11,Loyal Customers
17101,United Kingdom,2011-11-29 13:57:00,4,1621.73,31,5,4,4,13,Champions
17102,United Kingdom,2011-03-23 10:08:00,1,25.5,282,1,2,1,4,Hibernating
17105,United Kingdom,2011-07-03 15:53:00,2,665.78,180,2,3,3,8,At Risk
17107,United Kingdom,2011-11-06 14:14:00,6,10815.43,54,3,5,5,13,Loyal Customers
17109,United Kingdom,2011-11-10 16:59:00,6,885.04,50,4,5,3,12,Loyal Customers
17110,United Kingdom,2011-06-27 12:58:00,1,163.3,186,2,2,1,5,Hibernating
17111,United Kingdom,2011-10-23 15:59:00,1,248.61,68,3,2,1,6,Needs Attention
17114,United Kingdom,2011-12-04 12:17:00,8,808.62,26,5,5,3,13,Loyal Customers
17115,United Kingdom,2011-12-01 14:30:00,3,837.5,29,5,4,3,12,Loyal Customers
17117,United Kingdom,2011-02-24 13:54:00,1,116.2,309,1,2,1,4,Hibernating
17118,United Kingdom,2011-01-26 12:19:00,1,157.02,338,1,2,1,4,Hibernating
17119,United Kingdom,2011-12-06 14:40:00,2,606.91,24,5,3,3,11,Loyal Customers
17120,United Kingdom,2011-04-20 15:21:00,1,307.46,254,1,2,2,5,Hibernating
17122,United Kingdom,2011-08-12 14:33:00,1,138.32,140,2,2,1,5,Hibernating
17123,United Kingdom,2011-07-01 10:47:00,1,345.3,182,2,2,2,6,Hibernating
17124,United Kingdom,2011-06-07 14:02:00,1,298.89,206,1,2,2,5,Hibernating
17125,United Kingdom,2011-10-20 14:41:00,1,259.35,71,3,2,2,7,Needs Attention
17126,United Kingdom,2011-07-10 13:52:00,5,1004.75,173,2,4,4,10,At Risk
17128,United Kingdom,2011-01-09 12:02:00,1,157.09,355,1,2,1,4,Hibernating
17131,United Kingdom,2011-12-04 12:52:00,5,2463.17,26,5,4,5,14,Champions
17133,United Kingdom,2011-11-24 12:27:00,7,4892.24,36,4,5,5,14,Champions
17134,United Kingdom,2011-08-25 09:53:00,2,425.0,127,2,3,2,7,At Risk
17135,United Kingdom,2011-11-23 16:48:00,7,1139.73,37,4,5,4,13,Champions
17138,United Kingdom,2011-03-09 11:54:00,1,380.5,296,1,2,2,5,Hibernating
17139,United Kingdom,2011-11-24 10:12:00,12,10668.47,36,4,5,5,14,Champions
17140,United Kingdom,2011-04-06 13:33:00,1,465.32,268,1,2,2,5,Hibernating
17142,United Kingdom,2011-04-14 18:22:00,1,579.0,260,1,2,3,6,Hibernating
17144,United Kingdom,2011-12-08 17:57:00,2,984.57,22,5,3,4,12,Loyal Customers
17146,United Kingdom,2011-08-26 12:44:00,3,749.78,126,2,4,3,9,At Risk
17147,United Kingdom,2011-11-17 12:32:00,4,1714.59,43,4,4,4,12,Champions
17148,United Kingdom,2011-10-19 09:59:00,1,124.88,72,3,2,1,6,Needs Attention
17152,United Kingdom,2011-05-29 12:19:00,3,1689.5,215,1,4,4,9,At Risk
17153,United Kingdom,2011-11-15 13:42:00,1,213.78,45,4,2,1,7,New Customers
17154,United Kingdom,2011-09-25 13:42:00,1,329.34,96,2,2,2,6,Hibernating
17155,United Kingdom,2011-11-22 12:38:00,2,251.7,38,4,3,2,9,Loyal Customers
17157,United Kingdom,2011-12-02 09:10:00,2,319.0,28,5,3,2,10,Loyal Customers
17158,United Kingdom,2011-11-07 15:15:00,3,1266.97,53,4,4,4,12,Champions
17159,United Kingdom,2011-11-18 10:52:00,3,1538.88,42,4,4,4,12,Champions
17160,United Kingdom,2011-11-08 14:05:00,6,3518.03,52,4,5,5,14,Champions
17162,United Kingdom,2011-11-11 11:34:00,10,1715.46,49,4,5,4,13,Champions
17163,United Kingdom,2011-11-18 08:57:00,2,293.1,42,4,3,2,9,Loyal Customers
17164,United Kingdom,2011-11-07 09:14:00,7,2467.35,53,4,5,5,14,Champions
17165,United Kingdom,2011-02-28 16:39:00,1,158.68,305,1,2,1,4,Hibernating
17166,United Kingdom,2011-11-01 09:46:00,2,206.34,59,3,3,1,7,Loyal Customers
17169,United Kingdom,2011-10-13 10:25:00,2,835.78,78,3,3,3,9,Loyal Customers
17171,United Kingdom,2011-02-23 16:37:00,1,224.91,310,1,2,1,4,Hibernating
17172,United Kingdom,2011-09-22 09:36:00,1,317.76,99,2,2,2,6,Hibernating
17173,United Kingdom,2011-12-04 14:40:00,8,3766.6,26,5,5,5,15,Champions
17174,United Kingdom,2011-05-06 11:47:00,1,59.9,238,1,2,1,4,Hibernating
17175,United Kingdom,2011-10-26 15:31:00,4,1443.69,65,3,4,4,11,Loyal Customers
17176,United Kingdom,2011-05-22 12:41:00,1,306.13,222,1,2,2,5,Hibernating
17179,United Kingdom,2011-06-14 16:48:00,3,711.79,199,2,4,3,9,At Risk
17180,United Kingdom,2011-10-14 15:46:00,4,796.03,77,3,4,3,10,Loyal Customers
17181,United Kingdom,2011-10-13 14:48:00,2,239.92,78,3,3,1,7,Loyal Customers
17183,United Kingdom,2011-12-02 10:07:00,6,3347.31,28,5,5,5,15,Champions
17186,United Kingdom,2011-10-24 10:20:00,2,144.0,67,3,3,1,7,Loyal Customers
17187,United Kingdom,2011-04-27 12:39:00,1,203.95,247,1,2,1,4,Hibernating
17188,United Kingdom,2011-11-28 13:53:00,7,2474.23,32,5,5,5,15,Champions
17189,United Kingdom,2011-08-25 19:39:00,2,384.4,127,2,3,2,7,At Risk
17190,United Kingdom,2011-10-12 11:33:00,2,444.74,79,3,3,2,8,Loyal Customers
17191,United Kingdom,2011-11-11 16:58:00,7,2095.13,49,4,5,5,14,Champions
17193,United Kingdom,2011-11-04 12:47:00,7,1699.3,56,3,5,4,12,Loyal Customers
17194,United Kingdom,2011-03-11 12:05:00,2,262.62,294,1,3,2,6,At Risk
17197,United Kingdom,2011-11-10 10:32:00,1,1013.01,50,4,2,4,10,New Customers
17198,United Kingdom,2011-11-16 10:39:00,3,692.22,44,4,4,3,11,Loyal Customers
17201,United Kingdom,2011-10-17 11:55:00,1,342.63,74,3,2,2,7,Needs Attention
17203,United Kingdom,2011-11-04 12:27:00,6,3563.85,56,3,5,5,13,Loyal Customers
17204,United Kingdom,2011-06-17 14:46:00,4,1564.56,196,2,4,4,10,At Risk
17205,United Kingdom,2011-10-17 12:46:00,1,384.08,74,3,2,2,7,Needs Attention
17206,United Kingdom,2011-10-17 13:25:00,1,204.24,74,3,2,1,6,Needs Attention
17211,United Kingdom,2011-11-13 12:03:00,8,2317.22,47,4,5,5,14,Champions
17212,United Kingdom,2011-03-31 19:42:00,1,226.85,274,1,2,1,4,Hibernating
17213,United Kingdom,2011-10-30 14:53:00,7,2781.23,61,3,5,5,13,Loyal Customers
17214,United Kingdom,2011-10-10 13:17:00,6,1069.12,81,3,5,4,12,Loyal Customers
17217,United Kingdom,2011-04-19 17:19:00,1,113.5,255,1,2,1,4,Hibernating
17218,United Kingdom,2011-12-05 13:52:00,10,1960.72,25,5,5,4,14,Champions
17219,United Kingdom,2011-11-08 11:25:00,1,114.23,52,4,2,1,7,New Customers
17220,United Kingdom,2011-11-15 13:47:00,14,3198.25,45,4,5,5,14,Champions
17221,United Kingdom,2011-12-02 13:35:00,2,335.13,28,5,3,2,10,Loyal Customers
17222,United Kingdom,2011-10-05 13:58:00,1,354.15,86,3,2,2,7,Needs Attention
17223,United Kingdom,2011-02-02 15:57:00,2,426.79,331,1,3,2,6,At Risk
17226,United Kingdom,2011-02-04 11:52:00,1,393.49,329,1,2,2,5,Hibernating
17227,United Kingdom,2011-11-21 10:51:00,6,939.32,39,4,5,3,12,Loyal Customers
17228,United Kingdom,2011-11-24 10:24:00,8,1906.09,36,4,5,4,13,Champions
17229,United Kingdom,2011-09-04 13:56:00,2,318.76,117,2,3,2,7,At Risk
17230,United Kingdom,2011-03-20 16:12:00,8,3638.41,285,1,5,5,11,At Risk
17231,United Kingdom,2011-11-27 15:18:00,10,3174.32,33,5,5,5,15,Champions
17232,United Kingdom,2011-12-07 12:21:00,2,421.52,23,5,3,2,10,Loyal Customers
17233,United Kingdom,2011-11-04 14:06:00,1,190.88,56,3,2,1,6,Needs Attention
17234,United Kingdom,2011-06-10 11:20:00,1,149.89,203,1,2,1,4,Hibernating
17235,United Kingdom,2011-11-14 15:51:00,2,550.06,46,4,3,3,10,Loyal Customers
17236,United Kingdom,2011-11-27 12:00:00,6,916.13,33,5,5,3,13,Loyal Customers
17237,United Kingdom,2011-11-28 15:02:00,2,314.69,32,5,3,2,10,Loyal Customers
17238,United Kingdom,2011-12-07 11:35:00,17,3744.65,23,5,5,5,15,Champions
17239,United Kingdom,2011-01-31 09:41:00,1,382.5,333,1,2,2,5,Hibernating
17242,United Kingdom,2011-08-23 14:55:00,2,1135.04,129,2,3,4,9,At Risk
17243,United Kingdom,2011-12-08 13:26:00,26,8676.85,22,5,5,5,15,Champions
17244,United Kingdom,2011-10-17 15:19:00,1,954.9,74,3,2,4,9,Potential Loyalists
17245,United Kingdom,2011-05-19 10:43:00,1,171.45,225,1,2,1,4,Hibernating
17247,United Kingdom,2011-11-24 15:21:00,1,282.19,36,4,2,2,8,New Customers
17248,United Kingdom,2011-08-11 13:34:00,1,318.65,141,2,2,2,6,Hibernating
17250,United Kingdom,2011-12-06 12:15:00,2,384.52,24,5,3,2,10,Loyal Customers
17251,United Kingdom,2010-12-12 11:06:00,1,283.28,383,1,2,2,5,Hibernating
17252,United Kingdom,2011-08-15 09:45:00,2,353.86,137,2,3,2,7,At Risk
17253,United Kingdom,2011-11-21 12:59:00,1,178.26,39,4,2,1,7,New Customers
17254,United Kingdom,2011-12-05 12:46:00,2,272.44,25,5,3,2,10,Loyal Customers
17255,United Kingdom,2011-10-30 12:18:00,2,298.41,61,3,3,2,8,Loyal Customers
17256,United Kingdom,2011-08-24 13:30:00,2,240.0,128,2,3,1,6,At Risk
17259,United Kingdom,2011-07-14 15:01:00,2,603.37,169,2,3,3,8,At Risk
17262,United Kingdom,2011-10-18 12:56:00,5,1253.36,73,3,4,4,11,Loyal Customers
17263,United Kingdom,2011-05-15 14:32:00,1,63.44,229,1,2,1,4,Hibernating
17265,United Kingdom,2011-07-24 10:49:00,2,562.9,159,2,3,3,8,At Risk
17266,United Kingdom,2011-12-07 14:12:00,3,310.64,23,5,4,2,11,Loyal Customers
17267,United Kingdom,2011-08-04 17:22:00,2,317.62,148,2,3,2,7,At Risk
17268,United Kingdom,2011-08-24 10:06:00,4,763.64,128,2,4,3,9,At Risk
17272,United Kingdom,2011-10-28 16:37:00,4,2148.63,63,3,4,5,12,Loyal Customers
17274,United Kingdom,2011-11-04 13:16:00,1,111.98,56,3,2,1,6,Needs Attention
17277,United Kingdom,2011-04-26 12:47:00,2,1065.35,248,1,3,4,8,At Risk
17278,United Kingdom,2011-04-12 13:10:00,1,246.04,262,1,2,1,4,Hibernating
17279,United Kingdom,2011-10-13 11:58:00,1,187.83,78,3,2,1,6,Needs Attention
17282,United Kingdom,2011-08-01 14:29:00,3,1703.41,151,2,4,4,10,At Risk
17284,United Kingdom,2011-10-10 14:38:00,6,1652.58,81,3,5,4,12,Loyal Customers
17286,United Kingdom,2011-11-18 12:47:00,1,153.92,42,4,2,1,7,New Customers
17287,United Kingdom,2011-11-13 13:27:00,7,1064.11,47,4,5,4,13,Champions
17288,United Kingdom,2011-11-30 16:09:00,7,1419.73,30,5,5,4,14,Champions
17289,United Kingdom,2011-11-08 12:01:00,3,944.41,52,4,4,4,12,Champions
17290,United Kingdom,2011-12-06 12:38:00,2,525.24,24,5,3,3,11,Loyal Customers
17291,United Kingdom,2011-02-04 13:04:00,1,550.8,329,1,2,3,6,Hibernating
17293,United Kingdom,2011-12-01 14:37:00,9,1875.11,29,5,5,4,14,Champions
17295,United Kingdom,2011-11-11 10:49:00,3,556.95,49,4,4,3,11,Loyal Customers
17297,United Kingdom,2011-11-22 14:43:00,1,131.78,38,4,2,1,7,New Customers
17298,United Kingdom,2011-08-30 16:43:00,2,498.42,122,2,3,3,8,At Risk
17299,United Kingdom,2011-11-28 12:01:00,4,669.11,32,5,4,3,12,Loyal Customers
17301,United Kingdom,2011-11-18 13:43:00,1,197.63,42,4,2,1,7,New Customers
17302,United Kingdom,2011-11-25 09:36:00,5,1135.63,35,4,4,4,12,Champions
17303,United Kingdom,2010-12-13 13:32:00,1,250.04,382,1,2,1,4,Hibernating
17306,United Kingdom,2011-11-29 12:14:00,19,8631.31,31,5,5,5,15,Champions
17309,United Kingdom,2011-09-05 15:20:00,1,82.75,116,2,2,1,5,Hibernating
17311,United Kingdom,2011-09-22 14:11:00,2,1384.85,99,2,3,4,9,At Risk
17312,United Kingdom,2011-07-24 11:52:00,3,644.3,159,2,4,3,9,At Risk
17313,United Kingdom,2011-11-08 15:45:00,1,2328.84,52,4,2,5,11,New Customers
17314,United Kingdom,2011-11-15 09:41:00,8,2527.92,45,4,5,5,14,Champions
17315,United Kingdom,2011-12-08 12:15:00,38,6292.26,22,5,5,5,15,Champions
17317,United Kingdom,2011-10-24 17:19:00,3,2600.34,67,3,4,5,12,Loyal Customers
17320,United Kingdom,2011-08-31 13:31:00,3,1200.62,121,2,4,4,10,At Risk
17321,United Kingdom,2011-12-01 13:41:00,2,700.86,29,5,3,3,11,Loyal Customers
17323,United Kingdom,2011-11-24 17:29:00,7,921.07,36,4,5,3,12,Loyal Customers
17324,United Kingdom,2011-11-22 10:34:00,4,990.23,38,4,4,4,12,Champions
17325,United Kingdom,2011-03-04 13:09:00,1,96.8,301,1,2,1,4,Hibernating
17329,United Kingdom,2011-11-25 14:24:00,2,523.11,35,4,3,3,10,Loyal Customers
17330,United Kingdom,2011-11-17 08:56:00,2,363.9,43,4,3,2,9,Loyal Customers
17331,United Kingdom,2011-08-08 11:55:00,1,175.2,144,2,2,1,5,Hibernating
17333,United Kingdom,2011-09-15 10:11:00,1,494.25,106,2,2,3,7,Hibernating
17334,United Kingdom,2011-02-10 14:59:00,2,307.02,323,1,3,2,6,At Risk
17337,United Kingdom,2011-07-11 14:55:00,4,2027.87,172,2,4,4,10,At Risk
17338,United Kingdom,2011-11-22 14:23:00,8,6643.93,38,4,5,5,14,Champions
17339,United Kingdom,2011-09-06 13:29:00,2,243.36,115,2,3,1,6,At Risk
17340,United Kingdom,2011-11-10 10:45:00,11,12353.29,50,4,5,5,14,Champions
17341,United Kingdom,2011-07-06 12:33:00,3,781.36,177,2,4,3,9,At Risk
17343,United Kingdom,2010-12-19 15:07:00,1,193.64,376,1,2,1,4,Hibernating
17344,United Kingdom,2011-10-24 12:56:00,1,160.57,67,3,2,1,6,Needs Attention
17345,United Kingdom,2011-11-24 15:03:00,4,537.74,36,4,4,3,11,Loyal Customers
17346,United Kingdom,2011-12-06 12:18:00,15,2676.56,24,5,5,5,15,Champions
17347,United Kingdom,2011-09-14 13:12:00,1,228.96,107,2,2,1,5,Hibernating
17348,United Kingdom,2011-11-25 11:25:00,5,1159.52,35,4,4,4,12,Champions
17349,United Kingdom,2011-06-13 14:29:00,1,110.75,200,2,2,1,5,Hibernating
17350,United Kingdom,2011-12-01 15:47:00,4,1286.07,29,5,4,4,13,Champions
17351,United Kingdom,2011-11-03 18:45:00,3,587.15,57,3,4,3,10,Loyal Customers
17353,United Kingdom,2011-08-02 17:19:00,2,1740.0,150,2,3,4,9,At Risk
17354,United Kingdom,2011-10-20 10:34:00,1,1393.06,71,3,2,4,9,Potential Loyalists
17356,United Kingdom,2011-02-01 11:07:00,1,178.22,332,1,2,1,4,Hibernating
17357,United Kingdom,2011-11-15 16:30:00,2,388.14,45,4,3,2,9,Loyal Customers
17358,United Kingdom,2011-02-09 16:57:00,2,365.85,324,1,3,2,6,At Risk
17359,United Kingdom,2011-11-28 14:37:00,1,127.86,32,5,2,1,8,New Customers
17360,United Kingdom,2011-11-22 13:11:00,3,585.79,38,4,4,3,11,Loyal Customers
17361,United Kingdom,2011-10-21 15:43:00,3,488.2,70,3,4,2,9,Loyal Customers
17362,United Kingdom,2011-04-14 14:43:00,2,312.23,260,1,3,2,6,At Risk
17364,United Kingdom,2011-12-09 09:00:00,11,4481.18,21,5,5,5,15,Champions
17365,United Kingdom,2011-11-27 12:13:00,8,4801.56,33,5,5,5,15,Champions
17367,United Kingdom,2011-04-15 14:21:00,1,168.4,259,1,2,1,4,Hibernating
17368,United Kingdom,2011-11-16 15:26:00,8,1912.67,44,4,5,4,13,Champions
17370,United Kingdom,2011-09-28 10:14:00,4,446.18,93,2,4,2,8,At Risk
17371,United Kingdom,2011-11-22 13:30:00,3,423.89,38,4,4,2,10,Loyal Customers
17372,United Kingdom,2011-10-30 11:37:00,8,1342.68,61,3,5,4,12,Loyal Customers
17373,United Kingdom,2011-10-30 15:28:00,4,646.92,61,3,4,3,10,Loyal Customers
17374,United Kingdom,2011-05-05 09:05:00,2,495.77,239,1,3,3,7,At Risk
17375,United Kingdom,2011-05-24 15:45:00,3,400.1,220,1,4,2,7,At Risk
17376,United Kingdom,2011-09-30 12:36:00,2,203.2,91,3,3,1,7,Loyal Customers
17377,United Kingdom,2011-11-16 11:17:00,20,4100.92,44,4,5,5,14,Champions
17379,United Kingdom,2011-11-28 13:56:00,1,404.66,32,5,2,2,9,New Customers
17381,United Kingdom,2011-12-01 11:59:00,29,20275.61,29,5,5,5,15,Champions
17382,United Kingdom,2011-10-05 13:05:00,1,65.4,86,3,2,1,6,Needs Attention
17383,United Kingdom,2011-12-05 17:36:00,1,199.29,25,5,2,1,8,New Customers
17384,United Kingdom,2011-11-20 15:48:00,2,336.4,40,4,3,2,9,Loyal Customers
17385,United Kingdom,2011-11-25 11:02:00,1,261.11,35,4,2,2,8,New Customers
17386,United Kingdom,2011-12-02 11:28:00,6,2686.42,28,5,5,5,15,Champions
17387,United Kingdom,2011-11-20 11:00:00,2,784.11,40,4,3,3,10,Loyal Customers
17388,United Kingdom,2011-09-23 10:31:00,4,1259.56,98,2,4,4,10,At Risk
17389,United Kingdom,2011-12-09 09:38:00,34,31833.68,21,5,5,5,15,Champions
17391,United Kingdom,2011-06-29 09:58:00,2,508.8,184,2,3,3,8,At Risk
17392,United Kingdom,2011-02-06 12:48:00,2,457.91,327,1,3,2,6,At Risk
17394,United Kingdom,2011-05-04 13:22:00,1,203.87,240,1,2,1,4,Hibernating
17396,United Kingdom,2011-10-31 14:12:00,8,7330.8,60,3,5,5,13,Loyal Customers
17397,United Kingdom,2011-11-17 14:08:00,2,696.41,43,4,3,3,10,Loyal Customers
17398,United Kingdom,2011-08-17 09:48:00,3,653.38,135,2,4,3,9,At Risk
17400,United Kingdom,2011-08-05 15:38:00,5,2129.96,147,2,4,5,11,At Risk
17402,United Kingdom,2011-12-05 10:15:00,13,2633.85,25,5,5,5,15,Champions
17403,United Kingdom,2011-11-03 15:18:00,1,281.62,57,3,2,2,7,Needs Attention
17404,Sweden,2011-12-05 16:26:00,15,31906.82,25,5,5,5,15,Champions
17405,United Kingdom,2011-12-08 17:12:00,3,1031.41,22,5,4,4,13,Champions
17406,United Kingdom,2011-01-10 15:07:00,3,2200.42,354,1,4,5,10,At Risk
17408,United Kingdom,2011-06-29 12:53:00,1,32.65,184,2,2,1,5,Hibernating
17409,United Kingdom,2011-06-08 10:36:00,2,771.85,205,1,3,3,7,At Risk
17410,United Kingdom,2011-11-23 15:46:00,5,1214.72,37,4,4,4,12,Champions
17411,United Kingdom,2011-11-27 14:25:00,3,778.94,33,5,4,3,12,Loyal Customers
17412,United Kingdom,2011-12-07 11:36:00,7,1258.06,23,5,5,4,14,Champions
17414,United Kingdom,2011-10-27 12:13:00,2,778.0,64,3,3,3,9,Loyal Customers
17415,United Kingdom,2011-09-21 12:50:00,1,507.84,100,2,2,3,7,Hibernating
17416,United Kingdom,2011-11-10 12:47:00,7,6893.42,50,4,5,5,14,Champions
17418,United Kingdom,2011-10-28 13:00:00,2,463.46,63,3,3,2,8,Loyal Customers
17419,United Kingdom,2011-11-28 13:47:00,12,4226.57,32,5,5,5,15,Champions
17420,United Kingdom,2011-10-20 14:52:00,3,598.83,71,3,4,3,10,Loyal Customers
17422,United Kingdom,2011-11-23 13:27:00,6,1979.37,37,4,5,4,13,Champions
17423,United Kingdom,2011-10-24 13:36:00,2,698.41,67,3,3,3,9,Loyal Customers
17425,United Kingdom,2011-11-20 15:30:00,2,759.17,40,4,3,3,10,Loyal Customers
17426,United Kingdom,2011-12-01 18:07:00,6,5037.26,29,5,5,5,15,Champions
17427,United Kingdom,2011-09-29 11:29:00,1,100.8,92,3,2,1,6,Needs Attention
17428,United Kingdom,2011-12-09 09:45:00,28,17256.85,21,5,5,5,15,Champions
17429,United Kingdom,2011-08-03 13:22:00,3,524.92,149,2,4,3,9,At Risk
17430,United Kingdom,2011-11-07 09:24:00,2,265.76,53,4,3,2,9,Loyal Customers
17431,United Kingdom,2011-01-30 14:36:00,1,403.3,334,1,2,2,5,Hibernating
17432,United Kingdom,2011-11-21 17:33:00,2,365.76,39,4,3,2,9,Loyal Customers
17433,United Kingdom,2011-09-12 14:24:00,1,303.16,109,2,2,2,6,Hibernating
17434,United Kingdom,2011-12-07 13:16:00,7,2373.82,23,5,5,5,15,Champions
17436,United Kingdom,2011-12-08 12:30:00,2,216.3,22,5,3,1,9,Loyal Customers
17438,United Kingdom,2011-03-31 10:26:00,1,388.45,274,1,2,2,5,Hibernating
17440,United Kingdom,2011-07-06 11:54:00,3,186.42,177,2,4,1,7,At Risk
17442,United Kingdom,2011-11-03 09:17:00,6,2248.56,57,3,5,5,13,Loyal Customers
17443,Canada,2011-05-04 10:47:00,1,534.24,240,1,2,3,6,Hibernating
17444,Canada,2011-07-15 12:05:00,3,2940.04,168,2,4,5,11,At Risk
17446,United Kingdom,2011-06-16 10:42:00,2,120.9,197,2,3,1,6,At Risk
17447,United Kingdom,2011-10-30 14:18:00,2,541.53,61,3,3,3,9,Loyal Customers
17449,United Kingdom,2011-12-07 16:56:00,7,2520.86,23,5,5,5,15,Champions
17450,United Kingdom,2011-12-01 13:29:00,46,194550.79,29,5,5,5,15,Champions
17451,United Kingdom,2011-12-08 15:02:00,7,1721.4,22,5,5,4,14,Champions
17453,United Kingdom,2011-11-22 09:42:00,2,486.72,38,4,3,2,9,Loyal Customers
17454,United Kingdom,2011-05-31 13:58:00,4,517.53,213,1,4,3,8,At Risk
17455,United Kingdom,2011-05-20 12:31:00,1,131.7,224,1,2,1,4,Hibernating
17456,United Kingdom,2010-12-09 15:23:00,1,249.86,386,1,2,1,4,Hibernating
17457,United Kingdom,2011-08-05 12:48:00,5,1737.7,147,2,4,4,10,At Risk
17458,United Kingdom,2011-11-24 13:01:00,1,316.5,36,4,2,2,8,New Customers
17459,United Kingdom,2011-10-27 13:25:00,2,657.3,64,3,3,3,9,Loyal Customers
17460,United Kingdom,2011-09-06 15:04:00,6,622.43,115,2,5,3,10,At Risk
17461,United Kingdom,2011-11-17 10:21:00,3,757.46,43,4,4,3,11,Loyal Customers
17462,United Kingdom,2011-10-10 13:56:00,2,675.69,81,3,3,3,9,Loyal Customers
17463,United Kingdom,2011-11-23 13:40:00,5,1896.41,37,4,4,4,12,Champions
17464,United Kingdom,2011-07-04 13:19:00,1,289.96,179,2,2,2,6,Hibernating
17466,United Kingdom,2011-11-29 13:15:00,2,763.28,31,5,3,3,11,Loyal Customers
17468,United Kingdom,2011-11-29 15:33:00,2,137.0,31,5,3,1,9,Loyal Customers
17469,United Kingdom,2011-11-23 13:15:00,5,1870.97,37,4,4,4,12,Champions
17470,United Kingdom,2011-10-26 12:42:00,5,1125.07,65,3,4,4,11,Loyal Customers
17472,United Kingdom,2011-06-01 14:57:00,3,710.29,212,1,4,3,8,At Risk
17475,United Kingdom,2011-09-21 14:55:00,1,194.37,100,2,2,1,5,Hibernating
17480,United Kingdom,2011-09-23 11:39:00,1,511.82,98,2,2,3,7,Hibernating
17481,United Kingdom,2011-12-06 12:28:00,4,1255.59,24,5,4,4,13,Champions
17483,United Kingdom,2011-10-05 13:10:00,3,414.04,86,3,4,2,9,Loyal Customers
17486,United Kingdom,2011-03-23 14:00:00,1,396.87,282,1,2,2,5,Hibernating
17489,United Kingdom,2011-10-12 08:56:00,2,376.64,79,3,3,2,8,Loyal Customers
17490,United Kingdom,2011-12-09 09:08:00,7,2092.32,21,5,5,5,15,Champions
17491,United Kingdom,2011-12-08 16:18:00,10,3558.87,22,5,5,5,15,Champions
17492,United Kingdom,2011-04-05 15:21:00,1,374.57,269,1,2,2,5,Hibernating
17495,United Kingdom,2011-12-02 12:08:00,2,497.56,28,5,3,3,11,Loyal Customers
17496,United Kingdom,2010-12-16 08:39:00,1,271.05,379,1,2,2,5,Hibernating
17498,United Kingdom,2011-09-25 12:25:00,1,272.22,96,2,2,2,6,Hibernating
17499,United Kingdom,2011-02-23 09:14:00,1,622.88,310,1,2,3,6,Hibernating
17500,United Kingdom,2011-11-22 14:25:00,3,1138.0,38,4,4,4,12,Champions
17501,United Kingdom,2011-05-03 09:47:00,2,288.6,241,1,3,2,6,At Risk
17502,United Kingdom,2011-11-30 13:13:00,4,689.1,30,5,4,3,12,Loyal Customers
17503,United Kingdom,2011-12-07 09:18:00,2,558.96,23,5,3,3,11,Loyal Customers
17504,United Kingdom,2011-05-17 12:59:00,9,2997.03,227,1,5,5,11,At Risk
17505,United Kingdom,2011-07-01 12:50:00,2,1145.84,182,2,3,4,9,At Risk
17506,United Kingdom,2011-09-25 11:39:00,1,302.2,96,2,2,2,6,Hibernating
17507,United Kingdom,2011-03-23 11:48:00,2,605.58,282,1,3,3,7,At Risk
17508,Greece,2011-03-04 08:10:00,1,387.31,301,1,2,2,5,Hibernating
17509,United Kingdom,2011-10-13 10:26:00,8,6115.14,78,3,5,5,13,Loyal Customers
17510,United Kingdom,2011-11-15 10:00:00,1,308.48,45,4,2,2,8,New Customers
17511,United Kingdom,2011-12-07 10:12:00,31,91062.38,23,5,5,5,15,Champions
17512,United Kingdom,2011-11-11 12:11:00,10,2924.99,49,4,5,5,14,Champions
17513,United Kingdom,2011-09-28 16:42:00,1,513.2,93,2,2,3,7,Hibernating
17514,United Kingdom,2011-08-03 15:45:00,1,208.65,149,2,2,1,5,Hibernating
17515,United Kingdom,2011-11-08 14:04:00,4,639.02,52,4,4,3,11,Loyal Customers
17516,United Kingdom,2011-11-24 16:51:00,5,768.08,36,4,4,3,11,Loyal Customers
17517,United Kingdom,2011-02-04 11:48:00,1,153.94,329,1,2,1,4,Hibernating
17519,United Kingdom,2011-11-22 16:43:00,6,1844.02,38,4,5,4,13,Champions
17520,United Kingdom,2011-10-17 12:04:00,1,546.81,74,3,2,3,8,Potential Loyalists
17521,United Kingdom,2011-11-10 11:22:00,3,723.21,50,4,4,3,11,Loyal Customers
17522,United Kingdom,2011-12-08 12:31:00,5,1070.71,22,5,4,4,13,Champions
17523,United Kingdom,2011-11-28 13:20:00,4,652.74,32,5,4,3,12,Loyal Customers
17524,United Kingdom,2010-12-13 14:32:00,1,145.0,382,1,2,1,4,Hibernating
17525,United Kingdom,2010-12-15 12:05:00,1,422.7,380,1,2,2,5,Hibernating
17526,United Kingdom,2011-12-05 11:05:00,4,1195.9,25,5,4,4,13,Champions
17527,United Kingdom,2011-10-17 12:32:00,4,939.37,74,3,4,3,10,Loyal Customers
17528,United Kingdom,2011-12-08 13:27:00,8,3628.5,22,5,5,5,15,Champions
17530,United Kingdom,2011-12-08 18:42:00,10,2385.0,22,5,5,5,15,Champions
17531,United Kingdom,2011-06-02 19:17:00,1,296.7,211,1,2,2,5,Hibernating
17534,United Kingdom,2011-10-17 12:47:00,1,223.36,74,3,2,1,6,Needs Attention
17535,United Kingdom,2011-03-04 15:20:00,1,164.4,301,1,2,1,4,Hibernating
17536,United Kingdom,2011-06-15 13:23:00,1,76.5,198,2,2,1,5,Hibernating
17537,United Kingdom,2011-11-10 10:56:00,2,897.62,50,4,3,3,10,Loyal Customers
17538,United Kingdom,2011-11-14 12:12:00,1,98.42,46,4,2,1,7,New Customers
17540,United Kingdom,2011-11-15 11:56:00,2,578.9,45,4,3,3,10,Loyal Customers
17542,United Kingdom,2011-03-15 11:45:00,1,170.75,290,1,2,1,4,Hibernating
17545,United Kingdom,2011-10-27 14:04:00,3,645.96,64,3,4,3,10,Loyal Customers
17548,United Kingdom,2011-04-20 12:01:00,1,103.3,254,1,2,1,4,Hibernating
17549,United Kingdom,2011-11-16 09:59:00,2,148.86,44,4,3,1,8,Loyal Customers
17550,United Kingdom,2011-05-26 14:09:00,3,267.16,218,1,4,2,7,At Risk
17551,United Kingdom,2010-12-15 14:12:00,1,306.84,380,1,2,2,5,Hibernating
17552,United Kingdom,2011-10-10 17:00:00,4,930.41,81,3,4,3,10,Loyal Customers
17553,United Kingdom,2011-08-02 10:00:00,1,1487.6,150,2,2,4,8,Hibernating
17554,United Kingdom,2011-12-08 14:15:00,5,1952.45,22,5,4,4,13,Champions
17555,United Kingdom,2011-11-20 12:22:00,2,483.26,40,4,3,2,9,Loyal Customers
17556,United Kingdom,2011-05-18 10:48:00,1,157.9,226,1,2,1,4,Hibernating
17557,United Kingdom,2011-11-25 12:57:00,3,541.46,35,4,4,3,11,Loyal Customers
17560,United Kingdom,2011-09-06 09:18:00,4,854.95,115,2,4,3,9,At Risk
17561,United Kingdom,2011-11-20 12:53:00,1,167.62,40,4,2,1,7,New Customers
17562,United Kingdom,2011-11-25 14:21:00,7,1122.38,35,4,5,4,13,Champions
17564,United Kingdom,2011-11-15 13:27:00,3,454.01,45,4,4,2,10,Loyal Customers
17566,United Kingdom,2011-12-01 19:54:00,2,901.21,29,5,3,3,11,Loyal Customers
17567,United Kingdom,2011-12-02 15:48:00,8,4331.48,28,5,5,5,15,Champions
17569,United Kingdom,2011-01-11 14:15:00,1,344.14,353,1,2,2,5,Hibernating
17571,United Kingdom,2011-10-20 15:57:00,4,1498.51,71,3,4,4,11,Loyal Customers
17572,United Kingdom,2011-09-29 17:53:00,4,226.75,92,3,4,1,8,Loyal Customers
17573,United Kingdom,2011-11-10 13:01:00,3,380.6,50,4,4,2,10,Loyal Customers
17574,United Kingdom,2011-04-11 09:47:00,1,185.65,263,1,2,1,4,Hibernating
17576,United Kingdom,2011-12-01 17:56:00,19,3622.68,29,5,5,5,15,Champions
17578,United Kingdom,2011-05-05 18:38:00,1,143.46,239,1,2,1,4,Hibernating
17579,United Kingdom,2011-12-05 12:28:00,3,448.9,25,5,4,2,11,Loyal Customers
17580,United Kingdom,2011-04-01 12:41:00,3,215.72,273,1,4,1,6,At Risk
17581,United Kingdom,2011-12-09 12:21:00,25,11045.04,21,5,5,5,15,Champions
17582,United Kingdom,2011-04-17 13:18:00,1,175.27,257,1,2,1,4,Hibernating
17584,United Kingdom,2011-12-02 17:12:00,2,1242.3,28,5,3,4,12,Loyal Customers
17585,United Kingdom,2011-08-22 13:30:00,4,1133.07,130,2,4,4,10,At Risk
17588,United Kingdom,2011-08-31 13:37:00,3,1240.2,121,2,4,4,10,At Risk
17589,United Kingdom,2011-10-10 16:58:00,4,2404.17,81,3,4,5,12,Loyal Customers
17590,United Kingdom,2011-12-07 12:55:00,3,1479.22,23,5,4,4,13,Champions
17591,United Kingdom,2011-09-27 13:42:00,7,2225.97,94,2,5,5,12,At Risk
17593,United Kingdom,2011-12-06 10:30:00,5,3927.34,24,5,4,5,14,Champions
17594,United Kingdom,2011-09-15 16:34:00,2,993.18,106,2,3,4,9,At Risk
17595,United Kingdom,2011-11-27 16:08:00,2,388.79,33,5,3,2,10,Loyal Customers
17596,United Kingdom,2011-11-16 14:11:00,7,2827.93,44,4,5,5,14,Champions
17597,United Kingdom,2011-05-10 11:54:00,1,2044.37,234,1,2,4,7,Hibernating
17600,United Kingdom,2011-11-22 09:43:00,1,161.67,38,4,2,1,7,New Customers
17601,United Kingdom,2011-04-14 18:02:00,1,116.01,260,1,2,1,4,Hibernating
17602,United Kingdom,2011-12-07 13:53:00,6,5102.97,23,5,5,5,15,Champions
17603,United Kingdom,2011-09-22 14:18:00,1,394.72,99,2,2,2,6,Hibernating
17604,United Kingdom,2011-05-06 13:43:00,2,309.36,238,1,3,2,6,At Risk
17608,United Kingdom,2011-11-06 13:06:00,2,193.42,54,3,3,1,7,Loyal Customers
17609,United Kingdom,2011-10-30 12:28:00,5,1112.22,61,3,4,4,11,Loyal Customers
17611,United Kingdom,2011-12-02 13:29:00,15,3984.22,28,5,5,5,15,Champions
17612,United Kingdom,2011-10-17 14:59:00,6,2048.45,74,3,5,4,12,Loyal Customers
17613,United Kingdom,2011-11-17 10:51:00,14,4559.15,43,4,5,5,14,Champions
17614,United Kingdom,2011-10-13 16:01:00,1,390.07,78,3,2,2,7,Needs Attention
17615,United Kingdom,2011-08-01 14:06:00,3,329.6,151,2,4,2,8,At Risk
17616,United Kingdom,2011-06-19 10:11:00,3,571.2,194,2,4,3,9,At Risk
17618,United Kingdom,2011-12-04 11:50:00,3,971.58,26,5,4,4,13,Champions
17619,United Kingdom,2011-01-31 14:18:00,1,218.52,333,1,2,1,4,Hibernating
17620,United Kingdom,2011-10-11 12:08:00,1,81.44,80,3,2,1,6,Needs Attention
17621,United Kingdom,2011-11-18 17:11:00,3,1379.9,42,4,4,4,12,Champions
17623,United Kingdom,2011-11-07 11:32:00,1,527.05,53,4,2,3,9,New Customers
17624,United Kingdom,2011-11-25 10:52:00,2,843.48,35,4,3,3,10,Loyal Customers
17625,United Kingdom,2011-11-21 13:36:00,4,2047.0,39,4,4,4,12,Champions
17628,United Kingdom,2011-09-19 15:21:00,1,75.75,102,2,2,1,5,Hibernating
17629,United Kingdom,2011-12-04 10:56:00,8,1814.12,26,5,5,4,14,Champions
17630,United Kingdom,2011-06-23 11:58:00,2,503.6,190,2,3,3,8,At Risk
17631,United Kingdom,2011-12-08 09:47:00,3,528.33,22,5,4,3,12,Loyal Customers
17633,United Kingdom,2011-11-08 13:25:00,4,1324.84,52,4,4,4,12,Champions
17634,United Kingdom,2011-11-03 13:09:00,9,2361.97,57,3,5,5,13,Loyal Customers
17636,United Kingdom,2011-11-20 14:40:00,1,285.56,40,4,2,2,8,New Customers
17637,United Kingdom,2011-11-08 12:51:00,2,547.06,52,4,3,3,10,Loyal Customers
17639,United Kingdom,2011-03-08 15:22:00,1,108.5,297,1,2,1,4,Hibernating
17640,United Kingdom,2011-09-14 09:13:00,1,621.66,107,2,2,3,7,Hibernating
17642,United Kingdom,2011-08-12 09:11:00,2,712.29,140,2,3,3,8,At Risk
17643,United Kingdom,2010-12-01 14:38:00,1,101.55,394,1,2,1,4,Hibernating
17644,United Kingdom,2011-12-08 13:43:00,11,2895.64,22,5,5,5,15,Champions
17646,United Kingdom,2011-05-04 13:17:00,3,1008.39,240,1,4,4,9,At Risk
17647,United Kingdom,2011-10-05 15:38:00,1,133.06,86,3,2,1,6,Needs Attention
17648,United Kingdom,2011-10-10 09:41:00,4,1797.5,81,3,4,4,11,Loyal Customers
17649,United Kingdom,2011-07-24 15:53:00,1,868.49,159,2,2,3,7,Hibernating
17650,United Kingdom,2011-11-18 14:52:00,1,166.08,42,4,2,1,7,New Customers
17651,United Kingdom,2011-11-28 10:29:00,10,3945.0,32,5,5,5,15,Champions
17652,United Kingdom,2011-11-14 12:55:00,12,4867.72,46,4,5,5,14,Champions
17653,United Kingdom,2011-11-03 12:46:00,4,1207.56,57,3,4,4,11,Loyal Customers
17654,United Kingdom,2011-03-07 13:17:00,1,117.55,298,1,2,1,4,Hibernating
17655,United Kingdom,2011-11-29 11:34:00,7,2638.94,31,5,5,5,15,Champions
17656,United Kingdom,2011-09-27 13:04:00,5,1674.69,94,2,4,4,10,At Risk
17658,United Kingdom,2011-11-14 12:07:00,2,595.42,46,4,3,3,10,Loyal Customers
17659,United Kingdom,2011-11-22 13:29:00,12,2999.46,38,4,5,5,14,Champions
17660,United Kingdom,2011-07-21 13:37:00,1,196.0,162,2,2,1,5,Hibernating
17663,United Kingdom,2011-11-14 08:56:00,7,1802.91,46,4,5,4,13,Champions
17664,United Kingdom,2011-11-21 11:29:00,2,604.64,39,4,3,3,10,Loyal Customers
17666,United Kingdom,2011-12-06 09:06:00,2,728.16,24,5,3,3,11,Loyal Customers
17667,United Kingdom,2011-10-04 14:32:00,5,2055.51,87,3,4,4,11,Loyal Customers
17668,United Kingdom,2011-12-08 13:25:00,2,347.75,22,5,3,2,10,Loyal Customers
17669,United Kingdom,2011-10-28 08:53:00,7,3406.72,63,3,5,5,13,Loyal Customers
17670,United Kingdom,2011-04-26 09:12:00,1,205.7,248,1,2,1,4,Hibernating
17671,United Kingdom,2011-11-24 12:21:00,4,1572.71,36,4,4,4,12,Champions
17672,United Kingdom,2011-10-20 14:18:00,2,3178.17,71,3,3,5,11,Loyal Customers
17673,United Kingdom,2011-12-08 12:50:00,6,1629.12,22,5,5,4,14,Champions
17674,United Kingdom,2011-09-26 13:35:00,2,551.04,95,2,3,3,8,At Risk
17675,United Kingdom,2011-12-08 18:03:00,31,20374.28,22,5,5,5,15,Champions
17676,United Kingdom,2011-12-05 15:16:00,6,1387.68,25,5,5,4,14,Champions
17677,United Kingdom,2011-12-08 09:56:00,30,16363.23,22,5,5,5,15,Champions
17678,United Kingdom,2011-03-21 11:52:00,1,298.11,284,1,2,2,5,Hibernating
17679,United Kingdom,2011-10-18 07:43:00,2,1992.11,73,3,3,4,10,Loyal Customers
17680,United Kingdom,2011-11-16 12:42:00,1,184.4,44,4,2,1,7,New Customers
17682,United Kingdom,2011-11-29 15:59:00,6,2474.33,31,5,5,5,15,Champions
17684,United Kingdom,2011-10-27 11:10:00,1,239.41,64,3,2,1,6,Needs Attention
17685,United Kingdom,2011-11-23 11:36:00,7,3191.53,37,4,5,5,14,Champions
17686,United Kingdom,2011-12-02 15:39:00,7,5739.46,28,5,5,5,15,Champions
17690,United Kingdom,2011-11-09 15:17:00,15,4757.95,51,4,5,5,14,Champions
17691,United Kingdom,2010-12-16 17:20:00,2,290.4,379,1,3,2,6,At Risk
17692,United Kingdom,2011-08-04 14:01:00,4,740.94,148,2,4,3,9,At Risk
17693,United Kingdom,2011-07-25 15:48:00,1,200.47,158,2,2,1,5,Hibernating
17694,United Kingdom,2011-07-21 12:00:00,1,283.12,162,2,2,2,6,Hibernating
17695,United Kingdom,2011-07-31 10:40:00,2,765.34,152,2,3,3,8,At Risk
17696,United Kingdom,2011-11-01 13:43:00,8,2285.71,59,3,5,5,13,Loyal Customers
17697,United Kingdom,2011-04-17 15:40:00,1,338.95,257,1,2,2,5,Hibernating
17698,United Kingdom,2011-03-24 11:34:00,1,154.95,281,1,2,1,4,Hibernating
17700,United Kingdom,2011-11-23 11:51:00,4,2534.64,37,4,4,5,13,Champions
17701,United Kingdom,2011-04-01 12:25:00,1,417.95,273,1,2,2,5,Hibernating
17702,United Kingdom,2011-11-09 16:03:00,4,1824.37,51,4,4,4,12,Champions
17703,United Kingdom,2011-11-04 15:51:00,3,798.74,56,3,4,3,10,Loyal Customers
17704,United Kingdom,2011-06-24 09:40:00,2,885.19,189,2,3,3,8,At Risk
17705,United Kingdom,2011-12-06 13:45:00,9,1823.52,24,5,5,4,14,Champions
17706,United Kingdom,2011-12-05 13:34:00,17,10504.49,25,5,5,5,15,Champions
17707,United Kingdom,2011-06-07 15:03:00,2,152.4,206,1,3,1,5,At Risk
17708,United Kingdom,2011-06-05 10:12:00,2,267.08,208,1,3,2,6,At Risk
17709,United Kingdom,2011-06-23 11:55:00,1,137.45,190,2,2,1,5,Hibernating
17711,United Kingdom,2011-11-29 11:40:00,2,385.1,31,5,3,2,10,Loyal Customers
17712,United Kingdom,2011-10-26 12:28:00,1,522.91,65,3,2,3,8,Potential Loyalists
17714,United Kingdom,2011-01-23 10:32:00,1,153.0,341,1,2,1,4,Hibernating
17715,United Kingdom,2011-05-23 12:32:00,1,326.4,221,1,2,2,5,Hibernating
17716,United Kingdom,2011-11-17 12:00:00,11,5655.99,43,4,5,5,14,Champions
17718,United Kingdom,2011-04-21 13:39:00,1,139.35,253,1,2,1,4,Hibernating
17719,United Kingdom,2011-11-02 10:36:00,15,5396.04,58,3,5,5,13,Loyal Customers
17720,United Kingdom,2011-11-13 15:04:00,4,1195.94,47,4,4,4,12,Champions
17722,United Kingdom,2011-09-04 15:22:00,4,2424.04,117,2,4,5,11,At Risk
17723,United Kingdom,2011-08-04 18:37:00,6,3276.4,148,2,5,5,12,At Risk
17724,United Kingdom,2011-09-29 15:26:00,3,1033.0,92,3,4,4,11,Loyal Customers
17725,United Kingdom,2011-11-23 16:34:00,11,3439.08,37,4,5,5,14,Champions
17727,United Kingdom,2011-11-24 17:06:00,1,1060.25,36,4,2,4,10,New Customers
17728,United Kingdom,2011-12-06 08:52:00,3,2876.01,24,5,4,5,14,Champions
17730,United Kingdom,2011-12-06 15:43:00,13,5298.48,24,5,5,5,15,Champions
17731,United Kingdom,2011-09-21 15:02:00,4,1240.11,100,2,4,4,10,At Risk
17732,United Kingdom,2010-12-02 09:29:00,1,303.97,393,1,2,2,5,Hibernating
17733,United Kingdom,2011-11-01 08:16:00,2,692.19,59,3,3,3,9,Loyal Customers
17734,United Kingdom,2011-10-17 12:33:00,3,700.63,74,3,4,3,10,Loyal Customers
17735,United Kingdom,2011-12-07 16:47:00,19,13110.02,23,5,5,5,15,Champions
17736,United Kingdom,2011-11-30 15:36:00,3,377.44,30,5,4,2,11,Loyal Customers
17737,United Kingdom,2011-11-30 15:16:00,2,168.24,30,5,3,1,9,Loyal Customers
17738,United Kingdom,2011-11-20 15:05:00,4,1879.05,40,4,4,4,12,Champions
17739,United Kingdom,2011-11-28 09:12:00,7,2791.35,32,5,5,5,15,Champions
17742,United Kingdom,2011-08-18 15:28:00,2,355.11,134,2,3,2,7,At Risk
17744,United Kingdom,2011-12-06 12:11:00,6,2322.4,24,5,5,5,15,Champions
17746,United Kingdom,2011-04-13 14:31:00,1,110.25,261,1,2,1,4,Hibernating
17747,United Kingdom,2011-08-19 08:13:00,1,71.4,133,2,2,1,5,Hibernating
17749,United Kingdom,2011-06-14 15:45:00,2,674.52,199,2,3,3,8,At Risk
17750,United Kingdom,2011-12-04 14:09:00,9,1797.57,26,5,5,4,14,Champions
17752,United Kingdom,2010-12-15 16:19:00,1,80.64,380,1,2,1,4,Hibernating
17754,United Kingdom,2011-12-09 11:20:00,5,1772.26,21,5,4,4,13,Champions
17757,United Kingdom,2011-12-08 15:31:00,30,5605.29,22,5,5,5,15,Champions
17758,United Kingdom,2011-11-20 14:45:00,8,3456.7,40,4,5,5,14,Champions
17759,United Kingdom,2011-11-22 16:02:00,3,834.99,38,4,4,3,11,Loyal Customers
17760,United Kingdom,2011-11-18 10:56:00,2,287.59,42,4,3,2,9,Loyal Customers
17761,United Kingdom,2011-11-07 10:23:00,1,712.78,53,4,2,3,9,New Customers
17763,United Kingdom,2011-03-21 14:25:00,1,15.0,284,1,2,1,4,Hibernating
17764,United Kingdom,2011-10-20 11:03:00,2,818.82,71,3,3,3,9,Loyal Customers
17765,United Kingdom,2011-07-04 12:41:00,3,371.88,179,2,4,2,8,At Risk
17767,United Kingdom,2011-11-24 14:42:00,1,271.2,36,4,2,2,8,New Customers
17768,United Kingdom,2011-12-01 13:22:00,3,2273.18,29,5,4,5,14,Champions
17769,United Kingdom,2011-11-27 11:18:00,10,3997.98,33,5,5,5,15,Champions
17770,United Kingdom,2011-05-25 12:34:00,5,1143.27,219,1,4,4,9,At Risk
17771,United Kingdom,2011-10-14 11:43:00,2,245.81,77,3,3,1,7,Loyal Customers
17772,United Kingdom,2011-11-29 11:05:00,2,182.77,31,5,3,1,9,Loyal Customers
17774,United Kingdom,2011-09-04 12:49:00,4,1225.41,117,2,4,4,10,At Risk
17775,United Kingdom,2011-03-30 10:50:00,1,56.4,275,1,2,1,4,Hibernating
17777,United Kingdom,2011-11-15 12:02:00,3,665.86,45,4,4,3,11,Loyal Customers
17779,United Kingdom,2011-11-18 14:15:00,3,658.57,42,4,4,3,11,Loyal Customers
17781,United Kingdom,2011-07-03 16:00:00,2,188.02,180,2,3,1,6,At Risk
17783,United Kingdom,2011-09-28 16:07:00,2,283.47,93,2,3,2,7,At Risk
17785,United Kingdom,2011-10-17 13:43:00,1,131.94,74,3,2,1,6,Needs Attention
17786,United Kingdom,2011-09-15 12:51:00,2,278.74,106,2,3,2,7,At Risk
17787,United Kingdom,2011-07-10 11:24:00,4,1865.19,173,2,4,4,10,At Risk
17788,United Kingdom,2011-09-27 10:09:00,2,1117.9,94,2,3,4,9,At Risk
17789,United Kingdom,2011-03-03 13:14:00,1,225.9,302,1,2,1,4,Hibernating
17790,United Kingdom,2011-11-13 11:30:00,14,1965.55,47,4,5,4,13,Champions
17791,United Kingdom,2011-11-10 12:09:00,1,106.1,50,4,2,1,7,New Customers
17793,United Kingdom,2011-11-14 14:24:00,1,323.04,46,4,2,2,8,New Customers
17795,United Kingdom,2011-06-13 12:36:00,2,350.39,200,2,3,2,7,At Risk
17796,United Kingdom,2011-10-30 15:38:00,4,697.9,61,3,4,3,10,Loyal Customers
17797,United Kingdom,2011-11-17 13:21:00,3,780.43,43,4,4,3,11,Loyal Customers
17799,United Kingdom,2011-11-17 15:16:00,10,3055.93,43,4,5,5,14,Champions
17800,United Kingdom,2011-11-02 12:57:00,9,1199.01,58,3,5,4,12,Loyal Customers
17802,United Kingdom,2011-09-18 14:56:00,3,1285.04,103,2,4,4,10,At Risk
17805,United Kingdom,2011-09-27 11:49:00,1,512.31,94,2,2,3,7,Hibernating
17806,United Kingdom,2011-11-28 14:12:00,1,546.04,32,5,2,3,10,New Customers
17809,United Kingdom,2011-11-23 12:59:00,12,5411.91,37,4,5,5,14,Champions
17811,United Kingdom,2011-12-05 13:46:00,39,7837.73,25,5,5,5,15,Champions
17812,United Kingdom,2011-11-27 11:47:00,4,732.16,33,5,4,3,12,Loyal Customers
17813,United Kingdom,2011-11-25 16:13:00,5,1770.88,35,4,4,4,12,Champions
17816,United Kingdom,2011-11-03 11:34:00,4,36.56,57,3,4,1,8,Loyal Customers
17817,United Kingdom,2011-12-05 14:39:00,3,387.68,25,5,4,2,11,Loyal Customers
17819,United Kingdom,2011-09-29 10:52:00,7,3704.87,92,3,5,5,13,Loyal Customers
17824,United Kingdom,2011-10-19 14:14:00,1,298.4,72,3,2,2,7,Needs Attention
17827,United Kingdom,2011-12-04 15:00:00,5,1995.46,26,5,4,4,13,Champions
17828,Malta,2011-11-17 08:41:00,4,1820.09,43,4,4,4,12,Champions
17829,United Arab Emirates,2011-02-14 12:46:00,1,889.24,319,1,2,3,6,Hibernating
17830,United Kingdom,2011-12-08 12:28:00,3,398.7,22,5,4,2,11,Loyal Customers
17831,United Kingdom,2011-11-06 15:09:00,1,35.4,54,3,2,1,6,Needs Attention
17832,United Kingdom,2011-10-21 11:43:00,1,155.37,70,3,2,1,6,Needs Attention
17835,United Kingdom,2011-12-07 11:48:00,3,350.64,23,5,4,2,11,Loyal Customers
17836,United Kingdom,2011-10-23 16:13:00,1,110.21,68,3,2,1,6,Needs Attention
17837,United Kingdom,2011-10-28 16:13:00,8,1593.38,63,3,5,4,12,Loyal Customers
17838,United Kingdom,2011-11-13 11:20:00,5,2779.3,47,4,4,5,13,Champions
17839,United Kingdom,2011-10-28 17:27:00,1,338.8,63,3,2,2,7,Needs Attention
17841,United Kingdom,2011-12-08 12:07:00,124,40991.57,22,5,5,5,15,Champions
17843,United Kingdom,2011-02-09 15:33:00,1,205.48,324,1,2,1,4,Hibernating
17844,Canada,2011-08-25 11:27:00,1,51.56,127,2,2,1,5,Hibernating
17846,United Kingdom,2011-09-15 15:20:00,1,2033.1,106,2,2,4,8,Hibernating
17848,United Kingdom,2011-09-19 16:49:00,9,901.2,102,2,5,3,10,At Risk
17849,United Kingdom,2011-05-05 13:46:00,4,605.8,239,1,4,3,8,At Risk
17850,United Kingdom,2010-12-02 15:27:00,34,5391.21,393,1,5,5,11,At Risk
17852,United Kingdom,2011-11-28 12:36:00,2,114.34,32,5,3,1,9,Loyal Customers
17854,United Kingdom,2011-06-07 16:21:00,2,311.26,206,1,3,2,6,At Risk
17855,United Kingdom,2010-12-02 09:44:00,1,208.97,393,1,2,1,4,Hibernating
17856,United Kingdom,2011-12-08 09:40:00,4,1418.03,22,5,4,4,13,Champions
17857,United Kingdom,2011-12-05 13:13:00,23,26879.04,25,5,5,5,15,Champions
17858,United Kingdom,2011-12-04 11:56:00,12,5155.66,26,5,5,5,15,Champions
17859,United Kingdom,2011-02-08 10:32:00,1,148.21,325,1,2,1,4,Hibernating
17860,United Kingdom,2010-12-06 12:41:00,1,252.8,389,1,2,2,5,Hibernating
17861,United Kingdom,2011-12-06 16:21:00,8,2100.8,24,5,5,5,15,Champions
17862,United Kingdom,2011-01-20 12:23:00,1,330.9,344,1,2,2,5,Hibernating
17863,United Kingdom,2011-10-11 13:45:00,6,3160.0,80,3,5,5,13,Loyal Customers
17864,United Kingdom,2011-11-27 11:15:00,3,597.5,33,5,4,3,12,Loyal Customers
17865,United Kingdom,2011-11-09 12:08:00,20,10526.32,51,4,5,5,14,Champions
17866,United Kingdom,2011-07-20 11:07:00,1,329.65,163,2,2,2,6,Hibernating
17867,United Kingdom,2011-11-09 14:15:00,6,1197.1,51,4,5,4,13,Champions
17869,United Kingdom,2011-08-24 16:16:00,5,428.18,128,2,4,2,8,At Risk
17870,United Kingdom,2011-12-07 15:07:00,12,1894.35,23,5,5,4,14,Champions
17871,United Kingdom,2011-05-19 11:32:00,1,155.9,225,1,2,1,4,Hibernating
17873,United Kingdom,2011-09-20 16:41:00,5,1859.16,101,2,4,4,10,At Risk
17874,United Kingdom,2011-06-07 12:54:00,6,683.46,206,1,5,3,9,At Risk
17877,United Kingdom,2011-06-22 13:00:00,1,237.61,191,2,2,1,5,Hibernating
17878,United Kingdom,2011-10-27 11:24:00,1,379.45,64,3,2,2,7,Needs Attention
17879,United Kingdom,2011-06-19 12:36:00,1,178.52,194,2,2,1,5,Hibernating
17880,United Kingdom,2010-12-10 10:21:00,1,458.92,385,1,2,2,5,Hibernating
17881,United Kingdom,2011-02-08 17:16:00,1,133.35,325,1,2,1,4,Hibernating
17883,United Kingdom,2011-12-06 17:49:00,4,671.77,24,5,4,3,12,Loyal Customers
17884,United Kingdom,2011-12-06 11:33:00,4,717.45,24,5,4,3,12,Loyal Customers
17885,United Kingdom,2011-11-27 14:40:00,1,190.19,33,5,2,1,8,New Customers
17886,United Kingdom,2011-11-08 10:09:00,3,899.61,52,4,4,3,11,Loyal Customers
17887,United Kingdom,2011-08-02 17:29:00,1,111.35,150,2,2,1,5,Hibernating
17888,United Kingdom,2011-11-18 13:45:00,8,726.05,42,4,5,3,12,Loyal Customers
17889,United Kingdom,2011-05-11 16:26:00,2,203.87,233,1,3,1,5,At Risk
17890,United Kingdom,2011-01-21 11:19:00,2,602.09,343,1,3,3,7,At Risk
17891,United Kingdom,2011-06-30 20:08:00,1,203.86,183,2,2,1,5,Hibernating
17892,United Kingdom,2011-10-14 16:49:00,3,244.1,77,3,4,1,8,Loyal Customers
17893,United Kingdom,2011-04-28 13:50:00,1,112.25,246,1,2,1,4,Hibernating
17894,United Kingdom,2011-09-29 09:23:00,8,1119.81,92,3,5,4,12,Loyal Customers
17895,United Kingdom,2011-10-26 17:00:00,1,98.0,65,3,2,1,6,Needs Attention
17896,United Kingdom,2011-11-16 13:59:00,1,256.32,44,4,2,2,8,New Customers
17897,United Kingdom,2011-06-20 11:23:00,3,566.6,193,2,4,3,9,At Risk
17898,United Kingdom,2011-09-15 14:56:00,2,152.06,106,2,3,1,6,At Risk
17899,United Kingdom,2011-07-03 14:58:00,1,155.8,180,2,2,1,5,Hibernating
17900,United Kingdom,2011-06-02 14:38:00,2,112.2,211,1,3,1,5,At Risk
17901,United Kingdom,2011-11-10 17:29:00,1,110.38,50,4,2,1,7,New Customers
17904,United Kingdom,2011-11-18 12:57:00,1,191.67,42,4,2,1,7,New Customers
17905,United Kingdom,2011-09-29 17:33:00,4,800.24,92,3,4,3,10,Loyal Customers
17906,United Kingdom,2011-04-06 17:25:00,1,72.9,268,1,2,1,4,Hibernating
17908,United Kingdom,2010-12-01 11:45:00,1,243.28,394,1,2,1,4,Hibernating
17911,United Kingdom,2011-11-30 14:52:00,1,366.23,30,5,2,2,9,New Customers
17912,United Kingdom,2011-02-02 14:25:00,5,311.01,331,1,4,2,7,At Risk
17913,United Kingdom,2011-10-12 10:45:00,2,411.6,79,3,3,2,8,Loyal Customers
17914,United Kingdom,2011-12-06 11:58:00,1,336.43,24,5,2,2,9,New Customers
17917,United Kingdom,2011-10-25 13:20:00,3,341.28,66,3,4,2,9,Loyal Customers
17919,United Kingdom,2011-09-12 13:41:00,1,1304.04,109,2,2,4,8,Hibernating
17920,United Kingdom,2011-12-05 14:29:00,17,4204.1,25,5,5,5,15,Champions
17921,United Kingdom,2011-10-06 18:56:00,4,826.52,85,3,4,3,10,Loyal Customers
17923,United Kingdom,2011-03-02 15:15:00,1,207.5,303,1,2,1,4,Hibernating
17924,United Kingdom,2011-11-28 09:11:00,7,2962.5,32,5,5,5,15,Champions
17925,United Kingdom,2010-12-02 10:10:00,1,244.08,393,1,2,1,4,Hibernating
17926,United Kingdom,2011-07-29 14:39:00,2,397.29,154,2,3,2,7,At Risk
17928,United Kingdom,2011-10-25 13:52:00,2,212.54,66,3,3,1,7,Loyal Customers
17929,United Kingdom,2011-11-28 16:01:00,4,843.0,32,5,4,3,12,Loyal Customers
17930,United Kingdom,2011-11-04 10:23:00,5,1740.48,56,3,4,4,11,Loyal Customers
17931,United Kingdom,2011-07-28 18:33:00,2,408.36,155,2,3,2,7,At Risk
17932,United Kingdom,2011-11-10 19:49:00,3,1331.57,50,4,4,4,12,Champions
17934,United Kingdom,2011-10-19 11:16:00,2,704.25,72,3,3,3,9,Loyal Customers
17935,United Kingdom,2011-07-24 13:18:00,2,145.79,159,2,3,1,6,At Risk
17936,United Kingdom,2011-12-04 13:32:00,1,389.84,26,5,2,2,9,New Customers
17937,United Kingdom,2011-12-01 11:45:00,7,4301.22,29,5,5,5,15,Champions
17939,United Kingdom,2011-07-03 12:27:00,1,99.14,180,2,2,1,5,Hibernating
17940,United Kingdom,2011-10-21 13:27:00,10,4106.44,70,3,5,5,13,Loyal Customers
17941,United Kingdom,2011-08-01 08:30:00,1,304.56,151,2,2,2,6,Hibernating
17942,United Kingdom,2011-12-02 10:45:00,1,77.5,28,5,2,1,8,New Customers
17946,United Kingdom,2011-04-20 17:00:00,2,149.58,254,1,3,1,5,At Risk
17947,United Kingdom,2011-11-02 13:05:00,1,176.68,58,3,2,1,6,Needs Attention
17948,United Kingdom,2011-07-15 12:58:00,1,358.56,168,2,2,2,6,Hibernating
17949,United Kingdom,2011-12-08 18:46:00,45,58510.48,22,5,5,5,15,Champions
17950,United Kingdom,2011-09-28 15:18:00,3,482.2,93,2,4,2,8,At Risk
17951,United Kingdom,2011-10-31 12:30:00,3,1008.54,60,3,4,4,11,Loyal Customers
17954,United Kingdom,2011-12-04 14:15:00,12,2332.72,26,5,5,5,15,Champions
17955,United Kingdom,2011-05-25 12:00:00,4,557.3,219,1,4,3,8,At Risk
17956,United Kingdom,2011-04-04 13:47:00,1,12.75,270,1,2,1,4,Hibernating
17957,United Kingdom,2011-10-04 14:58:00,1,111.68,87,3,2,1,6,Needs Attention
17958,United Kingdom,2011-08-15 12:19:00,1,508.46,137,2,2,3,7,Hibernating
17960,United Kingdom,2011-06-21 14:15:00,1,73.78,192,2,2,1,5,Hibernating
17961,United Kingdom,2011-11-18 16:55:00,39,1296.44,42,4,5,4,13,Champions
17962,United Kingdom,2011-07-20 14:16:00,1,102.83,163,2,2,1,5,Hibernating
17964,United Kingdom,2011-11-08 10:44:00,2,471.7,52,4,3,2,9,Loyal Customers
17965,United Kingdom,2011-11-02 09:31:00,14,2622.57,58,3,5,5,13,Loyal Customers
17966,United Kingdom,2011-11-02 10:26:00,5,1098.43,58,3,4,4,11,Loyal Customers
17967,United Kingdom,2010-12-03 11:19:00,1,123.07,392,1,2,1,4,Hibernating
17968,United Kingdom,2010-12-01 12:23:00,1,277.35,394,1,2,2,5,Hibernating
17969,United Kingdom,2011-06-26 13:00:00,2,228.2,187,2,3,1,6,At Risk
17970,United Kingdom,2011-05-12 20:03:00,1,582.59,232,1,2,3,6,Hibernating
17972,United Kingdom,2011-04-12 12:16:00,1,136.04,262,1,2,1,4,Hibernating
17973,United Kingdom,2011-10-19 10:34:00,1,337.04,72,3,2,2,7,Needs Attention
17974,United Kingdom,2011-11-15 11:37:00,3,740.79,45,4,4,3,11,Loyal Customers
17975,United Kingdom,2011-11-24 13:27:00,13,4488.81,36,4,5,5,14,Champions
17976,United Kingdom,2010-12-02 13:49:00,1,353.19,393,1,2,2,5,Hibernating
17977,United Kingdom,2011-11-10 13:28:00,1,288.14,50,4,2,2,8,New Customers
17978,United Kingdom,2010-12-09 14:05:00,1,300.92,386,1,2,2,5,Hibernating
17979,United Kingdom,2011-11-04 12:05:00,4,757.71,56,3,4,3,10,Loyal Customers
17980,United Kingdom,2011-06-27 12:01:00,3,811.45,186,2,4,3,9,At Risk
17984,United Kingdom,2011-07-17 15:59:00,1,152.68,166,2,2,1,5,Hibernating
17985,United Kingdom,2011-11-17 14:24:00,1,634.95,43,4,2,3,9,New Customers
17986,United Kingdom,2011-10-14 14:22:00,1,20.8,77,3,2,1,6,Needs Attention
17987,United Kingdom,2011-06-07 14:22:00,1,198.57,206,1,2,1,4,Hibernating
17988,United Kingdom,2011-11-28 11:00:00,7,201.12,32,5,5,1,11,Loyal Customers
17990,United Kingdom,2011-04-17 11:44:00,3,630.84,257,1,4,3,8,At Risk
17991,United Kingdom,2011-04-28 15:58:00,2,93.35,246,1,3,1,5,At Risk
17994,United Kingdom,2011-08-10 11:41:00,4,678.49,142,2,4,3,9,At Risk
17995,United Kingdom,2011-03-03 12:30:00,1,76.1,302,1,2,1,4,Hibernating
17997,United Kingdom,2011-09-26 16:13:00,8,1970.67,95,2,5,4,11,At Risk
17999,United Kingdom,2011-11-02 15:56:00,2,382.06,58,3,3,2,8,Loyal Customers
18001,United Kingdom,2011-11-27 16:02:00,2,417.23,33,5,3,2,10,Loyal Customers
18004,United Kingdom,2010-12-12 13:47:00,1,169.47,383,1,2,1,4,Hibernating
18005,United Kingdom,2011-12-06 11:51:00,2,249.72,24,5,3,1,9,Loyal Customers
18006,United Kingdom,2011-11-16 16:52:00,1,444.68,44,4,2,2,8,New Customers
18008,United Kingdom,2011-09-30 15:17:00,9,2116.19,91,3,5,5,13,Loyal Customers
18009,United Kingdom,2011-04-18 13:36:00,1,257.34,256,1,2,2,5,Hibernating
18010,United Kingdom,2011-03-28 12:27:00,1,174.8,277,1,2,1,4,Hibernating
18011,United Kingdom,2010-12-01 17:35:00,1,102.79,394,1,2,1,4,Hibernating
18013,United Kingdom,2011-07-07 14:11:00,2,187.29,176,2,3,1,6,At Risk
18014,United Kingdom,2011-11-11 15:28:00,1,166.42,49,4,2,1,7,New Customers
18015,United Kingdom,2011-12-05 14:49:00,1,120.03,25,5,2,1,8,New Customers
18016,United Kingdom,2011-11-07 13:25:00,5,1483.56,53,4,4,4,12,Champions
18017,United Kingdom,2011-09-19 16:15:00,3,523.0,102,2,4,3,9,At Risk
18018,United Kingdom,2011-08-23 17:37:00,2,122.14,129,2,3,1,6,At Risk
18019,United Kingdom,2011-10-19 12:10:00,1,38.45,72,3,2,1,6,Needs Attention
18022,United Kingdom,2011-11-04 12:45:00,1,668.11,56,3,2,3,8,Potential Loyalists
18024,United Kingdom,2011-07-10 12:40:00,2,389.78,173,2,3,2,7,At Risk
18027,United Kingdom,2011-09-02 10:38:00,1,115.31,119,2,2,1,5,Hibernating
18030,United Kingdom,2011-12-05 16:37:00,2,230.65,25,5,3,1,9,Loyal Customers
18032,United Kingdom,2011-01-09 15:32:00,1,73.5,355,1,2,1,4,Hibernating
18033,United Kingdom,2011-10-05 17:28:00,1,97.97,86,3,2,1,6,Needs Attention
18034,United Kingdom,2011-11-18 12:22:00,2,422.88,42,4,3,2,9,Loyal Customers
18035,United Kingdom,2011-11-04 12:39:00,3,730.4,56,3,4,3,10,Loyal Customers
18036,United Kingdom,2011-11-07 14:40:00,3,405.62,53,4,4,2,10,Loyal Customers
18037,United Kingdom,2011-07-08 13:39:00,6,70.02,175,2,5,1,8,At Risk
18040,United Kingdom,2011-11-20 14:20:00,2,357.2,40,4,3,2,9,Loyal Customers
18041,United Kingdom,2011-11-28 11:39:00,21,4183.39,32,5,5,5,15,Champions
18042,United Kingdom,2011-10-17 11:49:00,1,165.05,74,3,2,1,6,Needs Attention
18043,United Kingdom,2011-11-15 12:48:00,3,559.51,45,4,4,3,11,Loyal Customers
18044,United Kingdom,2011-12-05 14:26:00,10,2088.6,25,5,5,5,15,Champions
18045,United Kingdom,2011-10-25 13:07:00,1,189.4,66,3,2,1,6,Needs Attention
18048,United Kingdom,2011-05-20 14:58:00,2,172.29,224,1,3,1,5,At Risk
18050,United Kingdom,2010-12-15 14:25:00,1,74.4,380,1,2,1,4,Hibernating
18053,United Kingdom,2011-09-30 09:05:00,1,300.02,91,3,2,2,7,Needs Attention
18055,United Kingdom,2011-12-02 14:25:00,10,6784.19,28,5,5,5,15,Champions
18056,United Kingdom,2011-02-24 14:27:00,1,363.65,309,1,2,2,5,Hibernating
18058,United Kingdom,2011-11-30 08:38:00,1,170.16,30,5,2,1,8,New Customers
18059,United Kingdom,2011-11-16 16:49:00,3,306.46,44,4,4,2,10,Loyal Customers
18061,United Kingdom,2011-11-18 11:20:00,10,2119.41,42,4,5,5,14,Champions
18062,United Kingdom,2011-06-19 14:47:00,3,720.52,194,2,4,3,9,At Risk
18064,United Kingdom,2011-07-29 16:39:00,2,814.0,154,2,3,3,8,At Risk
18065,United Kingdom,2011-12-04 10:30:00,14,2392.83,26,5,5,5,15,Champions
18066,United Kingdom,2011-09-25 15:30:00,1,318.0,96,2,2,2,6,Hibernating
18067,United Kingdom,2011-10-30 15:58:00,1,396.33,61,3,2,2,7,Needs Attention
18068,United Kingdom,2011-02-23 14:50:00,1,101.7,310,1,2,1,4,Hibernating
18069,United Kingdom,2011-11-13 16:03:00,5,2036.67,47,4,4,4,12,Champions
18071,United Kingdom,2011-03-27 11:59:00,2,453.0,278,1,3,2,6,At Risk
18072,United Kingdom,2011-06-07 10:44:00,1,247.44,206,1,2,1,4,Hibernating
18073,United Kingdom,2011-08-17 14:02:00,12,3877.52,135,2,5,5,12,At Risk
18074,United Kingdom,2010-12-01 09:53:00,1,489.6,394,1,2,2,5,Hibernating
18075,United Kingdom,2011-11-16 15:21:00,10,2611.75,44,4,5,5,14,Champions
18077,United Kingdom,2011-12-01 13:32:00,11,2633.01,29,5,5,5,15,Champions
18078,United Kingdom,2011-05-06 14:32:00,2,336.13,238,1,3,2,6,At Risk
18079,United Kingdom,2011-10-25 15:27:00,4,3651.97,66,3,4,5,12,Loyal Customers
18080,United Kingdom,2011-11-21 08:02:00,2,1231.5,39,4,3,4,11,Loyal Customers
18081,United Kingdom,2011-11-03 16:30:00,3,343.45,57,3,4,2,9,Loyal Customers
18082,United Kingdom,2011-11-14 12:45:00,1,703.37,46,4,2,3,9,New Customers
18084,United Kingdom,2011-11-23 13:57:00,1,90.48,37,4,2,1,7,New Customers
18085,United Kingdom,2011-01-13 15:17:00,2,689.95,351,1,3,3,7,At Risk
18086,United Kingdom,2011-03-10 13:34:00,1,101.34,295,1,2,1,4,Hibernating
18087,United Kingdom,2011-09-02 15:12:00,2,4055.72,119,2,3,5,10,At Risk
18088,United Kingdom,2011-10-09 13:41:00,1,167.67,82,3,2,1,6,Needs Attention
18092,United Kingdom,2011-12-07 13:14:00,11,9068.26,23,5,5,5,15,Champions
18093,United Kingdom,2011-09-07 15:43:00,4,2106.52,114,2,4,5,11,At Risk
18094,United Kingdom,2011-09-19 09:28:00,7,3017.3,102,2,5,5,12,At Risk
18095,United Kingdom,2011-01-31 12:50:00,2,580.05,333,1,3,3,7,At Risk
18096,United Kingdom,2011-11-28 12:44:00,3,911.15,32,5,4,3,12,Loyal Customers
18097,United Kingdom,2011-12-02 11:16:00,6,2697.8,28,5,5,5,15,Champions
18099,United Kingdom,2011-08-04 15:52:00,1,168.31,148,2,2,1,5,Hibernating
18101,United Kingdom,2011-11-28 13:37:00,2,223.65,32,5,3,1,9,Loyal Customers
18102,United Kingdom,2011-12-09 11:50:00,60,259657.3,21,5,5,5,15,Champions
18104,United Kingdom,2011-11-02 14:07:00,1,754.64,58,3,2,3,8,Potential Loyalists
18105,United Kingdom,2011-11-02 12:04:00,1,113.48,58,3,2,1,6,Needs Attention
18106,United Kingdom,2011-01-14 12:23:00,1,430.7,350,1,2,2,5,Hibernating
18108,United Kingdom,2011-03-30 13:56:00,1,271.0,275,1,2,2,5,Hibernating
18109,United Kingdom,2011-12-08 11:36:00,26,8052.97,22,5,5,5,15,Champions
18110,United Kingdom,2011-11-20 12:34:00,1,236.3,40,4,2,1,7,New Customers
18112,United Kingdom,2011-11-27 14:43:00,2,352.69,33,5,3,2,10,Loyal Customers
18113,United Kingdom,2010-12-06 12:31:00,1,76.32,389,1,2,1,4,Hibernating
18114,United Kingdom,2011-02-22 13:20:00,1,220.1,311,1,2,1,4,Hibernating
18116,United Kingdom,2011-10-03 11:00:00,8,1418.03,88,3,5,4,12,Loyal Customers
18117,United Kingdom,2011-11-14 12:47:00,1,320.72,46,4,2,2,8,New Customers
18118,United Kingdom,2011-11-29 11:32:00,26,5653.82,31,5,5,5,15,Champions
18119,United Kingdom,2010-12-07 11:59:00,1,181.12,388,1,2,1,4,Hibernating
18120,United Kingdom,2011-05-09 13:45:00,1,111.15,235,1,2,1,4,Hibernating
18121,United Kingdom,2011-07-13 12:53:00,2,673.1,170,2,3,3,8,At Risk
18122,United Kingdom,2011-12-01 13:08:00,6,1826.21,29,5,5,4,14,Champions
18123,United Kingdom,2011-11-15 14:23:00,2,589.44,45,4,3,3,10,Loyal Customers
18125,United Kingdom,2011-11-10 12:29:00,4,1142.99,50,4,4,4,12,Champions
18126,United Kingdom,2011-10-10 12:19:00,1,206.83,81,3,2,1,6,Needs Attention
18127,United Kingdom,2011-11-20 14:05:00,3,348.73,40,4,4,2,10,Loyal Customers
18129,United Kingdom,2011-04-10 14:16:00,1,112.55,264,1,2,1,4,Hibernating
18130,United Kingdom,2011-11-24 14:40:00,3,1059.39,36,4,4,4,12,Champions
18133,United Kingdom,2011-05-11 14:14:00,1,931.5,233,1,2,3,6,Hibernating
18135,United Kingdom,2011-11-10 19:32:00,5,681.91,50,4,4,3,11,Loyal Customers
18136,United Kingdom,2011-10-07 15:40:00,3,784.33,84,3,4,3,10,Loyal Customers
18138,United Kingdom,2011-02-17 14:51:00,1,152.65,316,1,2,1,4,Hibernating
18139,United Kingdom,2011-11-22 10:44:00,6,8438.34,38,4,5,5,14,Champions
18142,United Kingdom,2011-07-05 13:19:00,2,1019.52,178,2,3,4,9,At Risk
18143,United Kingdom,2011-08-15 12:07:00,2,1000.16,137,2,3,4,9,At Risk
18144,United Kingdom,2011-12-02 12:46:00,12,2888.75,28,5,5,5,15,Champions
18145,United Kingdom,2011-11-27 11:22:00,4,2861.55,33,5,4,5,14,Champions
18146,United Kingdom,2011-07-22 12:08:00,2,160.35,161,2,3,1,6,At Risk
18147,United Kingdom,2011-10-25 11:46:00,2,179.34,66,3,3,1,7,Loyal Customers
18149,United Kingdom,2011-10-20 12:04:00,3,612.08,71,3,4,3,10,Loyal Customers
18150,United Kingdom,2011-11-07 16:49:00,3,566.58,53,4,4,3,11,Loyal Customers
18151,United Kingdom,2011-07-28 11:35:00,2,653.35,155,2,3,3,8,At Risk
18154,United Kingdom,2011-12-06 16:41:00,2,399.19,24,5,3,2,10,Loyal Customers
18155,United Kingdom,2011-09-25 13:32:00,3,371.62,96,2,4,2,8,At Risk
18156,United Kingdom,2011-11-27 12:24:00,2,734.94,33,5,3,3,11,Loyal Customers
18158,United Kingdom,2011-11-30 16:19:00,2,453.4,30,5,3,2,10,Loyal Customers
18159,United Kingdom,2011-02-11 14:26:00,1,530.15,322,1,2,3,6,Hibernating
18160,United Kingdom,2011-10-13 15:50:00,2,638.06,78,3,3,3,9,Loyal Customers
18161,United Kingdom,2011-11-24 16:40:00,5,1618.69,36,4,4,4,12,Champions
18164,United Kingdom,2011-11-02 12:56:00,1,399.65,58,3,2,2,7,Needs Attention
18165,United Kingdom,2011-06-15 13:23:00,1,302.46,198,2,2,2,6,Hibernating
18167,United Kingdom,2011-11-16 15:56:00,3,1384.86,44,4,4,4,12,Champions
18168,United Kingdom,2011-06-16 19:21:00,6,1169.94,197,2,5,4,11,At Risk
18169,United Kingdom,2011-10-10 12:18:00,1,202.65,81,3,2,1,6,Needs Attention
18170,United Kingdom,2011-11-06 14:35:00,3,980.31,54,3,4,4,11,Loyal Customers
18171,United Kingdom,2011-10-12 09:13:00,5,1231.31,79,3,4,4,11,Loyal Customers
18172,United Kingdom,2011-11-25 11:12:00,20,7561.68,35,4,5,5,14,Champions
18173,United Kingdom,2011-09-14 11:26:00,4,2106.84,107,2,4,5,11,At Risk
18174,United Kingdom,2011-12-02 16:56:00,1,104.0,28,5,2,1,8,New Customers
18176,United Kingdom,2010-12-16 15:45:00,1,476.35,379,1,2,2,5,Hibernating
18177,United Kingdom,2011-11-08 14:44:00,6,1341.42,52,4,5,4,13,Champions
18178,United Kingdom,2011-08-03 09:30:00,4,1590.81,149,2,4,4,10,At Risk
18179,United Kingdom,2011-11-30 16:23:00,6,1793.17,30,5,5,4,14,Champions
18180,United Kingdom,2011-12-05 08:39:00,6,1843.75,25,5,5,4,14,Champions
18181,United Kingdom,2011-11-15 15:08:00,1,382.8,45,4,2,2,8,New Customers
18183,United Kingdom,2011-04-26 15:26:00,2,632.07,248,1,3,3,7,At Risk
18184,United Kingdom,2011-11-24 15:28:00,1,49.8,36,4,2,1,7,New Customers
18185,United Kingdom,2011-04-04 13:42:00,1,304.25,270,1,2,2,5,Hibernating
18188,United Kingdom,2011-11-24 16:46:00,3,2001.04,36,4,4,4,12,Champions
18189,United Kingdom,2011-09-23 12:40:00,2,1090.24,98,2,3,4,9,At Risk
18190,United Kingdom,2011-05-31 14:48:00,2,284.46,213,1,3,2,6,At Risk
18191,United Kingdom,2011-03-23 12:08:00,1,207.8,282,1,2,1,4,Hibernating
18192,United Kingdom,2011-09-29 09:53:00,1,957.97,92,3,2,4,9,Potential Loyalists
18193,United Kingdom,2011-06-27 13:58:00,1,243.76,186,2,2,1,5,Hibernating
18194,United Kingdom,2011-09-18 13:29:00,1,973.84,103,2,2,4,8,Hibernating
18196,United Kingdom,2011-09-05 16:22:00,2,689.13,116,2,3,3,8,At Risk
18198,United Kingdom,2011-12-05 14:49:00,17,5425.56,25,5,5,5,15,Champions
18200,United Kingdom,2011-08-25 18:45:00,1,163.8,127,2,2,1,5,Hibernating
18202,United Kingdom,2011-05-24 12:12:00,3,1396.99,220,1,4,4,9,At Risk
18203,United Kingdom,2011-07-05 13:07:00,1,160.42,178,2,2,1,5,Hibernating
18204,United Kingdom,2011-09-29 16:44:00,3,1993.7,92,3,4,4,11,Loyal Customers
18205,United Kingdom,2011-11-03 13:22:00,2,517.36,57,3,3,3,9,Loyal Customers
18209,United Kingdom,2011-11-11 12:07:00,1,139.1,49,4,2,1,7,New Customers
18210,United Kingdom,2011-12-08 11:02:00,6,2621.38,22,5,5,5,15,Champions
18211,United Kingdom,2011-11-14 08:10:00,5,600.07,46,4,4,3,11,Loyal Customers
18212,United Kingdom,2011-01-17 16:14:00,1,248.42,347,1,2,1,4,Hibernating
18213,United Kingdom,2011-04-17 10:21:00,1,232.48,257,1,2,1,4,Hibernating
18215,United Kingdom,2011-09-11 16:05:00,1,299.34,110,2,2,2,6,Hibernating
18216,United Kingdom,2011-11-08 16:55:00,1,481.75,52,4,2,2,8,New Customers
18217,United Kingdom,2011-11-10 13:18:00,2,621.75,50,4,3,3,10,Loyal Customers
18218,United Kingdom,2011-05-12 12:53:00,2,662.08,232,1,3,3,7,At Risk
18219,United Kingdom,2011-12-07 11:43:00,10,2069.77,23,5,5,5,15,Champions
18220,United Kingdom,2011-04-27 09:03:00,1,305.28,247,1,2,2,5,Hibernating
18221,United Kingdom,2011-11-17 14:40:00,5,1041.61,43,4,4,4,12,Champions
18222,United Kingdom,2011-09-08 10:45:00,1,443.0,113,2,2,2,6,Hibernating
18223,United Kingdom,2011-12-05 09:11:00,14,6484.54,25,5,5,5,15,Champions
18224,United Kingdom,2011-03-21 10:30:00,1,158.95,284,1,2,1,4,Hibernating
18225,United Kingdom,2011-12-06 13:27:00,12,5509.12,24,5,5,5,15,Champions
18226,United Kingdom,2011-10-26 13:36:00,11,5228.05,65,3,5,5,13,Loyal Customers
18227,United Kingdom,2011-05-06 12:23:00,1,93.75,238,1,2,1,4,Hibernating
18228,United Kingdom,2011-10-14 09:21:00,2,779.9,77,3,3,3,9,Loyal Customers
18229,United Kingdom,2011-11-28 09:48:00,20,7276.9,32,5,5,5,15,Champions
18230,United Kingdom,2011-11-30 13:22:00,7,2810.2,30,5,5,5,15,Champions
18231,United Kingdom,2011-05-31 14:18:00,5,2083.27,213,1,4,5,10,At Risk
18232,United Kingdom,2011-09-19 11:49:00,4,592.97,102,2,4,3,9,At Risk
18233,United Kingdom,2011-01-18 08:44:00,1,440.0,346,1,2,2,5,Hibernating
18235,United Kingdom,2011-09-29 08:27:00,3,1796.48,92,3,4,4,11,Loyal Customers
18236,United Kingdom,2011-11-10 08:06:00,6,882.24,50,4,5,3,12,Loyal Customers
18237,United Kingdom,2011-12-07 12:49:00,5,987.1,23,5,4,4,13,Champions
18239,United Kingdom,2011-05-05 12:38:00,5,1561.61,239,1,4,4,9,At Risk
18240,United Kingdom,2011-10-24 13:06:00,1,422.58,67,3,2,2,7,Needs Attention
18241,United Kingdom,2011-11-30 12:10:00,17,2073.09,30,5,5,5,15,Champions
18242,United Kingdom,2011-09-28 13:43:00,4,2232.49,93,2,4,5,11,At Risk
18245,United Kingdom,2011-12-02 14:48:00,7,2567.06,28,5,5,5,15,Champions
18246,United Kingdom,2011-11-16 11:49:00,2,596.1,44,4,3,3,10,Loyal Customers
18248,United Kingdom,2011-08-09 10:19:00,2,804.02,143,2,3,3,8,At Risk
18249,United Kingdom,2011-11-22 15:07:00,1,95.34,38,4,2,1,7,New Customers
18250,United Kingdom,2011-02-02 13:16:00,1,349.27,331,1,2,2,5,Hibernating
18251,United Kingdom,2011-09-13 15:03:00,1,4314.72,108,2,2,5,9,Hibernating
18252,United Kingdom,2011-10-20 12:43:00,2,526.67,71,3,3,3,9,Loyal Customers
18255,United Kingdom,2011-09-11 13:16:00,1,103.3,110,2,2,1,5,Hibernating
18257,United Kingdom,2011-10-31 14:48:00,8,2337.63,60,3,5,5,13,Loyal Customers
18259,United Kingdom,2011-11-15 12:34:00,3,2338.6,45,4,4,5,13,Champions
18260,United Kingdom,2011-06-20 12:37:00,6,2643.2,193,2,5,5,12,At Risk
18261,United Kingdom,2011-10-27 15:36:00,2,324.24,64,3,3,2,8,Loyal Customers
18262,United Kingdom,2011-07-22 16:04:00,1,149.48,161,2,2,1,5,Hibernating
18263,United Kingdom,2011-11-14 09:00:00,3,1213.16,46,4,4,4,12,Champions
18265,United Kingdom,2011-09-28 14:10:00,2,801.51,93,2,3,3,8,At Risk
18268,United Kingdom,2011-07-28 19:13:00,1,25.5,155,2,2,1,5,Hibernating
18269,United Kingdom,2010-12-08 13:53:00,1,168.6,387,1,2,1,4,Hibernating
18270,United Kingdom,2011-11-01 13:57:00,2,283.15,59,3,3,2,8,Loyal Customers
18272,United Kingdom,2011-12-07 12:43:00,6,3078.58,23,5,5,5,15,Champions
18273,United Kingdom,2011-12-07 13:16:00,3,204.0,23,5,4,1,10,Loyal Customers
18274,United Kingdom,2011-11-09 17:03:00,1,175.92,51,4,2,1,7,New Customers
18276,United Kingdom,2011-10-27 10:54:00,1,335.86,64,3,2,2,7,Needs Attention
18277,United Kingdom,2011-10-12 15:22:00,1,110.38,79,3,2,1,6,Needs Attention
18278,United Kingdom,2011-09-27 11:58:00,1,173.9,94,2,2,1,5,Hibernating
18280,United Kingdom,2011-03-07 09:52:00,1,180.6,298,1,2,1,4,Hibernating
18281,United Kingdom,2011-06-12 10:53:00,1,80.82,201,1,2,1,4,Hibernating
18282,United Kingdom,2011-12-02 11:43:00,2,178.05,28,5,3,1,9,Loyal Customers
18283,United Kingdom,2011-12-06 12:02:00,16,2094.88,24,5,5,5,15,Champions
18287,United Kingdom,2011-10-28 09:29:00,3,1837.28,63,3,4,4,11,Loyal Customers
